:1000000000000220C1940200E9940200EB94020077
:10001000ED940200EF940200F19402000000000051
:10002000000000000000000000000000E54F02009A
:10003000F59402000000000005500200F99402004F
:10004000E9BF0200FB94020001690200556203004F
:10005000FB940200FB94020031590200FB94020061
:10006000FB940200FB940200FB940200B55C0200CA
:10007000FB940200F1C10200FB940200FB94020019
:1000800089660200454C0200FB940200FB940200CA
:10009000FB940200FB940200FB940200FB9402001C
:1000A000FB940200FB940200FB940200FB9402000C
:1000B000FB940200FB94020000000000000000001E
:1000C000FB940200FB940200FB94020065620300B3
:1000D000C55C0200FB940200052B0000B57702000E
:1000E000FB9402000000000000000000000000007F
:1000F00000000000FB940200000000007562030095
:1001000000000000000000000000000000000000EF
:1001100000000000000000000000000000000000DF
:1001200000000000000000000000000000000000CF
:1001300000000000000000000000000000000000BF
:1001400000000000000000000000000000000000AF
:10015000000000000000000000000000000000009F
:10016000000000000000000000000000000000008F
:10017000000000000000000000000000000000007F
:10018000000000000000000000000000000000006F
:10019000000000000000000000000000000000005F
:1001A000000000000000000000000000000000004F
:1001B000000000000000000000000000000000003F
:1001C000000000000000000000000000000000002F
:1001D000000000000000000000000000000000001F
:1001E000000000000000000000000000000000000F
:1001F00000000000000000000000000000000000FF
:1002000021BD03000200000015380000353B00004E
:100210001D3D0000A138000000000000FD3200007C
:100220001D3600000000000000000000000000007B
:1002300000000000000000000000000000000000BE
:1002400000000000000000000000000000000000AE
:10025000000000000000000000000000000000009E
:10026000000000000000000000000000000000008E
:10027000000000000000000000000000000000007E
:10028000000000000000000000000000000000006E
:10029000000000000000000000000000000000005E
:1002A000000000000000000000000000000000004E
:1002B000000000000000000000000000000000003E
:1002C000000000000000000000000000000000002E
:1002D000000000000000000000000000000000001E
:1002E000000000000000000000000000000000000E
:1002F00000000000000000000000000000000000FE
:1003000000000000000000000000000000000000ED
:1003100000000000000000000000000000000000DD
:1003200000000000000000000000000000000000CD
:1003300000000000000000000000000000000000BD
:1003400000000000000000000000000000000000AD
:10035000000000000000000000000000000000009D
:10036000000000000000000000000000000000008D
:10037000000000000000000000000000000000007D
:10038000000000000000000000000000000000006D
:10039000000000000000000000000000000000005D
:1003A000000000000000000000000000000000004D
:1003B000000000000000000000000000000000003D
:1003C000000000000000000000000000000000002D
:1003D000000000000000000000000000000000001D
:1003E000000000000000000000000000000000000D
:1003F00000000000000000000000000000000000FD
:1004000000000000000000000000000000000000EC
:1004100000000000000000000000000000000000DC
:1004200000000000000000000000000000000000CC
:1004300000000000000000000000000000000000BC
:1004400000000000000000000000000000000000AC
:10045000000000000000000000000000000000009C
:10046000000000000000000000000000000000008C
:10047000000000000000000000000000000000007C
:10048000000000000000000000000000000000006C
:10049000000000000000000000000000000000005C
:1004A000000000000000000000000000000000004C
:1004B000000000000000000000000000000000003C
:1004C000000000000000000000000000000000002C
:1004D000000000000000000000000000000000001C
:1004E000000000000000000000000000000000000C
:1004F00000000000000000000000000000000000FC
:1005000000000000000000000000000000000000EB
:1005100000000000000000000000000000000000DB
:1005200000000000000000000000000000000000CB
:1005300000000000000000000000000000000000BB
:1005400000000000000000000000000000000000AB
:10055000000000000000000000000000000000009B
:10056000000000000000000000000000000000008B
:10057000000000000000000000000000000000007B
:10058000000000000000000000000000000000006B
:10059000000000000000000000000000000000005B
:1005A000000000000000000000000000000000004B
:1005B000000000000000000000000000000000003B
:1005C000000000000000000000000000000000002B
:1005D000000000000000000000000000000000001B
:1005E000000000000000000000000000000000000B
:1005F00000000000000000000000000000000000FB
:1006000000000000000000000000000000000000EA
:1006100000000000000000000000000000000000DA
:1006200000000000000000000000000000000000CA
:1006300000000000000000000000000000000000BA
:1006400000000000000000000000000000000000AA
:10065000000000000000000000000000000000009A
:10066000000000000000000000000000000000008A
:10067000000000000000000000000000000000007A
:10068000000000000000000000000000000000006A
:10069000000000000000000000000000000000005A
:1006A000000000000000000000000000000000004A
:1006B000000000000000000000000000000000003A
:1006C000000000000000000000000000000000002A
:1006D000000000000000000000000000000000001A
:1006E000000000000000000000000000000000000A
:1006F00000000000000000000000000000000000FA
:1007000000000000000000000000000000000000E9
:1007100000000000000000000000000000000000D9
:1007200000000000000000000000000000000000C9
:1007300000000000000000000000000000000000B9
:1007400000000000000000000000000000000000A9
:100750000000000000000000000000000000000099
:100760000000000000000000000000000000000089
:100770000000000000000000000000000000000079
:100780000000000000000000000000000000000069
:100790000000000000000000000000000000000059
:1007A0000000000000000000000000000000000049
:1007B0000000000000000000000000000000000039
:1007C0000000000000000000000000000000000029
:1007D0000000000000000000000000000000000019
:1007E0000000000000000000000000000000000009
:1007F00000000000000000000000000000000000F9
:1008000000000000000000000000000000000000E8
:1008100000000000000000000000000000000000D8
:1008200000000000000000000000000000000000C8
:1008300000000000000000000000000000000000B8
:1008400000000000000000000000000000000000A8
:100850000000000000000000000000000000000098
:100860000000000000000000000000000000000088
:100870000000000000000000000000000000000078
:100880000000000000000000000000000000000068
:100890000000000000000000000000000000000058
:1008A0000000000000000000000000000000000048
:1008B0000000000000000000000000000000000038
:1008C0000000000000000000000000000000000028
:1008D0000000000000000000000000000000000018
:1008E0000000000000000000000000000000000008
:1008F00000000000000000000000000000000000F8
:1009000000000000000000000000000000000000E7
:1009100000000000000000000000000000000000D7
:1009200000000000000000000000000000000000C7
:1009300000000000000000000000000000000000B7
:1009400000000000000000000000000000000000A7
:100950000000000000000000000000000000000097
:100960000000000000000000000000000000000087
:100970000000000000000000000000000000000077
:100980000000000000000000000000000000000067
:100990000000000000000000000000000000000057
:1009A0000000000000000000000000000000000047
:1009B0000000000000000000000000000000000037
:1009C0000000000000000000000000000000000027
:1009D0000000000000000000000000000000000017
:1009E0000000000000000000000000000000000007
:1009F00000000000000000000000000000000000F7
:100A000000000000000000000000000000000000E6
:100A100000000000000000000000000000000000D6
:100A200000000000000000000000000000000000C6
:100A300000000000000000000000000000000000B6
:100A400000000000000000000000000000000000A6
:100A50000000000000000000000000000000000096
:100A60000000000000000000000000000000000086
:100A70000000000000000000000000000000000076
:100A80000000000000000000000000000000000066
:100A90000000000000000000000000000000000056
:100AA0000000000000000000000000000000000046
:100AB0000000000000000000000000000000000036
:100AC0000000000000000000000000000000000026
:100AD0000000000000000000000000000000000016
:100AE0000000000000000000000000000000000006
:100AF00000000000000000000000000000000000F6
:100B000000000000000000000000000000000000E5
:100B100000000000000000000000000000000000D5
:100B200000000000000000000000000000000000C5
:100B300000000000000000000000000000000000B5
:100B400000000000000000000000000000000000A5
:100B50000000000000000000000000000000000095
:100B60000000000000000000000000000000000085
:100B70000000000000000000000000000000000075
:100B80000000000000000000000000000000000065
:100B90000000000000000000000000000000000055
:100BA0000000000000000000000000000000000045
:100BB0000000000000000000000000000000000035
:100BC0000000000000000000000000000000000025
:100BD0000000000000000000000000000000000015
:100BE0000000000000000000000000000000000005
:100BF00000000000000000000000000000000000F5
:100C000000000000000000000000000000000000E4
:100C100000000000000000000000000000000000D4
:100C200000000000000000000000000000000000C4
:100C300000000000000000000000000000000000B4
:100C400000000000000000000000000000000000A4
:100C50000000000000000000000000000000000094
:100C60000000000000000000000000000000000084
:100C70000000000000000000000000000000000074
:100C80000000000000000000000000000000000064
:100C90000000000000000000000000000000000054
:100CA0000000000000000000000000000000000044
:100CB0000000000000000000000000000000000034
:100CC0000000000000000000000000000000000024
:100CD0000000000000000000000000000000000014
:100CE0000000000000000000000000000000000004
:100CF00000000000000000000000000000000000F4
:100D000000000000000000000000000000000000E3
:100D100000000000000000000000000000000000D3
:100D200000000000000000000000000000000000C3
:100D300000000000000000000000000000000000B3
:100D400000000000000000000000000000000000A3
:100D50000000000000000000000000000000000093
:100D60000000000000000000000000000000000083
:100D70000000000000000000000000000000000073
:100D80000000000000000000000000000000000063
:100D90000000000000000000000000000000000053
:100DA0000000000000000000000000000000000043
:100DB0000000000000000000000000000000000033
:100DC0000000000000000000000000000000000023
:100DD0000000000000000000000000000000000013
:100DE0000000000000000000000000000000000003
:100DF00000000000000000000000000000000000F3
:100E000000000000000000000000000000000000E2
:100E100000000000000000000000000000000000D2
:100E200000000000000000000000000000000000C2
:100E300000000000000000000000000000000000B2
:100E400000000000000000000000000000000000A2
:100E50000000000000000000000000000000000092
:100E60000000000000000000000000000000000082
:100E70000000000000000000000000000000000072
:100E80000000000000000000000000000000000062
:100E90000000000000000000000000000000000052
:100EA0000000000000000000000000000000000042
:100EB0000000000000000000000000000000000032
:100EC0000000000000000000000000000000000022
:100ED0000000000000000000000000000000000012
:100EE0000000000000000000000000000000000002
:100EF00000000000000000000000000000000000F2
:100F000000000000000000000000000000000000E1
:100F100000000000000000000000000000000000D1
:100F200000000000000000000000000000000000C1
:100F300000000000000000000000000000000000B1
:100F400000000000000000000000000000000000A1
:100F50000000000000000000000000000000000091
:100F60000000000000000000000000000000000081
:100F70000000000000000000000000000000000071
:100F80000000000000000000000000000000000061
:100F90000000000000000000000000000000000051
:100FA0000000000000000000000000000000000041
:100FB0000000000000000000000000000000000031
:100FC0000000000000000000000000000000000021
:100FD0000000000000000000000000000000000011
:100FE0000000000000000000000000000000000001
:100FF00000000000000000000000000000000000F1
:1010000000000000000000000000000000000000E0
:1010100000000000000000000000000000000000D0
:1010200000000000000000000000000000000000C0
:1010300000000000000000000000000000000000B0
:1010400000000000000000000000000000000000A0
:101050000000000000000000000000000000000090
:101060000000000000000000000000000000000080
:101070000000000000000000000000000000000070
:101080000000000000000000000000000000000060
:101090000000000000000000000000000000000050
:1010A0000000000000000000000000000000000040
:1010B0000000000000000000000000000000000030
:1010C0000000000000000000000000000000000020
:1010D0000000000000000000000000000000000010
:1010E0000000000000000000000000000000000000
:1010F00000000000000000000000000000000000F0
:1011000000000000000000000000000000000000DF
:1011100000000000000000000000000000000000CF
:1011200000000000000000000000000000000000BF
:1011300000000000000000000000000000000000AF
:10114000000000000000000000000000000000009F
:10115000000000000000000000000000000000008F
:10116000000000000000000000000000000000007F
:10117000000000000000000000000000000000006F
:10118000000000000000000000000000000000005F
:10119000000000000000000000000000000000004F
:1011A000000000000000000000000000000000003F
:1011B000000000000000000000000000000000002F
:1011C000000000000000000000000000000000001F
:1011D000000000000000000000000000000000000F
:1011E00000000000000000000000000000000000FF
:1011F00000000000000000000000000000000000EF
:1012000000000000000000000000000000000000DE
:1012100000000000000000000000000000000000CE
:1012200000000000000000000000000000000000BE
:1012300000000000000000000000000000000000AE
:10124000000000000000000000000000000000009E
:10125000000000000000000000000000000000008E
:10126000000000000000000000000000000000007E
:10127000000000000000000000000000000000006E
:10128000000000000000000000000000000000005E
:10129000000000000000000000000000000000004E
:1012A000000000000000000000000000000000003E
:1012B000000000000000000000000000000000002E
:1012C000000000000000000000000000000000001E
:1012D000000000000000000000000000000000000E
:1012E00000000000000000000000000000000000FE
:1012F00000000000000000000000000000000000EE
:1013000000000000000000000000000000000000DD
:1013100000000000000000000000000000000000CD
:1013200000000000000000000000000000000000BD
:1013300000000000000000000000000000000000AD
:10134000000000000000000000000000000000009D
:10135000000000000000000000000000000000008D
:10136000000000000000000000000000000000007D
:10137000000000000000000000000000000000006D
:10138000000000000000000000000000000000005D
:10139000000000000000000000000000000000004D
:1013A000000000000000000000000000000000003D
:1013B000000000000000000000000000000000002D
:1013C000000000000000000000000000000000001D
:1013D000000000000000000000000000000000000D
:1013E00000000000000000000000000000000000FD
:1013F00000000000000000000000000000000000ED
:1014000000000000000000000000000000000000DC
:1014100000000000000000000000000000000000CC
:1014200000000000000000000000000000000000BC
:1014300000000000000000000000000000000000AC
:10144000000000000000000000000000000000009C
:10145000000000000000000000000000000000008C
:10146000000000000000000000000000000000007C
:10147000000000000000000000000000000000006C
:10148000000000000000000000000000000000005C
:10149000000000000000000000000000000000004C
:1014A000000000000000000000000000000000003C
:1014B000000000000000000000000000000000002C
:1014C000000000000000000000000000000000001C
:1014D000000000000000000000000000000000000C
:1014E00000000000000000000000000000000000FC
:1014F00000000000000000000000000000000000EC
:1015000000000000000000000000000000000000DB
:1015100000000000000000000000000000000000CB
:1015200000000000000000000000000000000000BB
:1015300000000000000000000000000000000000AB
:10154000000000000000000000000000000000009B
:10155000000000000000000000000000000000008B
:10156000000000000000000000000000000000007B
:10157000000000000000000000000000000000006B
:10158000000000000000000000000000000000005B
:10159000000000000000000000000000000000004B
:1015A000000000000000000000000000000000003B
:1015B000000000000000000000000000000000002B
:1015C000000000000000000000000000000000001B
:1015D000000000000000000000000000000000000B
:1015E00000000000000000000000000000000000FB
:1015F00000000000000000000000000000000000EB
:1016000000000000000000000000000000000000DA
:1016100000000000000000000000000000000000CA
:1016200000000000000000000000000000000000BA
:1016300000000000000000000000000000000000AA
:10164000000000000000000000000000000000009A
:10165000000000000000000000000000000000008A
:10166000000000000000000000000000000000007A
:10167000000000000000000000000000000000006A
:10168000000000000000000000000000000000005A
:10169000000000000000000000000000000000004A
:1016A000000000000000000000000000000000003A
:1016B000000000000000000000000000000000002A
:1016C000000000000000000000000000000000001A
:1016D000000000000000000000000000000000000A
:1016E00000000000000000000000000000000000FA
:1016F00000000000000000000000000000000000EA
:1017000000000000000000000000000000000000D9
:1017100000000000000000000000000000000000C9
:1017200000000000000000000000000000000000B9
:1017300000000000000000000000000000000000A9
:101740000000000000000000000000000000000099
:101750000000000000000000000000000000000089
:101760000000000000000000000000000000000079
:101770000000000000000000000000000000000069
:101780000000000000000000000000000000000059
:101790000000000000000000000000000000000049
:1017A0000000000000000000000000000000000039
:1017B0000000000000000000000000000000000029
:1017C0000000000000000000000000000000000019
:1017D0000000000000000000000000000000000009
:1017E00000000000000000000000000000000000F9
:1017F00000000000000000000000000000000000E9
:1018000000000000000000000000000000000000D8
:1018100000000000000000000000000000000000C8
:1018200000000000000000000000000000000000B8
:1018300000000000000000000000000000000000A8
:101840000000000000000000000000000000000098
:101850000000000000000000000000000000000088
:101860000000000000000000000000000000000078
:101870000000000000000000000000000000000068
:101880000000000000000000000000000000000058
:101890000000000000000000000000000000000048
:1018A0000000000000000000000000000000000038
:1018B0000000000000000000000000000000000028
:1018C0000000000000000000000000000000000018
:1018D0000000000000000000000000000000000008
:1018E00000000000000000000000000000000000F8
:1018F00000000000000000000000000000000000E8
:1019000000000000000000000000000000000000D7
:1019100000000000000000000000000000000000C7
:1019200000000000000000000000000000000000B7
:1019300000000000000000000000000000000000A7
:101940000000000000000000000000000000000097
:101950000000000000000000000000000000000087
:101960000000000000000000000000000000000077
:101970000000000000000000000000000000000067
:101980000000000000000000000000000000000057
:101990000000000000000000000000000000000047
:1019A0000000000000000000000000000000000037
:1019B0000000000000000000000000000000000027
:1019C0000000000000000000000000000000000017
:1019D0000000000000000000000000000000000007
:1019E00000000000000000000000000000000000F7
:1019F00000000000000000000000000000000000E7
:101A000000000000000000000000000000000000D6
:101A100000000000000000000000000000000000C6
:101A200000000000000000000000000000000000B6
:101A300000000000000000000000000000000000A6
:101A40000000000000000000000000000000000096
:101A50000000000000000000000000000000000086
:101A60000000000000000000000000000000000076
:101A70000000000000000000000000000000000066
:101A80000000000000000000000000000000000056
:101A90000000000000000000000000000000000046
:101AA0000000000000000000000000000000000036
:101AB0000000000000000000000000000000000026
:101AC0000000000000000000000000000000000016
:101AD0000000000000000000000000000000000006
:101AE00000000000000000000000000000000000F6
:101AF00000000000000000000000000000000000E6
:101B000000000000000000000000000000000000D5
:101B100000000000000000000000000000000000C5
:101B200000000000000000000000000000000000B5
:101B300000000000000000000000000000000000A5
:101B40000000000000000000000000000000000095
:101B50000000000000000000000000000000000085
:101B60000000000000000000000000000000000075
:101B70000000000000000000000000000000000065
:101B80000000000000000000000000000000000055
:101B90000000000000000000000000000000000045
:101BA0000000000000000000000000000000000035
:101BB0000000000000000000000000000000000025
:101BC0000000000000000000000000000000000015
:101BD0000000000000000000000000000000000005
:101BE00000000000000000000000000000000000F5
:101BF00000000000000000000000000000000000E5
:101C000000000000000000000000000000000000D4
:101C100000000000000000000000000000000000C4
:101C200000000000000000000000000000000000B4
:101C300000000000000000000000000000000000A4
:101C40000000000000000000000000000000000094
:101C50000000000000000000000000000000000084
:101C60000000000000000000000000000000000074
:101C70000000000000000000000000000000000064
:101C80000000000000000000000000000000000054
:101C90000000000000000000000000000000000044
:101CA0000000000000000000000000000000000034
:101CB0000000000000000000000000000000000024
:101CC0000000000000000000000000000000000014
:101CD0000000000000000000000000000000000004
:101CE00000000000000000000000000000000000F4
:101CF00000000000000000000000000000000000E4
:101D000000000000000000000000000000000000D3
:101D100000000000000000000000000000000000C3
:101D200000000000000000000000000000000000B3
:101D300000000000000000000000000000000000A3
:101D40000000000000000000000000000000000093
:101D50000000000000000000000000000000000083
:101D60000000000000000000000000000000000073
:101D70000000000000000000000000000000000063
:101D80000000000000000000000000000000000053
:101D90000000000000000000000000000000000043
:101DA0000000000000000000000000000000000033
:101DB0000000000000000000000000000000000023
:101DC0000000000000000000000000000000000013
:101DD0000000000000000000000000000000000003
:101DE00000000000000000000000000000000000F3
:101DF00000000000000000000000000000000000E3
:101E000000000000000000000000000000000000D2
:101E100000000000000000000000000000000000C2
:101E200000000000000000000000000000000000B2
:101E300000000000000000000000000000000000A2
:101E40000000000000000000000000000000000092
:101E50000000000000000000000000000000000082
:101E60000000000000000000000000000000000072
:101E70000000000000000000000000000000000062
:101E80000000000000000000000000000000000052
:101E90000000000000000000000000000000000042
:101EA0000000000000000000000000000000000032
:101EB0000000000000000000000000000000000022
:101EC0000000000000000000000000000000000012
:101ED0000000000000000000000000000000000002
:101EE00000000000000000000000000000000000F2
:101EF00000000000000000000000000000000000E2
:101F000000000000000000000000000000000000D1
:101F100000000000000000000000000000000000C1
:101F200000000000000000000000000000000000B1
:101F300000000000000000000000000000000000A1
:101F40000000000000000000000000000000000091
:101F50000000000000000000000000000000000081
:101F60000000000000000000000000000000000071
:101F70000000000000000000000000000000000061
:101F80000000000000000000000000000000000051
:101F90000000000000000000000000000000000041
:101FA0000000000000000000000000000000000031
:101FB0000000000000000000000000000000000021
:101FC0000000000000000000000000000000000011
:101FD0000000000000000000000000000000000001
:101FE00000000000000000000000000000000000F1
:101FF00000000000000000000000000000000000E1
:1020000010B5054C237833B9044B13B10448AFF332
:1020100000800123237010BD78080020000000001C
:10202000DCF1030008B5034B1BB103490348AFF3D0
:10203000008008BD000000007C080020DCF10300E7
:10204000A3F5803A704700BF174B002B08BF134B16
:102050009D46FFF7F5FF00218B460F461348144AB3
:10206000121A1DF003FF0E4B002B00D098470D4BAA
:10207000002B00D098470020002104000D000D48DF
:10208000002802D00C48AFF300801DF05DFE200058
:10209000290000F013F81DF031FE00BF0000080019
:1020A000000000000000000000000220780800206E
:1020B0009CA30120000000000000000008B500F013
:1020C0009FF901F0C5FA00F0A5F901F0BDF901F0A2
:1020D00061F9054801F0B0FA01F0A8FA8368002020
:1020E000984701F005F9FEE700020000704738B597
:1020F0008AB204460D460146002000F0DDF82A0CA5
:1021000021460120BDE8384000F0D6B8F7B50126D9
:10211000324601A91F208DF8026000F065FD0446DB
:10212000002840F08380019DB5F5003F4FEA154738
:102130007FD20146324600F089F8324631463046B9
:1021400000F084F8B74269D1C5F30725B54265D1DF
:10215000394B019301990520FFF7C9FF012201A91D
:102160001C2000F041FD044600285FD101990920A0
:10217000FFF7BDFF012201A9112000F035FD044643
:10218000002853D1019A052100F0C2F80446002826
:102190004CD1012201A9132000F026FD044600289D
:1021A00044D1019A092100F0B3F8044600283DD13A
:1021B000012201A91E2000F017FD0446002835D198
:1021C000019B03F07F038DF801302BB101221B48E6
:1021D0000DEB02010AF062FF012201A9182000F0B4
:1021E00003FD044610BB019B8BB11B0C01220DF1BA
:1021F000030113488DF803300AF050FF019B11488A
:102200008DF8033001220DF103010AF047FF01228E
:102210000DF102010C480AF041FF07E0012201A97B
:102220001A2000F0E1FC0446002893D0204603B0B9
:10223000F0BD6FF00B04F9E7EE3FEE3F6CB8030022
:1022400076B8030088B803009AB80300F0B58BB0E5
:1022500005AC8DF80620164A8DF80710034602F1EA
:102260001007264610685168254603C50832BA4251
:102270002C46F7D10F4C1278616820682A7002AAA8
:1022800003C2218911802BB13033DBB28DF81730B6
:102290008DF80B300DF10701012230460AF0FEFEE9
:1022A00001220DF1060102A80AF0F8FE0BB0F0BD04
:1022B000B4B80300C5B80300F0B589B0134B019260
:1022C00003AA05460C4603F1100C17461868596816
:1022D000164603C6083363453246F7D119889B7802
:1022E0003180B370019BA3F57A5330353034B3F5A8
:1022F0007A7F8DF80F508DF8134005D804220DEB2E
:10230000020138460AF0CAFE09B0F0BDCFB803009A
:10231000F0B5254B8DB003AC06468C4603F1200E7C
:10232000254618685968274603C7083373453C4655
:10233000F7D119889B78BB70A2F10133B3F1FD3F4F
:1023400039802CD8D3B2C2F30721994229D1C2F3E4
:1023500007438B4225D1B3EB126F4FEA126120D1B4
:102360000CF1300330360DF1070260468DF80F6036
:102370008DF8133004F0ACFC044668B99DF80720D2
:10238000130443EA0223134343EA026302A904222B
:10239000284602930AF082FE20460DB0F0BD0024CC
:1023A000FAE76FF00A04F7E7E2B803004FF0A04342
:1023B00007B50C22C3F83C270F4B40F20112C3F8BB
:1023C000402522F0F3FF28B1852803D001210846DB
:1023D00000F02EFA24F000FA4FF08042D2F81834C0
:1023E000DB03FBD5054B1B6801934EF6602003B061
:1023F0005DF804EB184700BF00E0014014B903008A
:1024000008B500F035FB032022F063FEBDE808406C
:10241000FFF7CCBF08B5074B07481B68984700F08B
:102420007FFF10B1044800F07BF9BDE808400020B0
:1024300000F082BB00BA0300DD33000048F21953FC
:10244000984222DC48F20253984205DC002814BF6F
:102450006FF0040000207047A0F5054003381628EF
:1024600010D8DFE800F00C220F0F0F0F0F0F0F0F27
:102470000F0F0F2828282828250F282825006FF05F
:10248000110070476FF00400704748F250539842B3
:1024900011D0A0F50540D4BF41386038032834BFBF
:1024A0006FF00A006FF0040070476FF0050070478E
:1024B0006FF0100070476FF00A00704708B5064BC8
:1024C0001A783AB901221A7027F0BCF9BDE8084021
:1024D000FFF7B4BF002008BDC809002008B5054BB0
:1024E000187828B127F0CAF9BDE80840FFF7A6BF61
:1024F00008BD00BFC809002007B504210DEB01008D
:1025000027F030FB019803B05DF804FB10B588B0EC
:1025100007ACCDE903340023CDE901120792009303
:10252000054903460222054827F044F908B0BDE8F2
:102530001040FFF783BF00BF0CE8030094080020A1
:1025400010B588B007ACCDE903340023CDE9011202
:1025500007920093054903460222054827F02AF90D
:1025600008B0BDE81040FFF769BF00BF30E80300C6
:102570009408002010B5044627F0C0F92046BDE8B5
:10258000104000F073BD000037B505464C200191A6
:1025900000F02EFD044660B1019A074927F096F934
:1025A00020B103B0BDE83040FFF748BF2C6003B056
:1025B00030BD6FF01000FAE778E8030030B589B05D
:1025C000CDE900239DF840500C9C06950F9DCDE968
:1025D00004450D9D0A46CDE902450D23012127F052
:1025E000A3F909B0BDE83040FFF728BF30B587B088
:1025F0000D9D0A9C04950C9DCDE902450B9DCDE9EE
:102600000045FFF7DBFF07B030BD30B589B0CDE93D
:1026100000239DF840500C9C06950F9DCDE9044584
:102620000D9D0A46CDE902450D23002127F07CF9D6
:1026300009B0BDE83040FFF701BF30B587B00D9D50
:102640000A9C04950C9DCDE902450B9DCDE9004502
:10265000FFF7DBFF07B030BD70B505464FF4A4703F
:102660000C46164600F0C4FC78B1214600F59A737A
:1026700004F1100251F8044B43F8044B9142F9D194
:1026800080F844612860002070BD6FF01000FBE707
:1026900000F0ECBC30B589B007ADCDE90335CDE92C
:1026A000011200230093079200F59A7390F84421D9
:1026B000034927F07FF8FFF7C1FE09B030BD00BF26
:1026C00054E80300024A136801331360704700BFE7
:1026D000CC090020014B187824F046B8C909002025
:1026E0001FB50C4A044607CA01AB83E807000A4934
:1026F0000294184623F0DEFF08B122F011FE0748CD
:1027000024F012F808B122F00BFE23F0FFFF04B012
:1027100010BD00BF08B90300C5260000C90900208C
:1027200070B5154D06460FCD8AB004AC0FC495E8C0
:10273000030084E803002EB9104B114A11485021C0
:102740001DF0BAFA104B11491E60114801234FF4D5
:10275000007200F081FF0F4B0F4A00934FF400739B
:10276000CDE9022301930D4A0623694604A822F00D
:1027700041FD0AB070BD00BF78B903001CB9030069
:1027800090B9030025B90300E40F0020E40D0020F8
:10279000D40D0020D1090020D10B0020FD2700001E
:1027A00070B506460D460024A54201DC002070BD30
:1027B000305D22F08DFD08B90134F5E71B20F6E706
:1027C00007B50DF1070022F06DFD18B9084B1A7816
:1027D0001AB1187003B05DF804FB9DF807100548A6
:1027E00000F096FF044B03481B689847F2E700BFD0
:1027F000D0090020D40D0020E40F002003785A1ED9
:10280000012A03D83721002000F012B80BB9FFF7D6
:10281000D7BF704738B5054D044645F001054FF464
:102820007A40A847013CFAD138BD00BFA0B90300E7
:10283000144B2DE9F047DFF850A0197005460C46FF
:102840004FF0A0480DB9BDE8F0872646002EF9D01C
:1028500003279AF800004FF0100923F085FF642049
:10286000C8F80C95FFF7D6FFC8F808956420FFF765
:10287000D1FF013FEDD14FF47A70FFF7CBFF013E5E
:10288000E4E700BFE80F0020C9090020024B1878D8
:1028900080F00100704700BF7410002070470000F6
:1028A00070B50446032938D8DFE801F00234142C4F
:1028B000204D204626F0C1FD81B21F4800F00EFFDA
:1028C00040211D4800F0E6FE014638BB1B4B1C4A68
:1028D00067210EE01B4B002201201A7022F0C2FB80
:1028E0004021154800F0D6FE014628B9134B144A82
:1028F000522115481DF0E0F9BDE870400D48402216
:1029000026F0A0BD0F4B0022BDE8704001201A70D8
:1029100022F0BCBB0B4B00221A7070BD402228462F
:1029200026F090FD0028C4D0084B03481B68BDE882
:102930007040184740BA030078140020A6B903007D
:1029400026BA030074100020AFB9030088140020D9
:1029500008B5064B0A46012119700146044826F0C5
:102960004BFDB0FA80F0400908BD00BF7410002094
:1029700040BA030008B528B9134B144A1448C521BE
:102980001DF09AF9134B144918604FF480621348F4
:10299000402300F061FE25F0D7FF114B11480022C3
:1029A0001A7025F09BF908B122F0BAFC0E4825F008
:1029B00037FA08B122F0B4FC25F0FCF918B1BDE8F3
:1029C000084022F0ADBC08BD1CB9030018BA0300D2
:1029D000AFB903008814002075100020781400207F
:1029E0007410002064BA030040BA0300023808B52E
:1029F0000D283CD8DFE800F0070C3B3B3B3B17279A
:102A00002E3B3B3B1132BDE80840002022F03EBB8C
:102A1000BDE80840002022F025BB25F0E5F9BDE81F
:102A2000084022F047BB24F003FC00BB22F046FD27
:102A300028B122F02FFD22F041FD0028FBD1BDE896
:102A4000084025F0CFB925F0E1F9BDE808400020A5
:102A500022F0F6BCBDE8084025F0C8B925F06EFFAD
:102A6000052804D1BDE80840032000F0B5BE08BD2C
:102A70004FF08053D3F830210D2A36D1D3F83431BA
:102A8000022B34D81B4AD35C002B0CBFFF225A22E6
:102A90004FF01023D3F80832DBB2934229D0164905
:102AA0000123C1F80435D1F80034002BFBD04FF0DE
:102AB0001020D0F8083223F0FF031343C0F8083287
:102AC0000D4A0023C1F80435D2F80034002BFBD0A6
:102AD000BFF34F8F09490A4BCA6802F4E0621343FF
:102AE000CB60BFF34F8F00BFFDE7FF22D0E75A2234
:102AF000CEE7704770BA030000E0014000ED00E04F
:102B00000400FA05044B9A6BF1EE103A136C23F0B3
:102B10009F031364704700BF00EF00E0054AD2E94D
:102B200000316FF07F401B1841F10001C2E9003114
:102B3000704700BF9014002008B5084A08490948AA
:102B400023F002F840B9074823F03CF8BDE80840FC
:102B50000448012123F09EB808BD00BFB92C000035
:102B600074BA030008000020094B0A4A1B68D3F816
:102B70000415094BD3E900030918A1FB020143F135
:102B8000000302FB0311C00B40EA4140C90B704730
:102B90000800002040420F009014002038B50F4B71
:102BA0001A680D46D2F80415D2F804359942FBD0C4
:102BB0000B49D1E900240B499B1844F10002A3FB07
:102BC000013401FB0244DB0B43EA4443E40BC0E95C
:102BD000003432F027FD286038BD00BF0800002017
:102BE0009014002040420F002DE9F8430646894624
:102BF00017460AB37F2822D81318802B1FD800F05D
:102C000019FB804600F0C0F8054648B100F098F87E
:102C1000044628B1404600F012FB2046BDE8F88388
:102C20003A464946B0B232F0CFFE1DB100F074F81A
:102C30000446EFE72C46EDE76FF00A04EDE76FF08E
:102C40000804EAE7074930B50023142404FB03F520
:102C5000DAB26D5C854203D00133042BF6D11A46FB
:102C6000104630BD9814002010B5094B00211A46BB
:102C70005C78844201D11C7C34B90131042903F110
:102C80001403F5D1002010BD142000FB0120FAE749
:102C900098140020074A00231046117C31B10133FB
:102CA000042B02F11402F8D100207047142202FB19
:102CB0000300704798140020052813B504D102B012
:102CC000BDE81040FFF72ABF0190FFF7BBFF0328C4
:102CD0001CD80F4B142404FB0034D4E9013098476E
:102CE000637C01990B4863B10368D3F80425E3685A
:102CF0001A4422F07F42012302B0BDE8104022F0C6
:102D000087BF02B0BDE8104022F068BF02B010BD1E
:102D1000981400201000002038B5084D00F08AFA01
:102D20002B78044623B9022032F0E0FC01232B70FB
:102D3000204600F084FA002038BD00BF18000020B3
:102D400038B50F4D00F076FA2B7804469BB14FF45E
:102D5000A0610C4800F042F84FF4C87000F0B6FAD9
:102D60004FF41061074800F039F84FF4FA7000F0A2
:102D7000ADFA00232B70204600F061FA002038BD28
:102D80001800002028000020014B1878704700BF71
:102D90001800002070B5084C064600252368B34291
:102DA00003D163680BB1A06898470435182D04F16E
:102DB0001004F3D170BD00BFE81400201F2886BFA7
:102DC00000F01F00044B4FF0A04300F5E07053F8F3
:102DD000200000F00100704700030050D0E90032ED
:102DE00003F01F0370B543EA421369B91F2B86BF76
:102DF00003F01F031A4A4FF0A04203F5E0730221CB
:102E000042F82310002070BD480754BFC1F3C0042E
:102E1000032411F400650CBF00260326C1F3002231
:102E20001F2B88BF03F01F0342EA420242EA8402DA
:102E30008CBF0B484FF0A04003F5E07442EA062235
:102E400040F824201DB101229A40C0F808254A0507
:102E500042BF012202FA03F3C0F80C35D2E700BFEB
:102E600000030050D0E9000300F01F0040EA4313C4
:102E700089B11F2B8ABF094A4FF0A04203F01F03FC
:102E8000D2F81005D84010F001001DBF012300202A
:102E90000B70087070476FF00A0070470003005015
:102EA00037B5D0E9005305F01F050C4645EA431538
:102EB00022F006FC78B114F4805313D12F4A52F853
:102EC00023108D4217D12846FFF778FF012818D12B
:102ED0006FF00A000DE022F0ADFB0028EBD06FF0A0
:102EE000050006E0284622F0C3FC284622F0E2FC5A
:102EF000002003B030BD0433182BE0D16FF0180070
:102F0000F7E714F4F83FE3D004F4C033B3F5803F9F
:102F10002FD0B3F5C03F07D0B3F5004FD8D1184B31
:102F2000B3F803205B7902E0154B1A889B78ADF863
:102F300004208DF80630019BADF8003022074FEADF
:102F400013438DF8023044BF01238DF8013063072D
:102F500048BF03230B4A48BF8DF801306946284615
:102F600022F0B8FB0028C9D10121284622F032FC0A
:102F7000BEE7034BDA881B7AD9E700BFE8140020CC
:102F80007ABA0300952D000070B5D0E9004304F033
:102F90001F0444EA43142046FFF710FF012822D003
:102FA000124B00200501EE58B44207D12B449A6021
:102FB0000122C3E900411A73002016E001300628FF
:102FC000F0D10A4D00202E7B16B903EB0013EEE77B
:102FD0000130062805F11005F5D1204622F048FC05
:102FE0006FF0180001E06FF00A0070BDE8140020D7
:102FF00010B5044608B9002010BD083000F021F9D2
:103000000028F8D000230370044A054B4480436035
:1030100013681B1B13600830EEE700BF5800002048
:10302000ADDEADDE414338B50C4602D10023184673
:1030300038BD01F1080000F004F905460028F5D07C
:1030400000F108032246002118461CF00FFF002261
:103050002A70044A6A60044A6C801168091B03469E
:103060001160E4E7ADDEADDE5800002010B508B316
:103070000828A0F1080318D010F8082C0E49586849
:10308000884205D00D4B0E4A34210E481CF014FE28
:10309000022A03D90C4B0A4A3521F6E70B485C8813
:1030A00050F82210214440F82210BDE81040184684
:1030B00000F0C9B80346F8E7ADDEADDE83BA030021
:1030C0006FBB03009ABA0300F8BA0300580000204F
:1030D00070B50C4658B130F8066C10F8085CA0F1D9
:1030E0000803A21B3CB9FFF7C1FF002070BD0346D7
:1030F00006460546F5E7022D05D9154B154A492127
:1031000015481CF0D9FD3BB158681449884203D0DA
:10311000134B104A4A21F3E7002A04DB114951F806
:1031200025108A42E1D804F10801184600F08DF814
:103130000028DAD0094B43600A4B44800570341BE9
:1031400053F82560344443F825400830CEE700BFEB
:10315000F8BA030066BB03009ABA0300ADDEADDE29
:1031600014BB03005800002070B50C46054608B992
:10317000002070BD022905D90D4B0E4A0E48602172
:103180001CF09AFD0D4E56F821308342F0D30830E2
:1031900000F057F80028EBD0094B458004704360DD
:1031A00056F824305B1B46F824300830E1E700BFB6
:1031B00033BB030058BB03009ABA03005800002039
:1031C000ADDEADDE4143F8B515460C4602D1002315
:1031D0001846F8BD022A05D9114B124A1248772128
:1031E0001CF06AFD114F57F822308B42EFD301F1EA
:1031F000080000F026F806460028E8D000F1080391
:103200002246002118461CF031FE094A74803570B0
:10321000726057F82510091B47F825100346D7E7B9
:1032200033BB03004ABB03009ABA030058000020D6
:10323000ADDEADDE08B521F0F1FC002008BD21F0C7
:10324000F7BC21F0D1BD21F04BBE70B50C4606464F
:1032500028B9C1B1BDE87040084621F0C5BD91B1A3
:10326000084621F0C1FD054658B156F8042C083A2D
:10327000A24228BF224631461CF0EAFD304621F02A
:103280002FFE284670BD2546FBE7000008B520F05C
:1032900027FF044B002158434FF47A73B0FBF3F03F
:1032A00008BD00BF40420F0013B5074C23782BB96F
:1032B000019024F0E9FB01230198237002B0BDE8DE
:1032C000104024F0FFBB00BF4815002013B5074C89
:1032D00023782BB9019024F0D7FB012301982370A8
:1032E00002B0BDE8104024F0E1BB00BF481500204B
:1032F00008B520F0B3FE002008BD000030B5064D33
:10330000064C0FCD0FC40FCD0FC40FCD0FC495E8E1
:10331000070084E8070030BD78BB030038080020B0
:10332000014B93F8380070473808002030B5144D31
:103330002B6885B063B91348052208211FF043FEAE
:10334000286028B9104B114A114847211CF0B4FCE1
:1033500028684FF0FF3202A91FF0A0FE0028F7D125
:10336000029B022BF4D103990191084600F04AF91F
:10337000044600F05BF90199436920469847E7E766
:103380005C15002060150020B4BB03002FBC0300B7
:10339000C3BB030013B54FF40070FFF729FE0C4CBC
:1033A0004FF400730322CDE90032A0600346094ABE
:1033B000094800211FF0B2FF206030B938210120F8
:1033C00002B0BDE81040FFF733BA02B010BD00BF35
:1033D0004C15002027BC03002D330000074B1B6851
:1033E00007B53BB10223CDE90030054B69461868AB
:1033F0001FF02CFE03B05DF804FB00BF4C1500204D
:103400005C15002007B500230193064B064C5D6850
:10341000A847052201A920681FF065FF00F092F877
:10342000F6E700BF14B9030088150020044B1B68A1
:1034300023B1044B002118681FF04CBF704700BF38
:103440008C1500208815002007B54FF40070FFF799
:10345000CFFD4FF400720221CDE900210346114A4D
:10346000114800211FF05AFF104B186018B938217D
:103470000120FFF7DDF91FF00DFF0D4B186018B9A3
:1034800038210120FFF7D4F900F014F830B10921F8
:10349000012003B05DF804EBFFF7CAB903B05DF893
:1034A00004FB00BF38BC0300053400008C1500206D
:1034B0008815002008B51FF019FE034B1860B0FAFC
:1034C00080F0400908BD00BF98950020F8B5164E61
:1034D00004460D46306840F621311FF025FE08BB3A
:1034E00012494B888A885F1CD21BC2F30E02954298
:1034F00015DB0921FFF79CF909240BE0CA1810F825
:10350000014B94710133C3F30E032A1A002AF5DC30
:103510004B80002430681FF02BFE2046F8BD20466B
:103520002544F2E70124F8E7989500209015002043
:1035300007B5FFF7CBFF0190FFF778FF019803B0C5
:103540005DF804FB2DE9F0412A4E4FF0FF31306861
:103550001FF0EAFD00284AD1274DAF886C88E41B94
:10356000C4F30E0434B9002430681FF001FE204675
:10357000BDE8F08100F036F9032824D0402C1F4923
:10358000A0463B4628BF4FF040080022E818013211
:10359000807901F8010B01339045C3F30E03F5DC8C
:1035A000AB80FFF7BDFEA8B1402C2146134828BFD1
:1035B0004021FFF7F5F80028D5D01B210020FFF7A8
:1035C00037F91B24D0E70E4B5B6998470028D5D10B
:1035D0000124C9E70A4B09489B68414698470028DF
:1035E000C1D10B21FFF724F90B24AF80BCE70124E4
:1035F000BDE700BF98950020901500209C95002005
:1036000000BA030010B50446408930B100F00EF84E
:1036100003692046BDE81040184710BD014B024A1F
:103620001A6070477408002000020000014B1868FF
:10363000704700BF64000020034B044A002818BFF5
:1036400003461360704700BF740800206400002028
:10365000002028F0ADBE000008B528B9094B0A4A81
:1036600016210A481CF028FB19B9094B064A1721F4
:10367000F7E7828000220160C28082608281C3817C
:1036800008BD00BF60BC030014BD030065BC03009F
:10369000B9BC030010B528B90D4B0E4A0E482C21B9
:1036A0001CF00AFB82884489C388D31A121B8489C0
:1036B000121B91429BB209DCC2899A4282BF83816C
:1036C0000023C380C3880068184410BD0020FCE7B5
:1036D00060BC0300FEBC030065BC030010B528B944
:1036E000084B094A094841211CF0E6FAC388828840
:1036F0000B44B3FBF2F402FB1433C3804389194437
:10370000418110BD60BC0300E9BC030065BC03003F
:1037100038B50D46044628B9084B094A09484821DE
:103720001CF0CAFA0121FFF7B5FF28B1057001218D
:103730002046FFF7D3FF012038BD00BF60BC030067
:10374000D6BC030065BC03002DE9F0410B460446DE
:1037500028B91D4B1D4A67211D481CF0ADFA19B947
:103760001C4B1A4A6821F7E745890DB3954228BFDB
:10377000154686890289B0F8048001681644B6B2FD
:10378000A8EB0607BFB2BD42114414D918463A4609
:103790001CF05EFB2E442168EA1B38441CF058FBE9
:1037A000A6EB08060023A381268163895B1B638146
:1037B0002846BDE8F08118462A461CF049FB2389BB
:1037C0002B442381F1E700BF60BC0300C7BC0300AA
:1037D00065BC0300C2BC0300014B1870704700BFFA
:1037E000DC950020014B1878704700BFDC95002065
:1037F00008B501F11000FFF7FBFB38B100F1100331
:10380000436040F2031383810023038108BD08460F
:10381000FFF72CBC1FB5104B039000224FF4C05093
:103820001A72FFF7E5FB0D4C4FF4C0520321CDE9AE
:1038300000210346A0600A4A03990A481FF06EFD62
:10384000206030B93821012004B0BDE81040FEF7F7
:10385000EFBF04B010BD00BF8898002094980020EE
:1038600021BD03007D3A0000024B01221A72024A78
:103870001A60704788980020ACBD03000020704794
:1038800008B505490B7A33B9FFF7EEFF0348BDE8E9
:10389000084013F0E8B908BD88980020E49500209E
:1038A00007B50223CDE90031FFF7EAFF034B694674
:1038B00018681FF0CBFB03B05DF804FBA498002050
:1038C00070B5534D86B0284600F088FB04460028AA
:1038D00040F0908002464F49281D13F084F90446B9
:1038E000002840F087804C49281DFFF7BDFF13F0EA
:1038F000BAF9281D13F0CFFB28462C4650F8701B50
:103900001CF0A8F9294605F1400051F8042B14F0E9
:103910004DFF05F51F7654F8742B291D304613F022
:103920005DFECDE900462A46A6F50F7152F8043B2C
:1039300005F178001AF0B6F9044600285AD1286833
:1039400002A900F023FD0446002853D104981FF07B
:10395000D3FD012851D1D5F8983083F838002F4B8A
:1039600000962A68A3F1700103F5B8701CF02AF8DC
:10397000044600283ED1296829481CF00BF9284943
:10398000009423462A6801F1CC0015F02FFD04466F
:1039900080BB23492A6801F5247015F07DFF044699
:1039A00040BB02461F49204814F035FFDDE90220E4
:1039B0001E49050E40F20113CD73050C0B800D74EA
:1039C000059B8874050A100EC874100C08758A755A
:1039D000100A1A0ECA751A0C0A761A0A48754A761F
:1039E0008B761148049B4D7434228C70C1F82F30B3
:1039F00014F016FF204606B070BD022804D1D5F899
:103A0000983083F83840AAE76FF01104F2E700BF5E
:103A1000E0950020A0BD0300889800205496002067
:103A2000E49500206800002020960020D098002017
:103A300010B50C4C236863B90B48052208211FF010
:103A4000C2FA206028B9094B094A0A48B5211CF07E
:103A500033F9094B0022DA6000F066F9BDE8104046
:103A6000FFF72EBFA4980020A898002025BD0300D2
:103A70008EBD030033BD03009498002037B5FFF7D7
:103A8000D7FF114B114C124D00221A72E36833B16B
:103A90000223E360E368022B11D003B030BD286835
:103AA0004FF0FF3269461FF0F9FA0028EED1009B73
:103AB000022BEBD10199044800F0B0F8E6E70120B1
:103AC000FFF7F2FBE6E700BF8898002094980020FB
:103AD000A498002070B5164C04F178001AF0D0F8C4
:103AE00004F5F2701BF0E2FF1CF066F804F1D00060
:103AF00015F0B6FC04F51F7013F0CFFD264604F157
:103B0000400014F087FE25460022114656F8700B3F
:103B100000F0A4FA55F8041B30461CF09BF8284628
:103B200013F0C8F82068BDE8704000F069BA00BF23
:103B3000E095002008B507481FF0B0FC064813F0D8
:103B4000B9F8064B00221A72FFF7C4FFBDE808401F
:103B500000F014B994980020E49500208898002083
:103B600008B5FFF7B7FFFFF7ABFEB0FA80F04009EA
:103B700008BD000008B5FFF7F3FFBDE808400146A7
:103B8000014814F050BE00BF2096002041607047ED
:103B900038B50B4D2968044639B1406808B18368CF
:103BA00043B912F0F9FF00232B60064A002313806B
:103BB000636038BD99421A68F5D01346F0E700BF3C
:103BC000089900200C990020F8B50B4F0646706844
:103BD00013F01AFA054600B9F8BD2C462189606831
:103BE0007B6898472468002CF8D1706822462946E3
:103BF00013F074FAEBE700BFF807002010B5054C8E
:103C00004068216812F0C8FF034A00232360138034
:103C100010BD00BF089900200C9900202DE9F04745
:103C20004D89394EDFF8EC80074689460DB92846A4
:103C300060E032684AB1B8F80020032A10D933682E
:103C40005B68DC780434A41A0CE0786840F2031155
:103C500012F096FF30600028EDD16FF0100049E0BF
:103C6000C2F10404AC42A8BF2C46FFF7E3FA326865
:103C7000B8F800305168A4B219442246824648463A
:103C8000FFF762FD281A85B25046FFF7D8FA31686F
:103C9000B8F800204B68DB78224492B204339A4291
:103CA000A8F800200AD10A81786813F0C8F8174AEA
:103CB00000233360A8F800301370B7E7002AB5D0AE
:103CC000124CDFF854A02378B3B11EF029FFDAE9D3
:103CD0000032C01A0E4B61EB02014FF0000A834222
:103CE0007AEB01030CDA3846FFF788FF84F800A06E
:103CF0006FF00A00BDE8F0871EF012FFCAE900016C
:103D00000123237092E700BF089900200499002046
:103D1000A08601000C9900201099002040890038ED
:103D200018BF01207047000010B51FF079F8044655
:103D300030B10D4B0D485B6815219847204610BDEA
:103D40000B4809F063FA044620B1074B09485B6849
:103D50001521F2E702F088FE04460028EED0024B5F
:103D600005485B681021E8E7F8070020B8BD0300AC
:103D700000000020CEBD0300E4BD030008B502F042
:103D8000AAFA09F065FABDE808401FF023B82DE94A
:103D9000F041E2B004460E4617460021F02226A864
:103DA0001CF064F8602200210EA81CF05FF8A568E2
:103DB0001C2235F8048B002168461CF057F80023BC
:103DC000A8F104080394ADF81C3107AC48930E2207
:103DD00040F20D1326A96846CDE90155CDF81080B3
:103DE0004694ADF8243102F001F9A0B90423ADF8EE
:103DF0007C3040F209132090ADF88430ADF88C008F
:103E000024900D2305220EA920461E972296ADF878
:103E1000943002F0EBF862B0BDE8F08170B5B0B15B
:103E2000A9B1002200F158050C2606FB02F42B5D17
:103E30003BB9086020440A71012280F858201846D6
:103E400070BD01320A2AF0D16FF00500F8E76FF07B
:103E50000A00F5E768B10279092A0DD850210C2330
:103E600013FB02130168CA180020C850506090600C
:103E700070476FF00A0070476FF01600704710B57A
:103E80000C4600F1D8010120FFF7CCF858B104230B
:103E900003764FF40873C36200F1D803C36000F1E6
:103EA00018030361846310BDFFF7E0B8014B18608D
:103EB0000020704718990020024A002343641360D1
:103EC000704700BF18990020034610B45A6C08468A
:103ED0003AB1D4682CB1986C002223465DF8044BAB
:103EE00018475DF8044B02F031B8436C23B19B686E
:103EF00013B1806C002118477047034610B45A6C08
:103F000008463AB114682CB1986C012223465DF83A
:103F1000044B18475DF8044B02F018B8084B10B476
:103F20001C68636C3BB11B682BB101460022A06C7E
:103F30005DF8044B18475DF8044B02F007B800BF6A
:103F400018990020C36B0BB1006C18477047000034
:103F5000F8B50E4B1B68DB6C05460C4683B1C36C91
:103F60008E6818461C22002136F8047B1BF07EFF69
:103F7000EB6C043FC0E901660761DC600020F8BD1E
:103F8000084601F0E3FF6FF00A00F8E718990020F7
:103F900070B50139092988B0164617D80C2404FBDE
:103FA0000104636DABB16A4601A93046FFF7EFFE2D
:103FB000054688B9636D0099206D01AA984716B12E
:103FC000304601F0C3FF284608B070BD6FF01605FB
:103FD000F5E76FF00605F2E70025F0E710B50446B7
:103FE00007F023F940B900F0E7FE28B901F0ACFA78
:103FF00010B9024B1B68236010BD00BF1899002048
:1040000008B501F0A7FA00F0DDFEBDE8084007F0B2
:1040100017B910B1836B5B681847704710B5044639
:1040200040B1FFF7F6FF40B9A36B20469B68BDE89F
:10403000104018476FF0080010BD0020FCE710B5D5
:10404000044640B1FFF7E5FF20B1A36B2046DB68D3
:104050009847002010BD6FF00800FBE708B1C0E9E9
:104060000F12704708B1C0E91121704710B551B166
:104070000379092B0AD800680C2404FB0303C3E965
:104080001421002010BD6FF00A00FBE76FF016004E
:10409000F8E718B1836B49B29B6B18476FF00800C3
:1040A000704770B50D460446114660B1436C1BB1B4
:1040B0005B680BB1806C9847A36B294620465B690F
:1040C000BDE8704018476FF0080070BD704770473A
:1040D00008B100F07BBA6FF00800704708B100F03B
:1040E00088BA6FF00800704708B100F095BA6FF019
:1040F0000800704710B51C4640B1029B00F0A6FABC
:104100000028AABF206000B2002010BD6FF0080098
:10411000FBE708B530B12AB100F0B2FA00EAE0706E
:1041200000B208BD6FF00800FBE708B528B100F049
:10413000C3FA00EAE07000B208BD6FF00800FBE7C8
:1041400070B50D461646044640B1836BCAB2DB69B2
:104150000421984708B9C4E9345670BD6FF00800CF
:10416000FBE738B1D0F8D0300B60D0F8D430136012
:10417000002070476FF00800704708461FF017B81E
:104180001FF018B808461FF01AB808461FF014B8F8
:104190001FB538B1836B04221B6A6946984705B086
:1041A0005DF804FB6FF00800F9E71FB548B1836BB9
:1041B000ADF80A101B6A01226946984705B05DF800
:1041C00004FB6FF00800F9E71FB548B1CDE9002303
:1041D000836B02221B6A6946984705B05DF804FBB1
:1041E0006FF00800F9E710B1836BDB6B18476FF0D5
:1041F0000800704718B102B1526800F05BB96FF067
:104200000800704708B518B100F06EFA002008BD2C
:104210006FF00800FBE718B102B1526800F062B914
:104220006FF00800704710B4019C30B104B16468AD
:1042300001945DF8044B00F06DB96FF008005DF873
:10424000044B704710B4019C30B104B16468019410
:104250005DF8044B00F07CB96FF008005DF8044B8A
:10426000704770B588B004460D9DC8B10DB1287E69
:10427000C8B90E9800790130002607900F98E064C5
:10428000CDE9056605B16D6805A8CDE901500C982A
:104290000090204600F07AF90023E36408B070BD76
:1042A0006FF00800FAE76FF00400F7E710B5044676
:1042B00020B1C06801F04AFE0023E36010BD000099
:1042C00008289FBF044B1E2202FB0030417794BF99
:1042D00000206FF00A0070477C00002008B100F059
:1042E00048BA6FF00A00704718B1C0E932120020D6
:1042F00070476FF00A00704710B50C468CB0B8B12B
:10430000694600F002FA88B9039B6360029B236050
:10431000059BE360049BA360079B6361069B23618D
:10432000099BE361089BA3610A9B23620CB010BD4B
:104330006FF00A00FAE710B50C4660B1FEF7A6FF71
:104340004FF47A730A46A0FB030103FB0211C4E990
:104350000001002010BD6FF00A00FBE76FF01100B4
:10436000704708B100F022BA6FF00800704713B52B
:104370000C4640B101A900F0E2F910B9BDF80430D3
:10438000238002B010BD6FF00800FAE71FB50C469D
:1043900068B1694600F00DFA38B9DDE90023C4E9D7
:1043A0000023029BA360039BE36004B010BD6FF089
:1043B0000800FAE70020704770470000024B1860C1
:1043C0000620998102F010BE289900202DE9F041C5
:1043D0000B4688B005461446002951D02B4E92F862
:1043E00000E03768E7B12A4A1268824218D1294AA8
:1043F0001278724512D82270394618461BF028FDF3
:1044000024783846FEF732FE00218C42316019DBF9
:10441000284608B0BDE8F041FFF7D0BF1E4CF0E7DA
:104420001E4A6F4602F120083E4610685168BC469D
:10443000ACE80300083242456746F6D1BEF11F0FD3
:104440000DD8154CC4F17F4404F57F0404F56F4486
:10445000FA34102C17D8124B33F91410D8E7202255
:1044600022702ABA3446079208AE224603CAB242E4
:1044700018605960144603F10803F6D10021C7E71C
:104480006FF00A01C4E76FF0A201C1E72099002094
:104490001C99002024990020F8EFFFFFF5BD0300D0
:1044A00016BE0300024BB3F90C20196806F08AB857
:1044B0002899002037B5C56801920C46D5F8D80078
:1044C0004FF0FF311EF030FE2146019A00232846AE
:1044D00005F006FD0446D5F8D8001EF049FE20463A
:1044E00003B030BD37B5C56801920C46D5F8D80089
:1044F0004FF0FF311EF018FE2146019A0023284696
:1045000005F07AFD0446D5F8D8001EF031FE2046AD
:1045100003B030BD30B5C56885B00C46D5F8D800BD
:104520004FF0FF31CDE902321EF0FEFD0021019176
:1045300008990091DDE902322146284605F0E5FCA4
:104540000446D5F8D8001EF013FE204605B030BD55
:1045500030B5C56885B00C46D5F8D8004FF0FF31AE
:10456000CDE902321EF0E0FD002101910899009191
:10457000DDE902322146284605F054FD0446D5F80F
:10458000D8001EF0F5FD204605B030BD30B5C56839
:1045900087B00C46D5F8D8004FF0FF31CDE9043292
:1045A0001EF0C2FD0C9902910B9901910A9900919C
:1045B000DDE904322146284605F045FD0446D5F8DC
:1045C000D8001EF0D5FD204607B030BD38B5C46810
:1045D0004FF0FF31D4F8D8001EF0A6FD236E204620
:1045E000DB6E98470546D4F8D8001EF0C1FD28467A
:1045F00038BD38B5C4684FF0FF31D4F8D8001EF08C
:1046000093FD236E20461B6F98470546D4F8D800CB
:104610001EF0AEFD284638BD73B5C4680D46D4F80B
:10462000D8004FF0FF31CDE900321EF07DFD216E44
:10463000DDE900324E6F20462946B0470546D4F8E2
:10464000D8001EF095FD284602B070BD73B5C46851
:104650000D46D4F8D8004FF0FF31CDE900321EF0FE
:1046600063FD216EDDE900328E6F20462946B0479A
:104670000546D4F8D8001EF07BFD284602B070BD78
:1046800037B5C5680192D5F8D8000C464FF0FF3118
:104690001EF04AFD2B6EDB6F5BB12146019A284666
:1046A00098470446D5F8D8001EF062FD204603B0B6
:1046B00030BD6FF01104F5E738B5C5684FF0FF3134
:1046C000D5F8D8001EF030FD2B6ED3F8803043B102
:1046D000284698470446D5F8D8001EF049FD2046E4
:1046E00038BD6FF01104F6E710B5C4684FF0FF3124
:1046F000D4F8D8001EF018FD204605F0EFFBD4F8E2
:10470000D800BDE810401EF033BD38B5C5680C4672
:10471000D5F8D8004FF0FF311EF006FD2B6ED3F810
:104720008C304BB12146284698470446D5F8D8002E
:104730001EF01EFD204638BD6FF01104F6E738B5B7
:10474000C5680C46D5F8D8004FF0FF311EF0ECFCE0
:104750002B6ED3F890304BB121462846984704463B
:10476000D5F8D8001EF004FD204638BD6FF01104C6
:10477000F6E737B5C5680192D5F8D8000C464FF07A
:10478000FF311EF0D1FC2B6ED3F894305BB1214683
:10479000019A284698470446D5F8D8001EF0E8FC50
:1047A000204603B030BD6FF01104F5E76FF0110043
:1047B000704738B5C5680C46D5F8D8004FF0FF31C2
:1047C0001EF0B2FC2B6ED3F8A0304BB12146284628
:1047D00098470446D5F8D8001EF0CAFC204638BDDC
:1047E0006FF01104F6E7037D033B022B0BD8C3687F
:1047F000D3F8A8303BB1D0F8CC21934214BF0020AD
:104800006FF01200704700207047C368D0F8941012
:10481000586906F0A9BC037D033B022B01D90CF0BB
:1048200044B8002070470CF03DB8F8B5C4680323C5
:104830000E460546237609F006FE05F590732364BF
:1048400073682362B368E063636228460AF087FCFA
:104850003146284604F118070CF021F808B100236E
:1048600023763846F8BD0CF013B8037D033B022BCA
:1048700007D8C368D3F8A8301BB1D0F8CC21934235
:1048800001D00BF0F8BF70470BF084BB0AF0FCBC02
:104890000AF025BD08B5C068B8300AF0C3FD002095
:1048A00008BD0AF076B913460A4619460AF034B92B
:1048B0000AF0AEB900231A4609F0C7BA2DE9F34150
:1048C0000C46D0E90E5607464FF0021801AB042201
:1048D00001212046CDF8048009F0B7FA10B16FF03D
:1048E0000E0027E201AB042202212046CDF804800D
:1048F00009F0ABFA0028F2D1012201AB03212046D6
:104900008DF8042009F0A1FA0028E8D104212046FE
:10491000FFF7D0FF0028E2D107212046FFF7CAFFAA
:104920000028DCD108212046FFF7C4FF0028D6D19B
:1049300009212046FFF7BEFF0028D0D10A212046DA
:10494000FFF7B8FF0028CAD10B212046FFF7B2FFBE
:104950000028C4D114212046FFF7ACFF0028BED1A7
:1049600015212046FFF7A6FF0028B8D118212046C0
:10497000FFF7A0FF0028B2D117212046FFF79AFFCA
:104980000028ACD119212046FFF794FF0028A6D1BA
:104990001A212046FFF78EFF0028A0D11B212046B8
:1049A000FFF788FF00289AD11C212046FFF782FFDD
:1049B000002894D113212046FFF77CFF00288ED1D8
:1049C00008230193042201AB2221204609F03DFA7D
:1049D000002884D124212046FFF76CFF00287FF4B3
:1049E0007EAF26212046FFF765FF00287FF477AFD2
:1049F00027212046FFF75EFF00287FF470AF2821B3
:104A00002046FFF757FF00287FF469AF3B6C1B6916
:104A10001A7803EB82032B215B68ADF80430022285
:104A200001AB204609F011FA00287FF458AF024686
:104A300006F00C0313430DD02D212046FFF73AFF5B
:104A400000287FF44CAF2E212046FFF733FF0028CB
:104A50007FF445AF05F0A0020023134340F06D81C1
:104A600005F4A0720023134306D030212046FFF73F
:104A700021FF00287FF433AF05F004020023134325
:104A800006D031212046FFF715FF00287FF427AF1D
:104A900005F008020023134306D032212046FFF719
:104AA00009FF00287FF41BAF05F400220023134305
:104AB00006D034212046FFF7FDFE00287FF40FAF1B
:104AC00005F400120023134306D033212046FFF7DC
:104AD000F1FE00287FF403AF05F0005200231343DA
:104AE00006D035212046FFF7E5FE00287FF4F7AE1B
:104AF00005F080420023134306D036212046FFF7FD
:104B0000D9FE00287FF4EBAE05F0004200231343EA
:104B100006D037212046FFF7CDFE00287FF4DFAE18
:104B2000002206F00103134306D038212046FFF788
:104B3000C1FE00287FF4D3AE002206F00203134327
:104B400040F003813A212046FFF7B4FE00287FF4AD
:104B5000C6AE024606F00403134340F0FE80002276
:104B600006F00803134306D03C212046FFF7A2FEBF
:104B700000287FF4B4AE002206F01003134306D0E1
:104B80003D212046FFF796FE00287FF4A8AE0022C4
:104B900006F02003134306D03E212046FFF78AFE8D
:104BA00000287FF49CAE05F020020023134306D0BA
:104BB0003F212046FFF77EFE00287FF490AE05F0EF
:104BC00040020023134306D040212046FFF772FE27
:104BD00000287FF484AE05F080020023134306D042
:104BE00041212046FFF766FE00287FF478AE05F4E9
:104BF00080720023134306D042212046FFF75AFE5D
:104C000000287FF46CAE05F480620023134306D0C5
:104C100043212046FFF74EFE00287FF460AE05F4E6
:104C200000620023134340F0A0807B6A01930422BA
:104C300001AB4621204609F008F900287FF44FAE69
:104C4000BB6A0193042201AB4721204609F0FDF81D
:104C500000287FF444AE09F0D3FCC10700F18D8039
:104C600009F0CEFC020700F1908009F0C9FCC306F0
:104C700000F1938002238DF80430012201AB4E2114
:104C8000204609F0E2F800287FF429AE4F212046A3
:104C9000FFF710FE00287FF422AE50212046FFF7D8
:104CA00009FE00287FF41BAE51212046FFF702FECB
:104CB00000287FF414AE52212046FFF7FBFD0028A8
:104CC0007FF40DAE53212046FFF7F4FD00287FF45A
:104CD00006AE54212046FFF7EDFD00287FF4FFAD1E
:104CE000024606F0400313435FD1002206F0800322
:104CF000134306D056212046FFF7DCFD00287FF441
:104D0000EEAD002206F48073134306D057212046EF
:104D1000FFF7D0FD00287FF4E2AD002206F4007317
:104D2000134306D058212046FFF7C4FD00287FF426
:104D3000D6AD002002B0BDE8F0812F212046FFF75C
:104D4000B9FD00283FF48CAEC9E539212046FFF7B4
:104D5000B1FD00283FF4F6AEC1E53B212046FFF748
:104D6000A9FD00283FF4FBAEB9E544212046FFF73A
:104D7000A1FD00283FF459AFB1E548212046FFF7D7
:104D800099FD00283FF46CAFA9E54B212046FFF7C1
:104D900091FD00283FF469AFA1E54C212046FFF7C3
:104DA00089FD00283FF466AF99E555212046FFF7BD
:104DB00081FD002899D092E5014806F0EDBE00BFC4
:104DC0008C010020014806F02FBF00BF8C0100209D
:104DD000D0F8A400406A10B1C3E900120120704766
:104DE00007B5019201AB042209F02FF803B05DF87A
:104DF00004FB00F0E1BE10B50C4611461A46052C26
:104E000016D8DFE804F0031206090C0F00F0B4FE18
:104E100010BD00F0B9FEFBE700F0B6FBF8E700F0CC
:104E2000D9FBF5E700F024FDF2E700F059FEEFE7CB
:104E30006FF00A00ECE700F0BBBE000038B54FF49D
:104E4000B87105460120FEF7EDF8044620B1034B8A
:104E50004561036000F06CFE204638BD8CBE030047
:104E600010B5044600F07EFE54B14FF4B872002134
:104E700020461AF0FBFF2046BDE81040FEF7F6B8CA
:104E800010BD2DE9F3410D461C21044609F008F838
:104E90000646A0B105F1020800272B78BB4213DCBF
:104EA0003146204608F0C2FFEB88ADF806300222FA
:104EB0000DF106032021204608F0C7FF08B16FF06E
:104EC0000C0002B0BDE8F08138F8023BADF80630C6
:104ED00002220DF106033946204608F0B6FF0028ED
:104EE000EDD10137D9E72DE9F04F90F8A830032B29
:104EF0008FB004462FD1D0F8203103B1DB6803F521
:104F000080630022CDE900326069D4F89030062237
:104F1000214609F08BF90546002800F0588294F8E4
:104F2000A8308DF8303001220CAB114608F08DFF0F
:104F300008BB0221284608F0B3FF0746D8B194F811
:104F4000A830013B042B16D8DFE813F0080022003C
:104F500098014602A5024FF48063D2E794F8F83036
:104F60008DF8303001220CAB1146284608F06DFF59
:104F7000002800F0248294F8A830032B04D1D4F840
:104F8000200108B100F0E2FF284600F0DFFF1EE23A
:104F90000023CDE90C3394F85E318DF83030D4F82D
:104FA0005031DBB19AB2C3F34E011FFA81F84FF0D2
:104FB000000990B20021CDE90289CDE9060104F58E
:104FC000A2730126089209939DF83020731E9A421D
:104FD00000F3CC80B4F85C31ADF83630B4F88A30E8
:104FE0007BB1D4F8480120B1FEF740F80023C4F8A3
:104FF0004831D4F84C0120B1FEF738F80023C4F84A
:105000004C31002301228DF82C3011460BAB284681
:1050100008F01BFF0028AED1D4F800210221284659
:10502000FFF7DEFE0028A6D1D4F80421032128468C
:10503000FFF7D6FE00289ED1D4F808210421284687
:10504000FFF7CEFE002896D1D4F80C210521284682
:10505000FFF7C6FE00288ED1D4F81021062128467D
:10506000FFF7BEFE002886D1D4F814210721284678
:10507000FFF7B6FE00287FF47EAFD4F81821082190
:105080002846FFF7ADFE00287FF475AFD4F8143141
:10509000D4F81C211A44D4F80C3109211A442846AA
:1050A000FFF79EFE00287FF466AFD4E947321A442A
:1050B000D4F814311A44D4F80C310A211A44284681
:1050C000FFF78EFE00287FF456AFD4E948321A4429
:1050D000D4F81C311A44D4F814311A44D4F80C31E1
:1050E0000B211A442846FFF77BFE00287FF443AFCC
:1050F000D4E949231344D4F820211344D4F81C21C3
:105100001344D4F814211344D4F80C210C211A446C
:105110002846FFF765FE00287FF42DAFD4F82C2138
:105120000D212846FFF75CFE00287FF424AFD4F859
:1051300030210E212846FFF753FE00287FF41BAFD5
:10514000D4F858311BB1D4F8542192FBF3F30B93EC
:1051500004220BAB1F21284608F077FE00287FF4BD
:105160000AAF0CA92846FFF78CFE01E7B4F88A20A5
:10517000012A0BD953000593089BB3EB420F05DDC1
:10518000099B53F826E0BEF1000F12D104EBC603D1
:10519000D3E94C0C0299DDE906230818039941EB89
:1051A0000C0136F03DF80CAB80B223F81600013646
:1051B0000AE74FF0000CE246E046E14663463EF85F
:1051C00013104FEA430BA9B14A4513DD1FFA89FAC0
:1051D000A2EB0A0080B2814285BFAAEB020A8A4490
:1051E0004FF0000A1FFA8AFA98BF08462EF80BA063
:1051F00081449A46C3F1780B3EF81B10A9B1424591
:1052000013DD1FFA88FCA2EB0C0080B2814285BF3F
:10521000ACEB020C8C444FF0000C1FFA8CFC98BFD6
:1052200008462EF81BC08044DC46059809EB0801AF
:105230008842D8BF79230133782BC0DD00220020BB
:105240000021E24508DD4FEA520C10EB0C004FF054
:10525000000341F10001A4E73EF81A305BB14FEAC8
:10526000CA1808F5205803FB08F810EB08001A4488
:1052700041EBE87192B20AF1010AE2E794F8F830E2
:105280008DF8303001220CAB11462846D4F820614D
:1052900008F0DBFD00287FF46EAED4F800210F216A
:1052A0002846FFF79DFD00287FF465AEB4F8043171
:1052B000ADF8303002220CAB1021284608F0C5FDB5
:1052C00000287FF458AEB4F80631ADF83030022231
:1052D0000CAB1A21284608F0B8FD00287FF44BAE2D
:1052E000B4F80C31ADF8303002220CAB1B2128464B
:1052F00008F0ABFD00287FF43EAEB4F80831ADF8FD
:10530000303002220CAB1D21284608F09EFD0028FB
:105310007FF431AEB4F80E31ADF8303002220CAB70
:105320001E21284608F091FD00287FF424AE94F851
:1053300014318DF8303001220CAB1121284608F0D1
:1053400084FD00287FF417AEB4F81231ADF8303088
:1053500002220CAB1221284608F077FD00287FF4CA
:105360000AAEB4F91E310C9304220CAB1F2128465F
:1053700008F06BFD00287FF4FEAD5EB3B389ADF895
:10538000303002220CAB1321284608F05EFD0028C5
:105390007FF4F1AD04F58B712846FFF772FD00280C
:1053A0007FF4E9AD5EB1D6E902321421284608F057
:1053B0004CFD00287FF4DFAD304600F0C7FD3946D4
:1053C000284608F033FD6069294606F09FF90FB0C2
:1053D000BDE8F08F3346D2E794F8F8308DF83030DE
:1053E00001220CAB11462846D4F88C6008F02DFD44
:1053F00000287FF4C0ADD4F8102117212846FFF70C
:10540000EFFC00287FF4B7ADB4F81431ADF83030BC
:1054100002220CAB1821284608F017FD00287FF463
:10542000AAADD4F8082115212846FFF7D9FC002899
:105430007FF4A1ADB4F80C31ADF8303002220CABE2
:105440001621284608F001FD00287FF494AD04F5EC
:1054500080712846FFF715FD00287FF48CADB4F964
:1054600016310C9304220CAB1F21284608F0EDFCEA
:1054700000287FF480ADF368ADF8303002220CAB29
:105480001321284608F0E1FC00287FF474ADD6E92A
:105490000232142169E594F8F8308DF83030012299
:1054A0000CAB1146284608F0D0FC00287FF463AD11
:1054B000D4F8102119212846FFF792FC00287FF428
:1054C0005AADB4F81431ADF8303002220CAB1A21C9
:1054D000284608F0BAFC00287FF44DADB4F81A3124
:1054E000ADF8303002220CAB1B21284608F0ADFC91
:1054F00000287FF440ADB4F81631ADF83030022208
:105500000CAB1D21284608F0A0FC00287FF433AD29
:10551000B4F81C31ADF8303002220CAB1E21284605
:1055200008F093FC00287FF426ADB4F928310C93E1
:1055300004220CAB1F21284608F087FC00287FF4CA
:105540001AAD04F590710DE6014806F0EBB800BF06
:1055500098010020014806F00DB900BF9801002015
:1055600007B5019201AB042208F06FFC03B05DF8AF
:1055700004FB07B58DF807200DF10703012208F0A1
:1055800064FC03B05DF804FB38B501460546102302
:105590004069032208F027FE0446C0B1002203211F
:1055A000FFF7DEFF68B9D5F8A43004211A78204649
:1055B000FFF7DFFF28B968692146BDE8384008F0E9
:1055C00028BE204600F0C2FC6FF00E0038BD6FF020
:1055D0001000FBE7F7B5044600F0F9FA064600288C
:1055E00040F0408160694FF480630422214608F056
:1055F000FAFD0546002800F0388132460321FFF706
:10560000AFFF002840F028810521284608F048FC1B
:105610000746002800F0208194F848200121284600
:10562000FFF7A7FF002840F01781B4F84A30ADF823
:10563000063002220DF106031146284608F005FC4B
:10564000002840F00981B4F84C30ADF80630022251
:105650000DF106030321284608F0F7FB002840F06F
:10566000FB8094F84E2004212846FFF782FF002893
:1056700040F0F28094F84F2005212846FFF779FF8B
:10568000002840F0E9806369226D5B69B2FBF3F2A8
:1056900006212846FFF764FF002840F0DD8094F8DB
:1056A000542007212846FFF764FF002840F0D480EB
:1056B00094F8582008212846FFF75BFF002840F0A7
:1056C000CB8094F85C2009212846FFF752FF002880
:1056D00040F0C28094F85D200B212846FFF749FF77
:1056E000002840F0B98094F85E200C212846FFF78E
:1056F00040FF002840F0B08094F85F200D2128463C
:10570000FFF737FF002840F0A78094F860200E21B3
:105710002846FFF72EFF002840F09E8094F8612075
:1057200010212846FFF725FF002840F0958094F8C7
:1057300062200A212846FFF71CFF002840F08C80D9
:1057400094F863200F212846FFF713FF002840F04C
:105750008380626E11212846FFF702FF00287BD16B
:1057600094F8682012212846FFF703FF002873D120
:10577000E26E13212846FFF7F3FE00286CD163691F
:10578000206F1A684FF47A76A0FB060192FBF6F2BE
:10579000D31735F045FD142102462846FFF7E0FEF9
:1057A000002859D16369606F1A6892FBF6F2A0FB7A
:1057B0000601D31735F034FD152102462846FFF7C0
:1057C000CFFE002848D16369A06F1A6892FBF6F2F9
:1057D000A0FB0601D31735F023FD1621024628460B
:1057E000FFF7BEFEC0BB94F87C2017212846FFF7C8
:1057F000C0FE88BB94F87D2018212846FFF7B9FE2B
:1058000050BBD4F8802019212846FFF7A9FE18BB09
:10581000D4F884201A212846FFF7A2FEE0B994F8B4
:1058200088201B212846FFF7A4FEA8B9B4F88A30C7
:10583000ADF8063002220DF106031C21284608F0BF
:1058400004FB48B93946284608F0F0FA6069294651
:1058500008F0DFFC03B0F0BD284600F077FB6FF0E6
:105860000E00F7E76FF00F00F4E76FF01000F1E7BC
:10587000F0B51646A7B004460A4671B16EB133685A
:1058800000930521934B02A808F060FC05B2002D9F
:1058900040F01881079A676912B96FF00A0511E1A3
:1058A000336800931D218C4B08A808F04FFC05B20B
:1058B000002D40F0078108A9204600F069F905464F
:1058C000002840F0FF800F9B002B40F0CD80099B0B
:1058D000002B40F0D1800A9B13B19B88A4F84A307A
:1058E0000B9B13B19B88A4F84C300C9B13B11B7914
:1058F00084F84E300D9B13B11B7984F84F300E9A0B
:1059000022B16369596953684B4323650F9B0BB1FF
:105910001B796365109B0BB11B79A365119B13B1B8
:105920001B7984F85C30139B13B11B7984F85D30CC
:10593000149B13B11B7984F85E30159B13B11B794E
:1059400084F85F30169B13B11B7984F86030189B84
:1059500013B11B7984F86130129B13B11B7984F861
:105960006230179B13B11B7984F86330199B0BB11C
:105970005B6863661A9B13B11B7984F868301B9BC4
:105980000BB15B68E3661C9B73B162694FF47A707C
:10599000116891FBF0F158684FF47A72002381FB93
:1059A000000135F03DFC20671D9B73B162694FF427
:1059B0007A70116891FBF0F158684FF47A72002305
:1059C00081FB000135F02CFC60671E9B73B162699E
:1059D0004FF47A70116891FBF0F158684FF47A72C5
:1059E000002381FB000135F01BFCA0671F9B13B156
:1059F0001B7984F87C30209B13B11B7984F87D30AF
:105A0000219B13B15B68C4F88030229B13B15B68A3
:105A1000C4F88430239B13B11B7984F88830249B0D
:105A200013B19B88A4F88A30259FB7B13E88D4F87B
:105A30008C00043E08B100F089FA0022C4F88C20E2
:105A40005EB16069314605F052FAC4F88C00002856
:105A50003DD03246391D00F086FA94F862307BB1B1
:105A6000012B32D0FA230CE01979384605F07CFB83
:105A700000283FF42CAF10E71B7984F848302AE760
:105A8000402384F8F03094F85D30144A012B0CBFA9
:105A900040232023A4F8F23094F85E3084F8F430E8
:105AA00094F86330003B18BF012384F8F63094F873
:105AB0006030D35C84F8F530022384F8F730204658
:105AC00000F06EF8284627B0F0BD7D23D9E76FF0CF
:105AD0001005F7E7C0BE03000CBF030008BF0300BA
:105AE00030B5144689B005460A4619B96FF00A0068
:105AF00009B030BD002CF9D02368009305210B4B71
:105B000002A808F023FB00B20028F1D1039B002B70
:105B1000ECD01979062903D1284600F049F8E7E7C7
:105B20002246284600F040F8E2E700BFC0BE03006E
:105B3000024BC0F8A4305B68184700BF74C0030074
:105B4000D0F8A4309B6870B504460D4603B1984761
:105B50006B68C4F8A4501BB12046BDE870401847DC
:105B600070BD00000349D0F8A4308B4201D0FFF78C
:105B7000E7BF704774C00300D0F8A430DB6803B1FE
:105B800018476FF005007047D0F8A4301B6918471C
:105B9000D0F8A4305B6903B118476FF00F0070476D
:105BA000D0F8A4309B691847D0F8A430DB691847B7
:105BB000D0F8A4301B6A1847D0F8A4305B6A03B150
:105BC000184718467047D0F8A4309B6A1847D0F899
:105BD000A4301878431E5842584170476FF00F00A8
:105BE00070476FF00F00704738B548220446002117
:105BF00010441AF03BF90025012309220A21C4E9C7
:105C0000152184F85D3084F86830A4F84E502046A1
:105C100000F047F920460249FFF792FF284638BDB9
:105C2000A0C0030010B50446D0F88C0008B100F005
:105C30008DF90023C4F88C3010BD6FF00F00704751
:105C4000704700207047000008B50249FFF778FF51
:105C5000002008BD74C0030010B5044600F021F90F
:105C600028B920460249BDE81040FFF769BF10BDC2
:105C700058D703002DE9F34104460F46416D4069B2
:105C8000904605F071FA0546002859D1606901A9CE
:105C900005F00FFA0546002852D17B1E042B72D85E
:105CA000DFE803F00D03196D7400E36E002B6AD07A
:105CB000012B02D9236F002B65D001260CE0E36E87
:105CC000002B60D0012B02D9236F002B5BD094F8FE
:105CD0007C30002B38D10026D8F80830C4F890303A
:105CE00084F8A8706822002104F1F8001AF0BEF8C8
:105CF00076B1B4F88A305BB1F2210120FDF792F958
:105D0000F221C4F848010120FDF78CF9C4F84C01D8
:105D1000012304F5B07663766069E66305F0C6F9A1
:105D200007C8636D86E80700C4F86431A36D1A499B
:105D3000C4F868312046FFF703FF606905F0B7FE3D
:105D4000284602B0BDE8F081D4F88C30002BC2D0D8
:105D5000D968022917D902399A68D96012780F4E8A
:105D6000DFF83CC00021D8688142B4D2986806FBB5
:105D700002C24FEA122E00F801E00131F3E7D4F835
:105D80008C30002BA7D16FF00A05D9E794F85C306E
:105D9000032BF8D1236DF4E7CCC003000D66190086
:105DA0005FF36E3C002380F89830C0F89430FF23F6
:105DB00080F8F83070476FF0050070476FF005000D
:105DC00070476FF0050070471FB50123009304462C
:105DD0008DF80C300949406903AB002205F08BF9BE
:105DE00010B1FF2384F8F830204600F05AF8044937
:105DF0002046FFF7A5FE04B010BD00BF00EEB1C8FD
:105E0000A0C0030030B585B000238DF80C3090F8A9
:105E1000A830C0F89C10042B044600F118051ED0D1
:105E2000052B1FD00DF050FA94F87C3023B194F874
:105E3000A8305A1E534253418DF80C300123009371
:105E40000A49606903AB002205F055F920B1084901
:105E50002046FFF775FE0025284605B030BD0DF041
:105E6000E9FAE1E70DF0DCFBDEE700BF00EEB1C8C8
:105E7000A0C0030010B590F899403CB9012380F808
:105E80009930406905F013FE204610BD6FF0050003
:105E9000FBE710B50446FFF726F8002384F8993095
:105EA00010BD024690F86200936D98B9093B0F2B24
:105EB00034D892F85E3013F0FD032FD192F86000D1
:105EC000A0B992F85D30012B28D192F85F30012BF8
:105ED00014D97047193B072B08D892F85E302BB1C4
:105EE000012805D192F86030012B07D900207047B6
:105EF000022803D192F86030012BF7D992F85C1098
:105F000092F85F0019B9B0FA80F04009704728B1E3
:105F1000032902D1D2F88C00F5E701207047002058
:105F2000704710B504463030FDF71EF950B100231C
:105F300000F13002C0E90033C0E902231444826159
:105F4000C461038210BD0021FFF7EBBFFDF78EB8DF
:105F5000C3688B4288BFC1607047D0E902231944EF
:105F6000C160D018704738B5D0E902541319C36026
:105F7000281919F06DFF002038BDD0E902230A442A
:105F8000591A8260C16070470368C1E900305960E6
:105F900001607047436808604B601960416070475A
:105FA00082B0034600680190019A934217BFD0E97E
:105FB0000023002053601A601CBF0023C0E9003397
:105FC00002B0704710B504462046FFF7E9FF00B95C
:105FD00010BDFDF74BF8F7E710B5044628B1C068CF
:105FE00018B1FDF743F80023E36010BD2DE9F04F31
:105FF00085B0036901934368836007460D46904668
:106000004FF00009019B002B06DC00230D3598455D
:1060100080F29180002007E001A938460DF02AFBAC
:10602000044620B96FF00A0005B0BDE8F08F019A70
:10603000032AF7DD0388032BF4D99A42F2DB468862
:1060400026F44046B0451EDB330105EB0616327BD5
:10605000CAB1717B013A41F0020171730C2A12D866
:10606000DFE802F0070B181C262A2124262A3640D6
:106070005200EB5801221A7005E0EA580379003B00
:1060800018BF0123137001AA214638460DF0FBFA10
:10609000B860B7E7EB5890F90420ECE7B0F90420BA
:1060A000EB581A80EFE7EB580279E4E78288F7E7CC
:1060B000EB5842681A60E6E70246EE5852F8040FC1
:1060C000516802AB03C3DDE90223C6E90023DAE726
:1060D0000288B188043A8A42A4DC011DE8581AF00B
:1060E000AAFCD0E7B0F800A0B288AAF1040A924551
:1060F00098DC011D5246E85819F0AAFEB368002B3F
:10610000C1D0C3F800A0BEE7EB589F428AD08246B8
:106110001C22184600213AF804BB19F0A7FE238878
:10612000FA68C260ABF1040B043BC0E901AAC0E904
:1061300004B9B380A7E71A01AA5C02F00302012A9E
:1061400001D0013363E76FF014006DE72DE9F043F0
:1061500089B09046DDE91024DDF848C006460F46B8
:1061600062B92360436863600369A360A5680DBBDF
:106170008CF80050284609B0BDE8F083012A02BF20
:1061800022689B1A236000200B464045EEDC5A7BB8
:1061900022F002025A731A7B0D2A08D0196831B115
:1061A00025689A68294419600AB12A449A60013026
:1061B0001033EAE76568012335F8049B8CF800305A
:1061C0001C22002101A819F051FEA9F10409F3686D
:1061D000CDF814904246394601A8CDE90255049302
:1061E000FFF704FF05460028C4D1616804F10802E6
:1061F00030460DF048FA6060BCE743684B600369C5
:106200008B60002070472DE9F041144692680646E5
:106210000D461AB91A700020BDE8F08167680122A6
:1062200037F8048B1A7000211C22284619F01EFE34
:10623000A8F10408F3686168C5F81080C5E9017722
:10624000EB6004F1080230460DF01DFA6060E2E7F1
:1062500038B50D46194614460DF00CFA38B143888E
:1062600023F44042DB0B2A600020237038BD6FF01E
:106270000A00FBE7F0B58468156823881E1F033306
:1062800023F003039D420BDBE718EB1A043487600D
:106290001360C1E90144C1E9046608600020F0BD53
:1062A0006FF00A00FBE7F0B585681E682C88271F91
:1062B000033424F00304A6420ADB05EB040C341B70
:1062C0000435C0F808C01C60002017600D60F0BDE8
:1062D0006FF00A00FBE708B500F01AFFBDE80840C0
:1062E0001DF026B970B50E680446F0070D4603D5BB
:1062F000B4F852012FF04EFAB10702D520462FF024
:106300005DFA720703D5B4F854012FF02FFA330762
:1063100005D5B4F85811B4F856012FF089FA2B6856
:1063200023F00F032B6070BD10B5FF21044603203E
:106330001CF03BFF2046BDE8104003F082B97047D7
:10634000D0F874314BB190F87A3133B1037A092B1C
:1063500008BF013090F8780170471846704713B5B0
:10636000044600F5BD7007F089F90DF1070007F04C
:106370008BF99DF807204FF47A735343C4F87431B6
:1063800004F5BC71002007F085F904F279110120B1
:1063900007F080F902B010BD90F8963010B50446B1
:1063A00053B9FF2103201CF000FF204603F062F8E0
:1063B0000123A06684F8963010BD00002DE9F0415D
:1063C0000446884617461E46FFF7BAFF054648B3FF
:1063D0000B6893B9D4F874011449154A0023A0FB43
:1063E000010134F01DFF012330443860C8F800304B
:1063F0002046FFF7D1FF002514E010680B4A861BEA
:106400000B48002386FB000134F00AFF00280146F8
:10641000EEDDD4F874018842EAD2091AE8D02046A9
:1064200003F049F92846BDE8F08100BF8009EE007D
:1064300040420F0090F8963010B5044653B1FF214A
:1064400003201CF0B3FE204603F014F80023E0669E
:1064500084F8963010BD90F8983013B1002380F87E
:106460009830704700207047982881BFC0EB801398
:1064700000EB83006623B0FBF3F086BF7938C0B22F
:106480000120704713B5B0F830410DF106002FF030
:106490007BFABDF90600C0EBC010400090FBF4F0A1
:1064A000002805DDFD2805DC0130C0B202B010BDBA
:1064B0000120FBE7FF20F9E700230022C0E92C239D
:1064C0000023C0E92E33C0E93033704770472DE90F
:1064D000F3410C1E054610DA00230DF107008DF87C
:1064E00007302FF04FFB9DF80730DB0744BFEB6A06
:1064F00043F00803044648BFEB62DCB12046FFF7D7
:1065000022FDA862D8B1002640F6FF78A71B4745B8
:10651000A8BF47463946A86AFFF71FFDB2B2B9B215
:1065200006F6FF762FF0D0F9B442EFDC002002B07F
:10653000BDE8F081EB6A43F00203EB62F6E76FF02F
:106540001000F4E70B787D2B58D006D8102B0BD019
:10655000402B09D06FF00A007047FA2B14BF6FF080
:106560000A006FF0110070474B88602B46D012D89C
:10657000182B43D001D8102BF0E7302B3ED0402B06
:1065800001D0202BE6D10B79042BE3D8DFE803F010
:10659000163616363600B3F5806FF4D008D8B3F54A
:1065A000007F2BD0D6D8802BEDD0B3F5807FE9E7E4
:1065B000B3F5006F22D0B3F5805FE3E74B79362B5C
:1065C00018D81A2B09D8062B16D0072B16D0002B5B
:1065D00014BF6FF00A00002070471B3B0122DBB2A2
:1065E00002FA03F3074A13420CBF6FF00A006FF080
:1065F000110070476C2BB1E7002070476FF011005D
:10660000704700BF11000008C0F8A02080F8A41057
:106610007047B0F83031B3F5807F16D008D8402BE2
:1066200015D0802B15D0202B15D06FF00A007047A5
:10663000B3F5806F11D0B3F5006F10D0B3F5007FC4
:10664000F3D13F234375002070471F23FAE7072348
:10665000F8E70F23F6E70323F4E77F23F2E7FF23AE
:10666000F0E710B50446002094F8943084F87101E6
:10667000012B06D92EF0E8FF2046BDE8104000F0BF
:1066800083BBD4F8F83013B1BDE81040184710BDF3
:1066900030B5416C0B7F0C7B4D8B013BDBB2032B88
:1066A0009ABF224AD2560822182C05EB020334D88E
:1066B000082C8CBF4FF4FE724FF4F8725A435211FB
:1066C000182CC2602CD8082C8CBF4FF4FE724FF4EB
:1066D000F87252114260182C4FEAC202826022D82E
:1066E000082C8CBF4FF4FE734FF4F873CA7A013A4A
:1066F000022A9ABF0E488056082003FB00F202F5DA
:10670000FF531F33B5FBF0F5B3FBF2F32B44023319
:10671000C1F86821C1F86C3130BD4FF4B672CDE7D5
:106720004FF4B672D5E74FF4B673DFE7FBC0030052
:10673000F8C00300F0B546791B2E9E4640D00CD819
:10674000062E35D0072E41D0002E49D101244FF41A
:10675000007002254FF4007708E01F2E3CD0362E43
:106760003ED10124022608203546102741B191F878
:1067700022C0098C634659431CBF61440131490260
:1067800013356F434FEACE033CB14FF4A57503F2C6
:10679000491494FBF5F430256C431C4434443944CB
:1067A00000FB04100028B8BF1F3002EB6010F0BDE2
:1067B00000787D284FF0010417D000264020C8E75C
:1067C00002260124102035462027CFE70626002484
:1067D000402035460746C9E7002406261020C3E7B7
:1067E0000024264601200225F4E7022640203546F3
:1067F0008027BBE72DE9F043457906781B2D9946A4
:106800005AD00CD8062D4CD0072D5DD0002D67D165
:1068100001274FF4007E02244FF400780AE01F2D78
:1068200059D0362D5CD1022501274FF0080E2C4699
:106830004FF0100849B191F822C0098C63465943C2
:106840001CBF8C440CF101014902A9EB0202C1EB0F
:106850004211133408FB141494FBFEF4641B6FB153
:106860004FF4BD7394FBF3F203FB1243302B4FF450
:10687000A57404FB02F4C4BF303BE418002CB8BF7D
:1068800007347D2E4FEAE40436D033D8102E3AD0A8
:10689000402E14BF00207F20A042A8BF2046BDE8A4
:1068A000F0837D2E4FF0010720D102254FF0400EDE
:1068B0002C464FF08008BDE7022501274FF0100E4F
:1068C0002C464FF02008B5E7002706254FF0400E74
:1068D0002C46F046AEE7002706254FF0100EF7E7EE
:1068E00000273D464FF0010E0224F2E700254FF04D
:1068F000400E90E7FA2E08D1C379022B05D8044A3E
:1069000032F91300C8E77F20C6E70020C4E700BFC4
:1069100000C103002DE9F74F0D46D0F8D891044689
:10692000904602F0BBFD032D06460F4647D8484669
:106930000128A8BF012004EB001CDCE964310191AF
:10694000D4F8D011012D2A46A8BF0122B3EB010EC5
:10695000D4F8D411019B63EB01011EEB060347EB56
:106960000101CCE9643190421FBF04EB0213D3F85C
:1069700098210132C3F89821EDB1022DD4F8D891B5
:106980003FD0032D3AD0B9F1030F1BD1D4F8DC016D
:1069900004EB0913D3E964AB1AEB000A4BF1000BCB
:1069A000C3E964AB4D451FBF04EB0512D2F8983123
:1069B0000133C2F89831C4E97467C4F8D85103B000
:1069C000BDE8F08FB9F1020F16D1B8F1000F11D167
:1069D000D4E916039C22301A67EB0303A0FB0201E3
:1069E00002FB03110A22002334F0CAFBD4F8E02191
:1069F000801ACDE74046F9E70020C9E7C4F8DC81FA
:106A0000D0E7B8F1000F10D1D4E916039C22301A58
:106A100067EB0303A0FB020102FB03110A22002320
:106A200034F0AEFBC4F8E001BCE74046FAE770B5CD
:106A300090F89460012E054614D0012380F894301C
:106A400002F0F8FD044650B9014602462846FFF719
:106A500061FFFF2103201CF0A9FB204670BD85F8D3
:106A60009460FAE70024F8E72DE9F04188B00023AC
:106A70008DF816301CF05AFD0546002840F0D380F2
:106A80006B4C8DF81B002F23A4F8583140F20263A1
:106A9000E3610DF11B0303930DF11A0302930DF152
:106AA0001903019306AB84F84801A4F84A01A4F83D
:106AB0004C01C4F80C014026009303274FF0020854
:106AC0000DF11E030DF1170207A904F1180084F857
:106AD0004F71A4F856812676668302F057FE05466C
:106AE000002840F0A080BDF81C30A4F809309DF8C3
:106AF0001730A373BDF81E3063829DF81830E3731E
:106B00009DF8193063749DF81A3023749DF81B307A
:106B1000E3720923237240F60913A3814FF4E06363
:106B2000A382444B84F83201C4E93F302E2384F819
:106B3000653140F2FF13A4F866313F4BC4F8CC3006
:106B40003E4BC4F8D0303E4BC4F8D4303D4BC4F873
:106B5000C8303D4BC4F8F830A07584F8710184F852
:106B6000F701FF21A4F8306184F80481C4E927000B
:106B700084F8A40038461CF018FB204602F00CFFF5
:106B8000054600284FD12046FFF7E9FB04F20E200E
:106B90001CF0A4F90546002845D107A806F00AFE16
:106BA0008DF81E502EF04EFF84F865010DF11E0089
:106BB00006F0C8FD9DF81E30FF2B04BF94F8653128
:106BC0008DF81E309DF81E002EF028FF0DF11600E6
:106BD00006F080FD01269DF816002FF001F8C4F89C
:106BE000D861C4F8A86102F059FC0025C4E9740119
:106BF000002200230E4884F8F461C4E97955C4E901
:106C00007755C4E96023FFF712FF10B9062384F813
:106C1000903084F80A5284F80C52054884F8725176
:106C200000F0EAF90546284608B0BDE8F08100BF4B
:106C30003899002080D0A3E4F96C0000AD6D00000D
:106C4000356D0000BD6D0000D56D000038B5002227
:106C50000446012100F17005FFF75CFE062384F86D
:106C60009430204602F03FFC236F1BB1294620469A
:106C7000FFF738FB2846BDE8384000F0B3B813B53D
:106C800004462E3006F04EFD0DF1060006F052FDD2
:106C9000BDF806305B4223860020062384F82C30A2
:106CA00002B010BD10B50446084602F047FD10B909
:106CB000012384F8713110BD10B5044690F87101BC
:106CC00028B1002002F03AFD08B984F8710110BD26
:106CD00002F00BBF10B50446FFF7EEFF94F8A430A6
:106CE000022B06D1204600220321FFF78DFC012054
:106CF00010BD0020FCE7000010B5044602F08AFE3B
:106D0000E3880387237ADB0742BFC36A43F00803A3
:106D1000C362002380F83030FFF7DCFF30B1044B52
:106D2000BDE81040186803211CF0D4BA10BD00BFA4
:106D3000489B002038B5054602F06CFE0446FFF77C
:106D4000C9FFF0B12B6813F4081F09D0012384F8A0
:106D500030300C4B02211868BDE838401CF0BABA3C
:106D6000580101D50523F2E7D90401D50723EEE741
:106D70009A0001D50423EAE71B044CBF0223062333
:106D8000E5E738BD489B002010B50446FFF7A2FF99
:106D900040B1054B012184F830101868BDE810405F
:106DA0001CF098BA10BD00BF489B002008B502F047
:106DB00031FEBDE80840FFF7E7BF000008B502F06C
:106DC00029FE034B00211868BDE808401CF082BA78
:106DD000489B0020024B052118681CF07BBA00BFBD
:106DE000489B002038B5C4694CB1064D0022C261F1
:106DF0002868A047041E02DA286803F0B6FB204684
:106E000038BD00BF4C9B00202DE9F041002386B027
:106E10000022CDE90423714E714F00230393FF2319
:106E20008DF807303546336838685C6C4FF0FF32B8
:106E300002A91CF058FA0028F5D1029B062BF2D8C3
:106E4000DFE803F0042B4B65C5A8A4002046FFF73C
:106E500077FA18B1FCF71AFAC4E96001D4F8E481B2
:106E6000002201212046FFF755FDB8F1000F08D0A0
:106E7000204602F0FFFA022100EB08022046FFF74D
:106E800049FD002211462046FFF7BEFB012007F016
:106E90009AF9286803F04EFBC5E72046FFF750FA41
:106EA00018B1FCF7F3F9C4E96001D4F8E811D4F89B
:106EB000E081204602F044FB012100EB080220465D
:106EC000FFF728FD01212046FFF700FB022007F015
:106ED0007AF9286803F0F5FAA5E72046FFF730FABB
:106EE00018B1FCF7D3F9C4E9600100222046012162
:106EF000FFF710FD01212046FFF7E8FA022007F016
:106F000062F994F83010286803F0F6FA8BE720460F
:106F1000FFF716FA18B1FCF7B9F9C4E960010DF1F1
:106F2000070303AA04A9204602F0C7FB608658BBEA
:106F3000DDE90423039961639DF8071084F842108A
:106F4000C4E90823204602F0BCFA2A68238FD268DD
:106F5000804604F5887104F11800FFF7EBFB00EBA5
:106F6000080220460121FFF7D5FC218F2046FFF7BC
:106F7000AEFA00212046FFF7A9FA022007F023F914
:106F8000286803F083FA4EE70022EAE72868FDF755
:106F900089FA48E72B685C6C94F89430012B04F173
:106FA000700803D04046FFF71DFF3CE794F891308E
:106FB00013B12046FFF7F0F994F89030062BF1D981
:106FC0002046FFF7B1F900283FF42DAFEAE7054B63
:106FD00018681CF0E4F906B0BDE8F0814C9B002075
:106FE000489B0020509B0020024B014618681CF073
:106FF00071B900BF489B00207FB500233C49ADF824
:107000000E300546042003F097FF044620B96FF0C8
:107010001004204604B070BD4564FFF739FB236CB3
:1070200071225A60284602F0FFFC002850D02AA3A3
:10703000D3E90023C4E90E230DF10E0006F018FB7E
:10704000236C1A69BDF80E30DB4303F408735361F7
:107050004FF48051274B23600D22C4E9041247F6F8
:10706000E012C4E906232046FFF709FE236C1CA1A9
:10707000D1E900011B69C3E906012A7A5A7004228A
:107080001A702B7B1C4D236220462C6003F0AAFF54
:107090000446C8B91CF0FEF8184E194A30604FF487
:1070A000006300931748184B019421461CF036F9F1
:1070B000164B18600028ACD130681CF0FFF8286827
:1070C00003F0DAFF6FF01004286803F065FFA0E713
:1070D00005A3D3E90023ADE7346CA8B54403000051
:1070E00057EB1CE4D62C55D6346CA8B50400000030
:1070F000B8C103008009EE004C9B0020489B002093
:1071000006C10300096E0000549B0020509B002024
:1071100038B50F4C2368D3B15B6C0E4DBFF35B8F5A
:10712000042193F87231BFF35B8F28681CF0D2F80A
:10713000094B18681CF027F928681CF0BFF8206874
:1071400003F09AFF2068BDE8384003F025BF38BD42
:107150004C9B0020489B0020509B00201F2819D0EA
:107160000ED8072819D006D8012818D0032814BF34
:107170000020202070470F2814BF00208020704777
:107180007F280ED0FF280FD03F2814BF00204FF4D7
:10719000007070474FF48070704740207047102097
:1071A00070474FF4806070474FF4006070470000F4
:1071B000402803D00AD8102818BF0020042A9ABFFC
:1071C000074B9B5C00231944484370477D2804D03B
:1071D000FA2814BF00205120F0E75120EEE700BF4D
:1071E000AEC103006FF011007047000002794188C2
:1071F000013AD2B2032A9CBF094B9B56027888BF42
:107200000823102A0B4408D0402A14BF4FF4B6704C
:107210004FF4FE705843401170474FF4F870F9E78F
:10722000B3C1030030B50398101A049A63EB02034C
:10723000002403F0800503F0FF0154EA050318BFA2
:1072400061F0FF0130BD0B681BBAC3604B681BBA0D
:1072500083608B681BBA4360CB681BBA03607047BE
:1072600000207047406C02F031BC07B50DF10700FB
:1072700006F024FC9DF8070003B05DF804FB000055
:107280002DE9F0410D468EB0002900F0B9800C2A9E
:1072900040F0B8800B78466C012B05D0022B00F033
:1072A00084806FF00A0462E0584F4C793A78A24229
:1072B000F7D04FF0000E4FF0FD328DF8023007236B
:1072C0008DF800E001928DF8033006F1C808002C1B
:1072D00057D044460FCC0DF1080CACE80F000FCC92
:1072E000ACE80F0094E80F008CE80F002B7986F8CB
:1072F000663196F89430CDF808E0012B02D830467C
:10730000FFF712F8A8792EF0D1FCA0BB96F8660121
:10731000694606F0C7FB044630BB9DF90030002BE0
:107320000ADA01A806F02EFA0DF1020006F032FA90
:107330000DF1030006F036FA9DF8023086F861314F
:10734000304601F080FD0446C0B901982EF060F887
:107350009DF803002EF096FC02A82EF0D7F92EF02F
:1073600085FB20462EF0FAF80CB96B793B7020B201
:107370000EB0BDE8F0816FF00B04F5E76FF002048A
:10738000F2E72EF083FB40462EF0C0F996F89430D9
:10739000012B03D93046FFF74AFBE5E7307AAB799A
:1073A0008342E1D02EF082FCDEE796F89430012B88
:1073B00011D83046FEF7B8FF012700202DF0EAFF74
:1073C00030B9287A2EF072FC044630B101236B727A
:1073D0006FF00B0404E00027EFE72EF07DFB686000
:1073E0003FB13046FFF723FB231E18BF01236B720A
:1073F000BDE7307A2B7A8342F6D02EF057FCF3E7C4
:107400000846B5E76FF00A00B2E700BF54A30020BA
:1074100013B501A80C4602F003FB50B9019A64238E
:10742000D1B212125943534303EB112303F30F0359
:10743000238002B010BD00002DE9F84F446C0D46CA
:10744000002960D0D4F8D811012903DC002220469D
:10745000FFF760FAD4F8B001DFF8B480D4F8B431A3
:107460002A4AA0FB080108FB0311002333F0D8FED1
:107470000646C717D4E97003A0FB080108FB0311F7
:10748000224A002333F0CCFE321847EBE0738046EB
:107490004FEAE079D4E96810B1EB020A60EB030B24
:1074A0004FF47A72D4E96401002333F0B9FED4F8C2
:1074B0009831A860EB604FF47A7200235046594629
:1074C00033F0AEFED4F8A83128616B614FF47A72C4
:1074D00000233046394633F0A3FED4F8B831A86112
:1074E000EB614FF47A7200234046494633F098FE30
:1074F000D4F8C8316B6200220023C5E90A23286250
:107500000020BDE8F88F6FF00A00FAE78009EE006E
:1075100040420F0070B5466C054605F041FE04463A
:10752000A8B93046FEF71BFF01213046FEF707FFE2
:107530002B6C1B694FF408725A612846FFF79FFBBA
:1075400096F865012EF06AFA20462EF049FB204697
:1075500070BD0846114605F031BD084611461A4671
:1075600005F0F6BDF7B506460C461046776C1A4690
:10757000002971D00146204605F090FD0546A0B9CE
:107580003748214619F04DFA90B90DF1060006F082
:10759000D9F89DF80630FF2B04BF97F865318DF8B8
:1075A00006309DF806002EF039FA284603B0F0BDEB
:1075B0002C480A22214619F04EFA28B129480A22FD
:1075C000211D19F048FA18B93846FEF7C8FEECE755
:1075D0002548214619F025FA78B9336C0DF10600DB
:1075E0001C6906F045F8BDF80630DB4303F4087368
:1075F0006361304603F02FFED7E71C481322214673
:1076000019F029FA18B93046FFF739FBCDE71848C9
:10761000214619F006FA40B90DF1060006F05AF8B5
:107620009DF806002EF0DCFABFE712480922214639
:1076300019F011FA18B9012387F8F431B5E70E48AB
:10764000214619F0EEF90028AFD107F5C47006F015
:107650003BF86FF01805A8E76FF00A05A5E700BF33
:107660006CB8030010C103001BC103002FC103004D
:1076700043C1030004CA030059C1030005F0FABC6A
:1076800005F0E8BC08B5436C0029B3F8562114BFD7
:1076900000200220824209D093F89420A3F85601DA
:1076A000042A05D81A6F42F008021A67002008BDA4
:1076B000B3F858112EF0BCF8F8E737B5D307406C93
:1076C00044BF4B89A0F85231950748BFD1E9004526
:1076D000019248BFC0E90045540744BF0B89A0F898
:1076E0005431130707D5097BB0F8583169B143F419
:1076F0004073A0F8583190F89430042B08D8036FE9
:107700001A430267002003B030BD23F44073F0E752
:1077100001A9FEF7E7FDF5E770B5446C91F822305A
:1077200094F832219A4218BF01220D461CBF84F8FA
:10773000F42184F8323183B1B4F830610B8C9E426D
:107740000BD0A4F830312046FEF763FF10B1A4F847
:10775000306170BD012384F8F43105F1100104F5A6
:107760008870FFF770FD04F590702946FFF76BFDF8
:107770000020EEE770B5446C054620460E4602F048
:107780003DF8031E01DA18B270BD08D03268A2615C
:107790007268E261012B02D02846FEF779FF237E52
:1077A000402B09D9638B202B06D1237F012B03D1DA
:1077B00084F8F6310020E7E7002084F8F601E3E7DB
:1077C00004292DE9F843D0F8448006461746994627
:1077D00034D16FF40874D44014F001042ED1093B65
:1077E000172B2BD898F80830934207D198F80C3013
:1077F0004B4504D100252846BDE8F88301244A46BC
:107800003946404601F06AFF05460028F3D1336C43
:107810001B6904221A705F70336A994504D0C6F858
:1078200020903046FEF734FF98F89430012BE1D9D0
:10783000002CDFD0404601F056FEDCE76FF00A0571
:10784000D9E7000070B5466CBFF35B8F96F87231D4
:10785000BFF35B8F0D46ABB1304601F00BFE2860E5
:1078600096F89430052B04460AD8B6F80E02074B5A
:10787000074AA0FB0301002333F0D2FC2044286018
:10788000002001E06FF0050070BD00BF8009EE0030
:1078900040420F0010B5044601F0ECFD236EC01A03
:1078A000044B984204D92046BDE8104001F01BBEAD
:1078B000002010BDC0CD170010B5044621B92046E8
:1078C000BDE81040FFF7B3B8FFF7ECF90028F6D099
:1078D00010BD08B502F05EFE002008BD13B5446C73
:1078E0000192032006F06EFC0199204601F0FCFA9B
:1078F0000446032006F067FC204602B010BD2DE9C7
:10790000F743446C1646994600220023CDE9002334
:1079100094F8303005460F46052B39D8DFE803F0E0
:10792000035403383854B4F93230033309D104F125
:10793000420304F1340204F12001204601F0BDFEAF
:107940006086B4F9320000283BD1D4E90823CDE9A0
:10795000002394F84230D4F8348089F80030DDE90F
:107960000023204601F0ADFD94F84830DDE9002CFD
:10797000A3B9E064E36C216E591A636E03EB011343
:10798000190E1B02C4E91431022384F8483007E0C1
:107990006846D4F834812DF035FEE0E7012BE9D0BC
:1079A000D4E91414511A6CEB040404F0FF03B1EB96
:1079B000080263F10003C7E90023EB68C01A3060D6
:1079C000002003B0BDE8F0836FF01700F9E72DE960
:1079D000F041D0F844800C46002935D00B8EDA07F0
:1079E0000AD501F132030A460831FFF788FF18B1C2
:1079F000238E23F001032386404601F02AFA238ECA
:107A0000E0629B0508D4238E23F47D4323F0FE031C
:107A100023860020BDE8F08198F8326104F1270543
:107A2000002EC6F1040214BFFF210021A81918F08E
:107A30001DFA0027F9B28E42E5D94046FEF722FD35
:107A4000013705F8010BF5E76FF00A00E2E738B5FA
:107A5000446CBFF35B8F002584F87251BFF35B8FDA
:107A600001F098FF84F8485084F895502046BDE80E
:107A70003840FEF7DCBF38B5446C0025C4F88C50A4
:107A80002046FEF751FC84F8955001F081FFBFF3CA
:107A90005B8F012384F87231BFF35B8F01F0FEFC32
:107AA000C4E91601204601F01EFD94F8703113B1AF
:107AB0002046FEF7BCFF2046FEF7FEFC002038BD46
:107AC000024690F8700170B192F8953043B9B2F85F
:107AD0000E02814206D9081AC82898BF00207047B4
:107AE000002070471846704773B5446C002384F833
:107AF000953084F8483094F888319B070E46154637
:107B000002D52046FEF7A7FC2046FEF793FC66B39D
:107B1000002384F89130204601F0ACFC19491A4A40
:107B2000281A002380FB010133F07AFB01902046E4
:107B3000FFF7B0FE154BC4F88C300623019984F88A
:107B400090302046FFF7BCFF019928B9204602B0CB
:107B5000BDE87040FFF7A6B820460191FFF7ACFEE4
:107B600001990028F2D102B070BD94F8703113B1C0
:107B70002046FEF75CFF204602B0BDE87040FFF7EC
:107B80009BB800BF40420F008009EE00D378000090
:107B900010B59DF808402BB1402819D004D8102802
:107BA0000ED00023184610BD7D2801D0FA28F8D148
:107BB000B4B904290CBF4FF418734FF49873F1E76C
:107BC00014B91AB91B01EDE70029FBD05B00E9E706
:107BD00014B91AB99B01E5E70029FBD0DB00E1E706
:107BE0000429FBD1EEE730B58DB00C461546019364
:107BF0008AB1128CADF82C20084695F822208DF819
:107C00002E20FFF7F3FA019B024603A92046FEF758
:107C1000F1FD0DB030BD0846FFF7E8FA019B0246C2
:107C20002946F3E730B58DB00C46154601938AB16D
:107C3000128CADF82C20084695F822208DF82E20C5
:107C4000FFF7D4FA019B024603A92046FEF772FD16
:107C50000DB030BD0846FFF7C9FA019B0246294620
:107C6000F3E773B56FF07F430E4614460546019364
:107C700005F036FD0322314601A818F0D9F840B1CD
:107C80002146284605F03EFD22884FF6FF739A42B2
:107C900003D16FF00F0002B070BD0020FBE70000C1
:107CA00013B504460DF1070005F002FD9DF807002D
:107CB000B8B194F89630B3B1204601F0DBFBA36E67
:107CC0000A490B4AC01AA0FB0101002333F0A8FAAD
:107CD0009DF807204FF47A73534383422CBF002052
:107CE000012002B010BDE06EE9E700BF40420F0086
:107CF0008009EE002DE9F041456C1446002A71D050
:107D000000296FD0EB6A9A074FD4AB6A002B6CD076
:107D1000DA6822B195F867610EB1023ADA600B6059
:107D2000238E9B070BD004F13203224604F1080195
:107D3000FFF7E5FD18B1238E23F003032386EA6ADB
:107D4000D70742BF238E43F480632386160742BFC2
:107D5000238E43F400532386238ED80544BF00228C
:107D6000E2619A0523D4238E9B0605D52DF0E4FD10
:107D70004FF08063A0616361284601F06AF8E06219
:107D80002846FEF7DDFA38B12846FFF789FF18B11B
:107D9000238E43F480532386238E23F4404323F021
:107DA0001C0323860020BDE8F0810023B7E795F887
:107DB000327104F12706002FC7F1040214BFFF211E
:107DC0000021F01918F052F84FF000085FFA88F11E
:107DD000B942C8D22846FEF755FB08F1010806F85B
:107DE000010BF3E76FF00A00DDE76FF01000DAE750
:107DF00038B51D460446049B072A24D8DFE802F064
:107E00000420201020202020012B426C1BD12B7835
:107E100092F86711994201D082F86731002011E091
:107E2000402B406C0FD14FF0FF31FEF750FB48B9AB
:107E300005F1080229462046BDE83840FFF75ABF41
:107E40006FF0110038BD6FF00A00FBE710B5044673
:107E500001F010FB94F8A430032B34D8DFE803F0D2
:107E60002E02303ED4F8A030C01A002836DA0023A3
:107E700094F89420012A00D043B32046FEF71CFF5B
:107E800018BB94F89420012A20D10623C4F88C0052
:107E900084F89030002384F8953084F8483094F8C2
:107EA00088319B0702D52046FEF7D5FA2046FEF71B
:107EB000C1FA002211462046FEF7A6FB002004E08E
:107EC00094F87131D4E76FF00A0010BD002201214F
:107ED0002046FEF71FFD2DF0B7FBDBE76FF0050036
:107EE000F3E713B5044601F055FD606CFFF7AEFFF4
:107EF000019001F04DFD019802B010BD406CFFF7FC
:107F0000A5BF70B5002480F8914005460E46FEF7E7
:107F100017FA50B13268B5F80E02D5F8743111185D
:107F2000994204D22846FEF737FA012009E0FA33D5
:107F3000984207D899420AD9CB1A0120336085F8B4
:107F4000910070BDFA2A02D9FA3A3260EDE7204674
:107F5000F7E700002DE9F7430023466F019304463D
:107F60000D4689B101F086FA281A05D5204601F0A0
:107F7000BAFA6FF017004CE04E494F4A002380FBDD
:107F8000010133F04DF9019094F89430002B00F08A
:107F90008C80052B04D894F89030062B40F0858017
:107FA00094F888319B0702D52046FEF754FA94F8DE
:107FB0007A31032B01D0636F3BB9D4F87421019B54
:107FC0009A4202D82046FEF735FA0DF1030005F07B
:107FD00075FB636F03B394F89450012D45D0032DC6
:107FE00066D04FF4FA7296FBF2F302FB136313B9F7
:107FF0002046FFF74FFC01992046FFF761FD0190F5
:1080000000284ED001A92046FFF77BFF002848D06A
:10801000019803B0BDE8F0839DF80330002BDAD05F
:108020002046FEF78DF90028D5D094F8A430013B06
:10803000012BD0D9D4F874319DF803504FF47A72E3
:1080400002FB0535FBF722F9D4E96023019FC01933
:1080500041F1000112EB050843F10009404571EBC5
:108060000901B8DA1343B6D083E701992046FFF738
:1080700027FD019038B92046FEF71EFE2046FEF788
:1080800053F90020C5E701A92046FFF73AFF002871
:10809000F1D001992046FEF705FE0028EBD12846D5
:1080A000B7E72046FEF708FEEBE76FF00B00B0E7FE
:1080B0000120AEE740420F008009EE0038B50546CA
:1080C0000C4690F83201E9B910B1012385F8F4317A
:1080D000002385F832312B7DA34203D02C75204636
:1080E0002DF078F99CB1687D2DF0EAFD05F58870DA
:1080F0002DF0B8F905F590702DF0C4F9BDE83840C1
:108100002DF0A0B9013841EA0014E4B2E3E738BD2C
:108110000020704738B5456C0C46D9B195F89730BA
:1081200033B10B8843F001030B80002385F89730AF
:108130002846FEF705F938B12846FFF7B1FD18B11A
:10814000238843F002032380238803F00303238062
:10815000002038BD6FF00A00FBE700002DE9F04F6A
:108160002DED028B9BB01E46037A06930446002336
:1081700090F866018DF82C300D460BA908EE102AF8
:1081800005F090FC0746002840F0D3803378039335
:108190007C2B94BF002301230793694BB6F802C0E0
:1081A00003F1300E0EAE18685968324603C2083328
:1081B00073451646F7D100230EAA32F82310614505
:1081C00040F08C801AAA02EB830313F82E3C05932F
:1081D000637C089394F83291A37B08EE903AB9F14E
:1081E000000F00F08180B4F830310493002D7ED070
:1081F00094F80FA094F8F4311BB9D4F8F0319D42F3
:108200005BD0002384F8F431C4F8F05184F8643171
:108210009B4698465FFA88F60DAA0EA93046FFF7EE
:1082200020FD00286DD19DF83820D10769D418EEC3
:10823000900A0DF12E0101F023FC002877D10CA942
:10824000504601F036FC002871D19DF83820079B7C
:1082500002F001029A4254D1039B7C2B06D89DF870
:108260003920089BC2F300129A4258D19DF8382059
:10827000059BB3EB121F4AD19DF82E10C2F34202A8
:108280008A4244D19DF83A00FEF768FF049B984269
:108290003DD19DF839209DF8301002F00F00884242
:1082A00035D1B9EB521F25D1BDF83420954221D1EB
:1082B000012384F8643184F850619DF92C30002B3F
:1082C00040DA04F5AE7005F05DFA04F2611005F0D5
:1082D00061FA04F5B07005F065FA2AE001330C2B61
:1082E0007FF46BAF002372E7CDF810907EE74FF07C
:1082F000020A7FE7BBF1060F03D084F850614FF00C
:10830000060B08F10108B8F1080F83D1D5E7BBF1DE
:10831000010FF6D884F850614FF0020BF1E7BBF182
:10832000000FEED184F850614FF0010BE9E76FF0D8
:10833000020738461BB0BDEC028BBDE8F08F00BFD2
:1083400066C10300069B94F85021B3F1050818BFDD
:108350004FF001080EAB18EE100A414605F032FA54
:108360000E9B1E6894F864310C96002B40F06181DE
:108370009DF82C3003939A0700F05B8194F850012C
:108380000DF12E020DA9FFF76CFC07460028D0D195
:10839000A07B0DF12D0101F073FB07460028C8D129
:1083A00094F818909DF82D20A17E4846FEF700FF16
:1083B0009DF83420B34B049012F0010F14BF4FF01E
:1083C0007D0A4FF0400A4FEA121C0DF1380E03F1FE
:1083D000180B18685968774603C708335B45BE46D3
:1083E000F7D11AAB03EB4C0CC2F342021CF8301C61
:1083F0005046FEF7DDFE94F83221B4F83031059096
:10840000002A00F02B815343B9F17C0F8CBF4FEA57
:10841000C3194FEA83199DF835B09DF834309DF8A3
:1084200036005FEA5B1B03F0010308D0FEF796FEFF
:108430000BFB00FB002B00F013814FEACB1BE07B12
:108440000EA901F036FB074600287FF472AF237DAA
:10845000A27F9DF83810009003F00B03032B14BF8C
:1084600013230023207EFFF793FB9DF835109DF822
:108470003430069013F0010F01F00F0314BF7D207C
:108480004020022BC1F30012009714BF13230023D6
:1084900001F00F01FFF77CFB0EA90790E07BBDF810
:1084A0002EA001F006FB074600287FF442AF207E95
:1084B0009DF83810002D00F0D680ED0040F28D13AD
:1084C0006B4303F5FF3335335B0C03EB430302359A
:1084D00005EB0315ABB2012200920022FFF758FB17
:1084E0009DF834309DF83510089013F0010F14BF3B
:1084F0007D20402001F00F01BAF1000F11D04FEAAA
:10850000CA0A40F28D1303FB0AF303F5FF33353338
:108510005B0C0AF1020A03EB43030AEB03131FFA95
:1085200083FA0123009300225346FFF731FBC6F381
:1085300007218A1BC6F307476FF0270C52B2CF1BE7
:1085400062457FB2A1EB1666B8BF624676B2674558
:10855000B8BF67466645B8BF6646282AA8BF282226
:1085600045F20B55099005FB02F004F02FFC282F73
:10857000A8BF2827824605FB07F004F027FC282E19
:10858000A8BF2826074605FB06F004F01FFC089D3F
:10859000049B454309FB0A5909EB0329099BBDF8D4
:1085A00018505843059B0BFB0A0BBDF81C000BEB46
:1085B000032B07FB00B004F0FBFB07FB0599054606
:1085C000484604F0F5FB281AA425454345F3073532
:1085D0007DB3039BDB072CD5217A94F85021053914
:1085E0000EAB18BF012118EE100A05F007F90E9B1B
:1085F0001B680D930DA80CA904222EB2FF274FF083
:10860000000C10F8013B13F0800F2ED19D422CDDA1
:108610000FFA83FE0B78A3EB0E031FFA83FE002BE9
:1086200025DA81F800C0013A12F0FF0201F10101E0
:10863000E7D118EE100A0EAA414605F027F9E8B96D
:1086400000909DF938200C99207A04F5AE7301F062
:108650008BF8071E18BF6FF002076AE69146DAE64C
:108660004FEA8B1BEBE62B4635E7B646D2E7B3F570
:10867000807FB4BF73463B460B70D4E76FF00A07A8
:1086800057E600BF96C10300F7B5002301930B68BE
:10869000446C0E461546002B5DD01846FEF7A6FD2D
:1086A000B368B789184494F848301BB90123E064D3
:1086B00084F84830E36CC01A030D0003C5E90003D9
:1086C00096F90E2084F86621716801AB496820464E
:1086D00000F0A4FBF37B9BB394F966110DF1020249
:1086E000204601F06CFBA0BBB38923B194F867313D
:1086F0000BB10237BFB233689DF8022039462046DD
:10870000FFF72CFD28BB012384F8F731204601F048
:10871000F5F9A8B194F8613193B98DF80330736815
:1087200094F866015968053918BF01210DF103025B
:1087300005F096F868B9019B9DF903201344019355
:10874000D5E900230199521843F10003C5E900233C
:10875000002003B0F0BDC068A2E700002DE9F04F93
:108760009A468FB0137B446C049303F06003202B74
:1087700094F808B005900F46164607D0602B03D139
:1087800021B16FF00A051DE00029FAD0049B13F017
:1087900001031FBF059A3368D2689B181BBF0A9359
:1087A0000123CDE90A330B93BAF1000F01D184F80C
:1087B00095A00A99C4F874A02046FFF7CBFB051ECC
:1087C00004DA2DB228460FB0BDE8F08F1ED00A9A09
:1087D00001212046FDF718FFAE4BC4F88C3007236B
:1087E00084F8903096E80F0004F17C0C012D8CE8A1
:1087F0000F00A76701D10025E4E729462046FFF7CF
:108800005BF80028F7D02046FEF756FA012005F065
:10881000D9FC96F90D3084F86631317B2046C1F3DE
:108820004111FFF74BFC7368002B20DDD4F89C301E
:1088300033B1002108462DF023F80023C4F89C3002
:108840007368B168002BB8BF0F331B11103B23EACC
:10885000E37919B9D4F86C3103930CE04A1C62D067
:108860002046D4F86C5100F063FE2B18F4E7002387
:1088700003934FF0FF39002F57D094F86731B7F8C2
:108880000C801BB108F102081FFA88F894F96611F0
:108890000DF12602204601F092FA0546002891D1FA
:1088A00094F8F731002B42D0204600F0CCFA054670
:1088B000002887D1BBF105019DF826B00C90D4F8B3
:1088C0005C31CDF8330018BF01210DF12702584665
:1088D000CDF83130069104F0EFFF054600287FF413
:1088E00071AF9DF827000699002800F0A28094F847
:1088F0000A32834227D094F80C32834200F09180F0
:108900002DF0D4F894F80A328DF83000002B40F0A6
:108910008A802B4604EB43039DF8272083F80A2224
:1089200083F80B0217E0002396E7B846AEE79DF800
:10893000262004F1180341462046FFF70FFC0546A8
:108940000028B1D03EE72B4603F5827304EB4303C6
:10895000DB788DF830300CA82CF06AFD94F86001BB
:108960002DF090F9204600F085FDCDF800A083465B
:1089700003460AAA0BA92046FDF720FD5A46069099
:108980000A9901232046FDF76DFDDDE90AAB07904A
:10899000B8F1000F55D1049B0021C3F3800240467B
:1089A0002CF0B8FDBBF1000F09D0206EAAEB000A35
:1089B000606E00EB0A102CF0E5FD4FF0010BB9F1F1
:1089C000000F08DD48462CF06FFFBDF80C004BF09F
:1089D000020B2CF063FE039BC4F8E8314FEA091246
:1089E000C4F8E4215FFA8BF02CF0B8FD002831D1F7
:1089F000059A4346D26804F5887104F11800FDF722
:108A000099FE032102462046FDF784FF0A9A0121C0
:108A10002046FDF7F9FD337BC3F3C00384F895309E
:108A2000D0E6012390E794F80C32002B93D1012378
:108A300070E70CAA584604F055FF00288BD0054675
:108A4000C0E6002FA7D0B968B88900222CF052FDEB
:108A50000028A0D0204600F046FD94F888319B07FE
:108A600008D4069B8BB10021204600F024FE6FF055
:108A70001705A7E6079B23B10021204600F01CFE46
:108A8000EFE72046FDF7E7FCEBE72046FDF7D2FCD9
:108A9000EDE700BF998A000007B5416C91F894306A
:108AA00081F89030002300934B6F01F17C02896FB5
:108AB000FFF754FE03B05DF804FB00002DE9F04F12
:108AC0000F7B446C17F0010718BF0B6885B00D468B
:108AD00092461ABFA3F5807B0127BB460AB984F8EA
:108AE0009520C4F874A059462046FFF733FA061EB5
:108AF00004DA36B2304605B0BDE8F08F1DD05A46D4
:108B000002212046FDF780FD7D4BC4F88C30082300
:108B100084F8903095E80F0004F17C0C012E8CE86D
:108B20000F0001D10026E5E731462046FEF7C4FEDE
:108B30000028F7D02046FEF7BFF8022005F042FBE0
:108B400095F90D3084F866312B7BC3F3001384F85C
:108B5000F5310023C4E90A33C4E97F334FF6FD72CF
:108B600062864FF0FF32C4F83A20C4F83E20A4F8E1
:108B7000FA31C4F80432A4F80832297B2046C1F344
:108B80004111FFF79BFA204600F060F906460028E5
:108B900040F0B38095F80C80D4F89C3008F00208BF
:108BA000984504D041462CF06BFEC4F89C80D5E972
:108BB0000198CDE9027BB9F1000F15D1D4F86C71A1
:108BC000AFB1B8F1000F78D0D4F86801784348BF4E
:108BD00000F2FF10B8F1000F4FEA6020B8BF08F1B3
:108BE0000F0800EB281004E0B9F1FF3F5DD100272A
:108BF00038462CF043FD204600F03CFCCDF800A0A8
:108C00000346834603AA02A92046FDF7D7FB039932
:108C1000804600235A462046FDF724FCB7F5803FE6
:108C2000824612D3204600F025FC039B354A4B4474
:108C3000A3EB000934480023A9FB000132F0F0FA4D
:108C400001462046FEF72EF80027B8B22CF026FD8C
:108C5000029840B1236E0398C01A636E03EB0010B4
:108C60002CF090FC01202CF0FFFC814678B394F8A6
:108C700088319B0706D5BAF1000F20D0002120468D
:108C800000F01AFDB8F1000F1DD00021204600F0C1
:108C900012FD2046FEF710F80FFA89F018B32046AF
:108CA00000F021FC6FF0170624E749462046D4F86F
:108CB0006C7100F03DFC074482E7404699E720468E
:108CC000FDF7C9FBDEE72046FDF7B4FBE1E7039AB9
:108CD000C4F8E87102212046FDF71CFE039A022128
:108CE0002046FDF791FC287BC0092DF09BF82B7BDB
:108CF000C3F3C00384F89530FCE66FF00206F9E692
:108D00000D8D00008009EE0040420F00416C91F88B
:108D1000943081F890304A6F00237C31FFF7CEBE4B
:108D200073B5CEB23046D11C144604F0A3FE0546FE
:108D300070B9E3787BB101A9304604F085FE211DAE
:108D4000304604F0A3FE019B1A8822809B78A37012
:108D5000284602B070BD6FF00F05F9E773B5CEB2CB
:108D6000304601A9154604F02FFE044660B9294695
:108D7000304604F01DFE2B78032B1DBF019B1B8882
:108D8000A5F801306FF00F04204602B070BD70B539
:108D9000CDB22846511C144604F0CAFD064670B9EF
:108DA00063780F2B0DD02146284604F0B1FDE11C5D
:108DB000284604F0DDFDA11C284604F0C9FD30461C
:108DC00070BD6FF00F06FAE72DE9FF41144649B276
:108DD0006A460A9D07461E46FFF7C0FFD8B99DF9AF
:108DE0000180224641463846FFF7D1FF98B986F800
:108DF0000080A2782B789DF9028013432B70221DEE
:108E000041463846FFF7C3FF28B986F801802B7822
:108E1000A27913432B7004B0BDE8F08173B50D4601
:108E200011460DF107021E4600F0C9FF044638B98D
:108E3000691F9DF80700324618BF012104F0FAFCB3
:108E4000204602B070BD002100F076BE012100F086
:108E500073BEF7B5002390F83A20ADF804308DF8D2
:108E6000063002AB1A44012302F8043C90F83B2080
:108E7000FF2A1BBF02A952181D4602F8043C18BF66
:108E80000225044600F1060C0023012694F83C114B
:108E900094F83D210139C9B2092920D8013AD2B24A
:108EA000092A1CD802AF0F4417F804ECBEF1000FDA
:108EB00006D107F8046CC718013387F83C10DBB201
:108EC00002A9114411F8047C37B901F8046CC118E7
:108ED000013381F83C20DBB20234A445D6D15819C5
:108EE000C0B203B0F0BD00002DE9F04F00230B60CD
:108EF0008B6A13F0280F91B004460E463DD0CA6924
:108F0000002A3ADD082A04DD6FF00A0011B0BDE83E
:108F1000F08F9A0602D54A6A002AF5D013F00803AA
:108F20000AD0336A002BEFD00CA804F013FC9DF993
:108F300030306FF05602D31AE56A029315F004053B
:108F400004F13A0712D1DFF80893B84618F8011B6C
:108F5000FF2904D005EB451048442CF03FFF0135B4
:108F6000082DF3D1E36A43F00403E3624FF00008F5
:108F70000397C246F369984509DBB36AD90600F145
:108F80004781B36A03F07B03B3620020BEE7039B13
:108F900013F8015B0393FF2D00F08C80B26A170772
:108FA00031D512F0400F08BFA949D6F820904FEAFA
:108FB0004A1004BF00EB0A025218C8EBC80309EBC1
:108FC00043070CBFD28A0022FA80A14A50441044C1
:108FD000828A92017A81028B91B2002975D129F897
:108FE0001320BA803A810523B5FBF3F303EB830327
:108FF000EB1ADBB243F008023A73D4F8C02002B196
:109000003B73029B7B80B26A90064FD5D6F824C092
:1090100008EB480E1CEB8E0702F0400200F0F580D2
:10902000B868002800F0F180B979032940F2ED809A
:109030000523B5FBF3F303EB8303EB1A43F00803BB
:109040000CF82E30002A40F0A6802B1E18BF0123FA
:109050007F4A4FEAC33C0AEB4A131344DB8A23EAF4
:109060000C039B097A88B7F804C01A4412B2002A8C
:1090700080F2A0805B427B80002D40F0F2812A4686
:109080009444BCF5806F02DDC2F58063BB80072984
:10909000BB8892B240F2A9800021009129462CF0B1
:1090A00023FC002840F0B1800823BB7108F10108BF
:1090B0005FFA88F80AF1010ABAF1080F7FF45AAF93
:1090C000F3699845BFF659AF1EE794F9F8B1002D42
:1090D0002DD1B4F8FA21002A34D029F813202A46D9
:1090E000B4F80212002945D0B980E2B1BBF1000FFB
:1090F00013D039F813204FEA4B1B5A451FFA8BF156
:10910000C6BF521A92B2002229F81320BA8893459A
:10911000B5BF511A0022B980BA8039F81310BA8845
:109120007DB3012D32D039F813303B815BE7012D3F
:1091300008D1B4F8FE212AB129F813200022B4F88E
:109140000612CFE70CAA29460593049000F07CFC98
:10915000BDF93020DDE90403002ABABF524292B2C1
:10916000002229F813200DB90122B9E7012D01D100
:109170002A46E4E73A1D2946049300F06EFC049B5E
:10918000B4E7A4F8FA11A4F80222CCE7A4F8FE117F
:10919000A4F80622C7E755B994F80CC040F216238C
:1091A00040F2EE22BCF1180F98BF13465AE740F286
:1091B0006D1357E775B1B2F5007F03DB40F2FF1284
:1091C000D31A7B809444BCF5007F7FF760AFC2F573
:1091D00000735BE7B2F5806FFFF652AFC3F57F73A4
:1091E00003337B8040F2FF324AE7052905D929463F
:1091F0002CF08EFB48B9062357E701210091294640
:109200002CF072FB08B904234FE7C6F81C807BE6FC
:10921000204600F009FC00283FF4B3AE94F9661133
:1092200008AA2046FFF77CFD10F1100F054600F05C
:10923000168100287FF46AAE9DF8247037B19DF83E
:109240002370B046A246EBB29F4203D8376098E63F
:1092500055A3002008AB0CAA15F903B020465946C7
:10926000FFF77CFD00287FF451AE237A9DF8309003
:109270000393591F5FFA8BFB18BF012106AA5846BA
:10928000029104F0ABFB00287FF440AE02990AAAD9
:10929000584604F0C7FB02990DF11A02584604F033
:1092A000AFFB9DF92800002880F28980039B6E4A5D
:1092B000052B6E4B08BF134607939AF83C310522E5
:1092C000013B93FBF2F202EB82029B1A013B1A066E
:1092D000D9B27CD42046FDF7D5F883469AF83D31C3
:1092E0000522013B93FBF2F202EB82029B1A013B47
:1092F000D9B21B0608D42046FDF7C4F8584569D3F7
:10930000BBF1000F08BF83465846FDF7ADF8BDF925
:10931000183088F80A0029460AA80293BDF91AB045
:109320002CF040F9BDF92A20029B12F4005F1CBF0B
:109330006FEA82426FEA9242D31A1BB243F244218F
:1093400093FBF1F201FB1232494B9A4244DA8B183B
:109350001BB2BBF1000F11D0A3EB0B0303F5964337
:10936000663343F24421ABF5C95BABF1020B93FBCF
:10937000F1F201FB12339B440FFA8BF3BDF9282065
:109380000292079AB2F9001099422EDDB2F902104A
:10939000029AA8F80420B9F1010FA8F80630A8F83D
:1093A000081004D0B9F1020F18BF4FF0000988F877
:1093B0000B90013508F108080AF1020A43E707A9F2
:1093C000C0B204F0CFF900283FF477AF9EE54FF02C
:1093D000000B83E7834697E741F622118A4213B2D6
:1093E000B7DDA2F54953043BB2E7B2F978109942D0
:1093F0002FDCB2F97A10CBE700EB0C0101EBD17155
:10940000491032F921E09E4527DC01F1010C60454D
:10941000F2D14FEA800BABF1040B02EB800102EBBF
:109420000B0C4988BCF802E032F92000A1EB0E0ECB
:109430000FFA8EFEA3EB000C0CFB0EFC32F80BE0D7
:10944000A0EB0E000FFA80FE9CFBFEFC614409B20B
:109450009EE71E204FF0000CD9E70846D7E700270B
:10946000F4E60022AEE600BF5CC20300D8C20300EF
:10947000DEE6FFFF10B5044619F052FBD4E91623CF
:10948000801A4FF09C0261EB0303A0FB020102FB78
:1094900003110A22002331F073FE10BD19F040BB06
:1094A00010B5D0E91843C3EB0413194422EA111094
:1094B000400002F0704242EA111200F08050104465
:1094C00010BD70B5054614461E46FFF7D3FF240AAB
:1094D000A0F56E0244EA06612846A2F51862BDE8CE
:1094E0007040FFF7DDBF13B5044600F16401684624
:1094F00019F018FBD4E916210098019B801A4FF04F
:109500009C0263EB0103A0FB020102FB03110A2290
:10951000002331F035FE94F848302066022B08BF56
:1095200001234FF0000008BF84F8483002B010BD9E
:10953000D0F8680100EB4111013991FBF0F0704760
:10954000D0F86821084610F1FF334FEAE17141F18C
:10955000FF31F0B55143D71703FB0711A2FB0323DB
:109560000B44541C43F10005002C75F1000103DA93
:1095700012F1200443F10005600940EAC560F0BD26
:1095800070B5D0F88C61044600F10805C0202BF0BE
:10959000F7FE002842D128462BF030FF0546002870
:1095A0003FD12CF081F928462CF068F8B4F8581116
:1095B000B4F856012CF03CF9B4F854012CF0D6F86C
:1095C000B4F852012CF0E6F820462CF0F7F82846C3
:1095D0002CF010FA94F80421D4E93F012CF0B6F8ED
:1095E00001202CF0E9FA01202CF0BAF901202CF02E
:1095F000DBF9292140F601102CF064F801202BF052
:10960000C9FE19F013FB2BF089FE40F201233060F4
:10961000A4F83C3184F83E51284670BD6FF00B0031
:10962000FBE76FF01800F8E7014B1868FDF719B871
:1096300060A4002008B5F9F76FFB19F013FB0020B8
:1096400008BD37B5D0F88C51044619F0BBFB2CF09F
:10965000F9FB19F0EBFA2BF0F5FE2B79002B14BF78
:10966000032000202BF0A6FE10BB2CF079FA2CF082
:1096700067FA19F095FB0DF1060004F063F89DF808
:109680000630FF2B04BF94F865318DF806309DF845
:1096900006002CF0C3F90DF1070004F01BF89DF84B
:1096A00007002CF09DFA2046FDF7D0FA03B030BD3C
:1096B0006FF00B00FAE77047704710B50C463AB1EF
:1096C000017A90F86601053918BF012104F0B2F85B
:1096D0002046FF212BF08CFF002010BD70B5037ACF
:1096E000D0F88C518B42044607D1037B934204D1BE
:1096F000437B934201D1002070BD217222736273BB
:10970000BFF35B8F94F87231BFF35B8F002BF2D005
:1097100094F89460012E08D004F108002BF06EFE3E
:109720000028E8D06FF01800E6E700232B712046F0
:10973000FCF7FAFD2E710028EED0DDE7094B07B5E6
:109740000146186829B1002203B05DF804EB19F056
:109750000DBA019119F03AFA0199084603B05DF883
:1097600004FB00BF64A400201FB509BA009102AA3F
:1097700069461C462CF048FA10B100B204B010BD86
:10978000029B23609DF80C302371F7E770B5448885
:10979000049E079DB4F5807F0FD008D8402C0CD0D4
:1097A000802C0AD0202C0AD06FF00A0070BDB4F5CE
:1097B000806F02D0B4F5805FF6D10C8002E00C809F
:1097C00003212970017911B10229EDD10321117012
:1097D000427912B1062AE7D101223270059A8179C5
:1097E00011702978428803290CBF0421082109320D
:1097F000521A1A80069B00201870D7E770B588B0FF
:1098000000238DF81B3090F89430012B04460D4650
:1098100006D06B88B3F5805F08D16FF00A0003E0D3
:10982000FCF782FD0028F4D008B070BD2946002066
:10983000FCF788FE0028F7D10DF11B0303930DF10F
:109840001A0302930DF11903019306AB00930DF176
:1098500017020DF11E0307A92846FFF797FF0028FE
:10986000E2D1A27B9DF817309A4210D0BFF35B8FF4
:1098700094F87231BFF35B8F1BB19DF817002CF089
:109880004BF99DF81730A373012084F8F401627C32
:109890009DF819309A42054604D1227C9DF81A3071
:1098A0009A4273D0BFF35B8F94F87231BFF35B8F32
:1098B0002BB19DF819109DF81A002CF015FA9DF89F
:1098C0001930637401209DF81A30237484F8F40170
:1098D0000646E27B9DF818309A4211D0BFF35B8FA9
:1098E00094F87231BFF35B8F1BB19DF818002CF018
:1098F00011FA01209DF81830E37384F8F40106464C
:10990000E27A9DF81B309A420ED0BFF35B8F94F839
:109910007231BFF35B8F1BB19DF81B002CF00EFA68
:109920009DF81B30E3720125B4F80920BDF81C3006
:109930009A4212D0BFF35B8F94F87231BFF35B8F02
:109940001BB1BDF81C002BF0F5FD0120BDF81C304B
:10995000A4F8093084F8F4010546628ABDF81E3087
:109960009A420ED0BFF35B8F94F87231BFF35B8FD6
:109970001BB1BDF81E002CF0F5F9BDF81E30638256
:109980000126002D0CBF304602204DE70026A0E73F
:1099900019F006BA19F016BA194B37B5C0F88C3160
:1099A000184B0546186019F00DFA2846FFF7E8FD38
:1099B0000446F0B905F1C8002BF0A8FE20462BF0B4
:1099C00085FD20462BF06EFD01A819F0A7FA19F0CD
:1099D000ABFA23460C4A019919F0A6F80B4B186014
:1099E00050B10B4BC5F8083119F0DAF9012385F8AD
:1099F0007031204603B030BD6FF00B04F9E700BFB3
:109A0000A401002060A400202996000064A4002086
:109A100068A40020014B1868704700BF60A40020B4
:109A20006FF0110070470000D0F88C311868054BBA
:109A3000984204D00233C31A58425841704701205B
:109A4000704700BF1203CADE10B514462CF09EF911
:109A5000013004BF0023238010BD13B514460DF15F
:109A600006022CF0A7F9013008D0BDF90630002B12
:109A700004DC5B429BB2238002B010BD0023FAE7F6
:109A8000102813D8DFE800F0090C100C1212121283
:109A90000C121212121212121000002008707047DD
:109AA00002230B70002070470323FAE76FF00A00CF
:109AB0007047012804D0022802D020B908707047EE
:109AC0000870002070476FF00A007047D0F88C31A2
:109AD0001B6810B58B600C462BF006FCC4E9000136
:109AE0002BF0EEFBE060002010BD08B52CF0AEF8C6
:109AF000431C0CBF6FF00A00002008BD0020704717
:109B000013B504460DF1070003F054FE9DF807302D
:109B1000FF2B0FD0DB08012B28BF012394F8322143
:109B2000002A08BF002384F83A30FF2384F83B3032
:109B300002B010BD0123F1E72DE9F04F89B04FF0DD
:109B4000000990F8487190F816808DF80A90054643
:109B50000E46002900F0E98090F9661104AAFFF78B
:109B6000DFF804468246002840F0D9809DF8146052
:109B70002846002E66D1FFF757FF9DF910B08146A9
:109B800006AA59462846FFF702F90446002840F085
:109B9000BE809DF81830012B40F00E819DF819A071
:109BA000BAF1010F07D0B9F1000F00F00581BAF149
:109BB000020F40F001819DF81A308DF80A309DF8AF
:109BC0001B30002B3BD047F00107FFB24FF00008DD
:109BD000A5F83C815FFA8BF6002211462846FFF774
:109BE0008FFF297A053905F59A7218BF0121304691
:109BF00003F020FE0446002840F08D8095F84F3198
:109C0000534504D050462BF077FF85F84FA195F8C7
:109C10004831BB420AD038462BF0A2FBBB074CBFF1
:109C2000002001202BF08CFB85F84871AB7D43456B
:109C300071D085F8168040462CF0E4F86BE027F0F0
:109C40000107C3E7FFF7F0FE002800F0B5809DF89C
:109C50001330012B00F2B0800DF10A0300939DF840
:109C600010108DF80A4003AB06AA2846FFF7ACF89F
:109C7000044600284AD19DF81830012B40F09C8002
:109C80009DF819305A1E012A00F296809DF81C207A
:109C9000012A40F091809DF81D20511E012900F2FB
:109CA0008B80934200F085809DF81B2012B99DF8AF
:109CB0001F20AAB147F00107FFB2012B95F83231FE
:109CC0009DF80C600CBF4FF0030A4FF0040A53B923
:109CD00095F8F531002B6CD1A5F83C3198467BE71F
:109CE00027F00107E9E76A7D0E2A4FF002039CBFC7
:109CF0004FF001089DF80D6085F83D3186BF85F86D
:109D00003C314FF0030885F83C8165E75646B24682
:109D1000002C3FF461AF204609B0BDE8F08F4E46FD
:109D2000B246002C3FF45DAFF5E7FFF77DFE0DF185
:109D30000B01814695F8660103F090FE04468246C9
:109D40000028EDD19DF80B0003A903F0F1FD0446B6
:109D500068BB0DF10A019DF80B0003F0F9FD9DF8B9
:109D60000B0004A903F0D4FD9DF810A0BAF1000F78
:109D70001FD19DF80C30012B04D0B9F1000F1BD07E
:109D8000022B19D19DF80B6006A9304603F000FEA6
:109D90009DF8183043B147F00207FFB200239DF849
:109DA0000CA0A5F83C311CE727F00207F6E7564661
:109DB000B6E76FF00A04AEE76FF01104ABE713B536
:109DC0000846C0B20DF10601144603F047FE80B903
:109DD0009DF9060000280EDB0DF10701C0B203F06B
:109DE000A7FD58B99DF807300F2B07D09DF8063016
:109DF000237002B010BD6FF00A00FAE76FF00F0099
:109E0000F7E7F8B5044600F1800701F09AFDE06F2E
:109E100018B101F07EFE0023E367D4F8805055F8B6
:109E20000469043E281DB84203D10023C4F88830D9
:109E3000F8BD04F0ABF92946204601F09DFC73689B
:109E400035461E1FEEE7F8B51D4643690446164623
:109E500000F11807DBB15B68186816F0E2FDB0B9D5
:109E6000ADB1A469043C231D9F4202D16FF00F00E5
:109E70000AE023682846196816F0D3FD28B9E3687C
:109E8000B34202D1069B1C60F8BD6468EAE76FF03C
:109E90000A00F9E7002300F18002C0E9202280F8DF
:109EA0008C30C0F8883070477047002280F8E82076
:109EB00000F0E0BA70B5054600F18006C06F01F011
:109EC0002BFED5F88040043C231D9E4200D170BD7E
:109ED0002146284601F054FC6468F4E7FFF791BF7F
:109EE00070B590F8E94005464CB901F02BFE0646E6
:109EF00040B12846FFF785FFEE67204670BD6FF042
:109F00000500FBE76FF00A00F8E72DE9F84FC46F92
:109F1000054691469A4600F1800B1CB96FF00A0085
:109F2000BDE8F88F6368186816F07BFD0028F5D14E
:109F3000BAF1000FF2D0D5F88060D846043E371D44
:109F40005F451DD15F46246824B1D5F888309C4216
:109F500029D90024DDE90A235146284601F024FCD2
:109F60000028DBD0C0F80C9004309CB10146384684
:109F700004F021F93146284601F0FEFB0020CFE72E
:109F8000F3684B4504D0DED27668B846043ED6E787
:109F90000124DFE7414604F0ECF8D5F888300133BE
:109FA000C5F88830EAE76FF01900B9E7C36F13B559
:109FB000044673B10123204684F8E83000F05AFAD1
:109FC00094F8E930002B14BF00206FF00B0002B0B2
:109FD00010BD08491A46FFF783FF0028F7D1054B4B
:109FE000CDE90000024619462046FFF78EFF002803
:109FF000E0D0ECE754C3030037B5C46F01931546B6
:10A0000064B16368186816F00CFD38B9019A2946E6
:10A01000204603B0BDE8304001F084BD6FF00A0077
:10A0200003B030BD1FB5044603A8009004F16800DA
:10A03000FFF709FF28B9DDE906230399204601F05F
:10A04000A5FB04B010BD1FB5044603A8009004F1A1
:10A050006800FFF7F8FE38B9089B00930399DDE923
:10A060000623204601F0D0FB04B010BD70B50546B4
:10A070000E4655F8804F043C231DAB4202D16FF0D1
:10A08000110070BD23685B6A0BB96468F3E7314661
:10A09000204698470028F8D00020F2E72DE9F84341
:10A0A00090F88C3004460D4623B101F04AFC0023A1
:10A0B00084F88C30E7692F44D4F874C0BCF1000FE9
:10A0C00015D12946204601F046FC10F1100F61D150
:10A0D0003849C4E92515002304F1900284F8903032
:10A0E000C4F89C301046BDE8F8833546E4E7D4F860
:10A0F00070E0A36FA16E0EEB0313691A1A7B0020A8
:10A100007AB1A26F01329445A26707D81A7B002A60
:10A11000D7D09B68002BD4D0E166D2E70EEB0213B8
:10A1200001209E681EB15A688A1A9642E9DD236FA3
:10A13000A26FA66E110103EB021253F801C053681F
:10A14000D2F808801E4420B1AB1B35EA230528BF96
:10A150003546B8F1000F21D0AA1BDCF800302946A3
:10A16000D3F8209060464346C84702460028B9D13C
:10A17000B8F1000F14D04644BB1B002BB5DA0D4BD1
:10A1800084F89000761BC4E9253504F19002C4F8E8
:10A190009C60A7E70028CADA0022A3E74246DCE772
:10A1A000044B84F89080C4E9253504F19002C4F88A
:10A1B0009C8097E75CC3030000F05CB9D0F8C03026
:10A1C000DB6903B1184700F041BA03682BB10022E4
:10A1D00002601A681846926A10477047024BC0F82E
:10A1E000C0305B68184700BF58C40300704703F0D5
:10A1F000F1BFD0F8C0309B6870B504460D4603B17E
:10A2000098476B68C4F8C0501BB12046BDE8704049
:10A21000184770BD10B50446D0F8C40043681B68E9
:10A2200003B198470023C4F8C43010BD38B590F886
:10A23000E83005461BB9BDE8384000F0ADBBFFF77C
:10A240002DFF014620B92846BDE8384000F0FEB990
:10A250000023C5F8C400C5F8CC300378042B27D8F8
:10A26000DFE803F003161A1E2200284600F0B2FAB7
:10A27000044600B301212846FFF7CCFF14F1180F64
:10A2800001D01334DFD12846BDE8384000F014B8BF
:10A29000284600F021FBEBE7284600F009FCE7E741
:10A2A000284600F009FEE3E7284600F073FADFE7EE
:10A2B0004FF0FF34DEE738BD13B50023019390F86B
:10A2C000E83004464BB1036E01A91B6B984720B1DF
:10A2D000204600F0BBF902B010BDA169019B2046E9
:10A2E0001944FFF7A3FFF6E773B5D0F8C45004464E
:10A2F000E5B1D0F8C83093B10023ADF80430036E57
:10A300001B690BB101A998476B68D4F8C810DE68C7
:10A3100001AA02232846B0470023C4F8C83001210F
:10A320002046FFF777FF0023C4F8C43002B070BDA9
:10A330002DE9FF414B7804460E46002B54D0036EA6
:10A3400001215B6E98470546002849D1D4F81C319D
:10A3500043F48033C4F81C31326A002A55D0236E8E
:10A3600006F110015B6D204698470546002837D15D
:10A37000D4F81C31326A1343C4F81C31776A0FB920
:10A3800004F580777968204600F0EEFE054638BB7C
:10A39000736A1BB9D4F81C319A0312D5236E3A792B
:10A3A000D3F8448039783B7A2046C04700285FD1F3
:10A3B000726AD4F81C31002A45D043F40033C4F843
:10A3C0001C31B16A002941D0236E20469B6C98470E
:10A3D000054628B9D4F81C3143F48023C4F81C3155
:10A3E000284604B0BDE8F081D0F81C31D903B3D5BC
:10A3F000036E90F8FC105B6E984705460028EFD17D
:10A40000D4F81C3123F48033A4E7D4F81C3113F0C2
:10A410000F07B3D0D4E93C23CDE90023D4F8F830BA
:10A42000029394F818318DF80C30236E3A465B6D28
:10A4300069462046984705460028D1D1D4F81C31FA
:10A4400023EA070398E723F40033B8E7D4F81C3174
:10A450005B03C5D5236E04F586719B6C2046984737
:10A4600005460028BCD1D4F81C3123F48023B5E77D
:10A470000546B5E710B5D0F8C03004465B6A98478A
:10A4800004F1D400BDE81040FFF79FBE10B50446AC
:10A490004FF0FF31D0F8D80018F046FED4F8C030A5
:10A4A000DB68204653B1984704F1D400FFF78DFED6
:10A4B000D4F8D800BDE8104018F05ABEFFF77EFE71
:10A4C000F2E710B504464FF0FF31D0F8D80018F08D
:10A4D0002BFED4F8C0301B69204653B1984704F1D5
:10A4E000D400FFF772FED4F8D800BDE8104018F091
:10A4F0003FBEFFF763FEF2E738B504460D46D0F8DD
:10A50000D8004FF0FF3118F00FFED4F8C0305B696F
:10A5100063B129462046984704F1D400FFF755FE61
:10A52000D4F8D800BDE8384018F022BE2046FFF726
:10A5300045FEF1E710B504464FF0FF31D0F8D800E2
:10A5400018F0F2FDD4F8C0309B69204653B198470B
:10A5500004F1D400FFF739FED4F8D800BDE810406C
:10A5600018F006BEFFF72AFEF2E710B54FF0FF31F4
:10A570000446D0F8D80018F0D7FD2046FFF71EFE9D
:10A5800004F1D400FFF721FED4F8D800BDE8104054
:10A5900018F0EEBD10B504464FF0FF31D0F8D800EA
:10A5A00018F0C2FDD4F8C0301B6A0BB120469847A2
:10A5B00004F1D400FFF709FED4F8D800BDE810403C
:10A5C00018F0D6BD70B504460E46D0F8D8004FF04E
:10A5D000FF31154618F0A8FD204600F06DFF60B968
:10A5E0002046FFF7EBFD04F1D400FFF7EEFDD4F8B1
:10A5F000D800BDE8704018F0BBBD3DB90369B34257
:10A600000ED1037D002B08BF6FF0A205C16800F1D9
:10A6100010022B46204601F046F90028E0D1E2E77F
:10A620006FF0A205F2E7002380F8EA307047704728
:10A63000704790F8E8300BB900F0AEB970470123CD
:10A6400080F8EA300221FFF7D2BD000090F8E83030
:10A650000BB900F0A1B90149FFF7CBBD68C30300F6
:10A66000022970B5044606D1FFF7D4FD2046BDE8A7
:10A670007040FFF721BE01290ED1D0F8C430D3E9D4
:10A6800002650021FFF7C6FD002DEFD0A919204675
:10A69000BDE87040FFF7CABD39B10121FFF7BAFD2F
:10A6A0002046BDE87040FFF7D1BF70BD10B504462D
:10A6B000D0F8C40043681B6A33B19847014620466E
:10A6C000BDE81040FFF7CCBF10BD10B50446D0F870
:10A6D000C4004368DB6933B1984701462046BDE8B2
:10A6E0001040FFF7BDBF10BD10B50446D0F8C40040
:10A6F00043689B6933B1984701462046BDE8104046
:10A70000FFF7AEBF6FF01101F7E710B50446D0F8C0
:10A71000C40043685B6933B1984701462046BDE8F1
:10A720001040FFF79DBF6FF01101F7E710B5044629
:10A73000D0F8C40043681B6933B1984701462046EE
:10A74000BDE81040FFF78CBF6FF01101F7E710B5BF
:10A750000446D0F8C4004368DB6833B1984701462B
:10A760002046BDE81040FFF77BBF6FF01101F7E70F
:10A7700010B50446D0F8C40043689B6833B19847CD
:10A7800001462046BDE81040FFF76ABF6FF0110197
:10A79000F7E7000070B505460C460849FFF729FDAC
:10A7A00021462846FFF7C4FD38B963685B681BB1D2
:10A7B0002046BDE870401847184670BD98C3030096
:10A7C00010B500210446FFF725FD2046BDE81040E6
:10A7D000FFF772BD38B5D1E90223016E8C6A191EEC
:10A7E0001A4418BF01210546A047044618B9034979
:10A7F0002846FFF7FEFC204638BD00BFC8C3030053
:10A80000704710B501210446FFF704FD2046BDE85E
:10A810001040FFF751BD10B500210446FFF7FAFCC8
:10A820002046BDE81040FFF747BD0000F0B591B0ED
:10A8300004460021D0F8C4600191382202A815F026
:10A8400015FB0423ADF83830236E02AADB6901A999
:10A8500020469847054680B9736801995F6802AA47
:10A8600003463046B847BDF838305B0505D50B497F
:10A870002046FFF7BEFC11B0F0BD291E204618BFD0
:10A880000121FFF7C7FC204625B1063502D0FFF7AE
:10A89000DDFEF0E7FFF710FDEDE700BF28C4030081
:10A8A000036E10B59B6904469847831D12D040B1D2
:10A8B00020460121FFF7AEFC2046BDE81040FFF71F
:10A8C000C5BE20460221FFF7A5FC2046BDE810408A
:10A8D000FFF7F2BC10BD00007FB50C460546102204
:10A8E0000021684615F0C2FA4FF0FF33019321466C
:10A8F000022328468DF80C30FFF71AFD044660B994
:10A900002B6E02465E69694603462846B0470446F8
:10A9100018B903492846FFF76CFC204604B070BD07
:10A9200000C403007047704710B501210446FFF7CB
:10A930005EFC012384F8E93010BD90F8E83070B572
:10A9400004469BB1036E1B689847054670B92046C4
:10A95000FFF7B2FC94F8EA3043B1D4F8C03084F881
:10A96000E85020465B6ABDE87040184770BD90F81B
:10A97000E93010B504466BB1FFF79CFA0021204680
:10A9800084F8E910FFF733FCD4F8DC00BDE8104090
:10A9900018F063BC10BD000010B5036E04465B6880
:10A9A00098472046FFF7A0FC204600F0CAFF20464B
:10A9B0000249BDE81040FFF71CBC00BF58C40300AB
:10A9C000704770B590B004460021D0F8C450019192
:10A9D000382202A815F04AFA0423ADF83830236E65
:10A9E00002AADB6901A92046984718BB019BD4F84D
:10A9F000C8109A686B68DE68137803F00703022BAF
:10AA000016D18B6892789B789A4211D10346002226
:10AA10002846B047019803F0A0FC00212046C4F866
:10AA2000C810FFF7F7FB2046FFF746FC10B070BDDB
:10AA30000123ECE72046FFF709FEF7E77047704770
:10AA400038B50446D0F8C400D4F8C81043680022D2
:10AA5000DD680123A84700212046C4F8C810FFF78D
:10AA6000D9FB2046BDE83840FFF726BCFFF7E8BF1A
:10AA700073B50023ADF80430036ED0F8C4501B69E1
:10AA800004460BB101A998476B68D4F8C810DE687A
:10AA900001AA00232846B0470021C4F8C810204668
:10AAA000FFF7B8FB2046FFF707FC02B070BD0000BF
:10AAB0002DE9F0430D4687B010220021074602A879
:10AAC00015F0D4F96B6828469B689847064600281D
:10AAD00031D083681B7813F020081EBF7A680C23DE
:10AAE00053432946384618BF0393FFF721FC044619
:10AAF000C8B93B6E0090D3F8089002AA03463146CD
:10AB00003846C847044670B9C7F8C860B8F1000FA6
:10AB100007D00A493846FFF76CFB204607B0BDE86E
:10AB2000F0830749F6E76B680022DF6831460223AD
:10AB30002846B847F1E76FF01004EEE7B0C4030011
:10AB400088C40300D0F8CC302DE9F34104466BBB38
:10AB5000036ED0F8C4701B6BD0F8D05001A9984791
:10AB6000064618BB019A6B689B1AA2699A421DDAC5
:10AB7000236EDB68D3B120469847831D054615D068
:10AB800010F1120F12D07B68D4F8C810D3F80C80E3
:10AB9000324602233846C047C4F8C8604DB120464B
:10ABA0000121FFF737FB2046FFF750FD02B0BDE85B
:10ABB000F08120460221FFF72DFB2046FFF77CFBAA
:10ABC000F4E700004B6A2DE9F347D0E933980546D6
:10ABD0000E460BB900F580735968284600F0C4FA98
:10ABE00020B10446204602B0BDE8F08798F8003056
:10ABF00003BB98F810309B0749D4D8F8181031B12E
:10AC00002B6E1B6D9BB1284698470028E9D12B6E0F
:10AC10004A465C6908F1040100232846A04704461F
:10AC20000028DFD11B492846FFF7E3FADAE76FF087
:10AC30001100D6E7736830469B689847D8F818101B
:10AC4000074689B12B6E1B6D5BB1284698470446B9
:10AC500050B173680022DD68394602233046A847A8
:10AC6000C0E76FF01104F4E72B6E4FF0000ACDF847
:10AC700000A09C6808F104024B4639462846A047CC
:10AC800004460028E5D10449C5F8C870CBE76FF049
:10AC90000A04A7E7E8C4030010C5030037B54B68F2
:10ACA000019104461B6908469847C4F8D00088B350
:10ACB0000378019963B98368013309D101212046E2
:10ACC000FFF7A8FA204603B0BDE83040FFF7BEBC4E
:10ACD000037F33B120460191FFF72AFB0199002839
:10ACE000ECD1D4F8CC300133C4F8CC302046FFF797
:10ACF00069FF0546F8B101212046FFF78BFA15F1EF
:10AD0000180F01D01335DDD1204603B0BDE8304027
:10AD1000FFF7D2BAD4F8C45001462046FFF77AFABA
:10AD2000EB68002BF0D0A9682046194403B0BDE8B9
:10AD30003040FFF77BBA03B030BD73B50023ADF8E8
:10AD40000430036ED0F8C4501B6904469BB900233D
:10AD5000ADF804306B68D4F8C810DE6801AA284644
:10AD60000023B0470023C4F8C83029462046FFF727
:10AD700095FF02B070BD01A998470028EAD0E6E728
:10AD8000F0B58FB00446D0F8C4600D4638220021DB
:10AD9000684615F06BF805F0FB03012B18BF40F275
:10ADA0000123ADF83030236E69461B6A2046984770
:10ADB00010B10023ADF8303073686A465F683046E2
:10ADC0002B460021B84731462046FFF767FF0FB0FA
:10ADD000F0BD70B5D0F8C4506B6800225E680446C0
:10ADE000114628460123B04729462046BDE8704059
:10ADF000FFF754BF70B5D0F8D060D0F8C45090B011
:10AE000004460021382202A8019115F02FF8B38AD8
:10AE1000ADF83830236E02AADB6901A920469847B5
:10AE2000034658B96A6801995668284602AAB0478D
:10AE300029462046FFF732FF10B070BD20460121A1
:10AE4000FFF7E8F92046FFF701FCF5E7D0F8CC3032
:10AE500037B5044623BBD0F8D050AB6801330CD0D3
:10AE6000036E01A91B6B9847D0B9019A6B689B1AB6
:10AE7000AA681344A2699A4212DA236E20469B699B
:10AE80009847831D0CD010F1120F0BD1AB68013322
:10AE900006D120460121FFF7BDF92046FFF7D6FB7A
:10AEA00003B030BD0028F4D120460221FFF7B2F9EB
:10AEB0002046FFF701FAF3E713B54B68019104460A
:10AEC0001B6908469847C4F8D00068B1019920462C
:10AED000FFF72EFA30B9C4F8CC0001992046FFF7ED
:10AEE00071FE00B202B010BD6FF00A00FAE7036C09
:10AEF00010B51C6802310819FBF725F828B18368E2
:10AF000023448360C369023BC36110BD4368184793
:10AF100010B504464FF0FF3150F8080C18F004F952
:10AF2000637A1BB1A4F1E000FFF746F954F8080C6E
:10AF3000BDE8104018F01CB938B500F5A0700D46FA
:10AF40001249F8F79CFF00B3C46804F5A073E065EC
:10AF50002064002063640121256684F8E90018F06C
:10AF600037F9C4F8DC0018F0C1F8094BC4F8D80070
:10AF7000C4F8E43004F1E001064818F02BFAC4F8F4
:10AF8000E000204600F09EFC204638BD44C503008A
:10AF900011AF00000DAF000010B54FF0FF310446B7
:10AFA000D0F8D80018F0C0F82046FFF71FF9204667
:10AFB000FEF77AFFD4F8D80018F0DAF8D4F8D80001
:10AFC00018F0A6F8D4F8DC0018F017F9204600F0C5
:10AFD0008FFCD4F8E00018F046FAE06DBDE81040B0
:10AFE000F8F762BF026C536843F0080370B504467B
:10AFF0005360C06DF8F75AFF054640BBE36D186912
:10B00000D0E90623C4E93C234FF0FF3684F8FC5016
:10B01000C4F8F8600378C4F800314378C4F8043108
:10B02000236AC4F80831402384F80C31A4F80E31A7
:10B0300040F2026384F81851A4F8103104F164005E
:10B0400003F074F9054620B1E06DF8F735FF2846A6
:10B0500070BD3146D4F8D80018F066F82046FEF7E7
:10B0600019FF2046FFF7BAF8204600F0F0F9D4F8AF
:10B07000D80018F07DF8EAE710B50446643003F014
:10B080006BF9E06DF8F718FFD4F8D8004FF0FF31F6
:10B0900018F04AF82046FEF721FFD4F8D800BDE8A2
:10B0A000104018F065B890F8E900704700F580701E
:10B0B000704790F8E92012B1036E1B6B18476FF0D0
:10B0C0000D007047036E5B6B1847016E896B084774
:10B0D000036E5B6A03B118476FF01100704710B43C
:10B0E000046E246C1CB1A4465DF8044B60472046F6
:10B0F0005DF8044B704710B4046ED4F884401CB162
:10B10000A4465DF8044B60476FF011005DF8044BF6
:10B11000704700F00702052A4FEA90230DBFC0F3E5
:10B120008111810B03F00302C0F301120CBF03F085
:10B130000103C0F3002302290BD003290BD029B946
:10B140000220022A09D0032A0CD03AB16FF0040081
:10B1500070470420F5E70A20F3E70230002BF7D10F
:10B16000013070470830F9E7036C1B691A7803EB6C
:10B1700082035B6823FA01F111F0010F0CBF6FF03D
:10B18000120000207047A1F11903072B09D8816B29
:10B1900001F00802002313430CBF6FF011000020E0
:10B1A000704709390F2903D8816B01F00402F1E7D8
:10B1B0006FF01100704710B5846B081E09DD04F0B4
:10B1C00008020023134318BF002008BF6FF01100CE
:10B1D00010BD04D104F0040203461343F5E7002038
:10B1E000F6E710B5846B002004F008020346134311
:10B1F00004D131F0020318BF6FF00A0010BD10B582
:10B20000846B49B904F480620B46134318BF0020D5
:10B2100008BF6FF0110010BD01294FF00000FAD1F6
:10B2200004F4006203461343F2E708B508F096FB06
:10B2300008F0CEFB08F0D8FBBDE8084000F0E6B807
:10B2400008B500F0E9F808F0D5FB08F0C7FBBDE849
:10B25000084008F089BB00F057BBF7F707BF38B5C7
:10B2600005460C20F7F7C4FE044618B9F7F7FEFEB2
:10B27000204638BD002385600360F9E72DE9F04FD3
:10B2800087B0DDE910A60C6890461A460023814677
:10B290000F463360043C04AD9B46211D8F4206D10E
:10B2A0003068003818BF012007B0BDE8F08FC5E94D
:10B2B00000BBB8F1000F01D0A04528D0D9F800009C
:10B2C00000952146CDE9022300F0AFFADDE9022323
:10B2D000E8B10128E8D14BB1DDE9041018B1084408
:10B2E000101AD84202D5511A19440591316829B172
:10B2F000DAF800000499091A002908DA95E8030031
:10B30000131A002B34608AE80300C9DA831A6468D0
:10B31000043CC2E72DE9F04F064687B0174656F8C1
:10B32000080F119C884602A99A46002500F0C1FB2F
:10B330000DF10C0B3B4600220DF11009039202990E
:10B34000CDF804B0CDF8009042463046FFF796FFA6
:10B35000002820DB1ED0059BE3B104990AEB07020D
:10B36000881A002816DA5DB999E8030084E803001A
:10B37000D4E900310B449A1A002A0ADA0125DAE7E7
:10B3800010982568A0EB010C6068AC441CEB000F22
:10B3900004D50125284607B0BDE8F08F0B445B1BA0
:10B3A0006360E5E770B5054688B055F8080F03926D
:10B3B00000260C4604A9059600F07BFB05AA019225
:10B3C00006AA0092039B049932462846FFF756FFCF
:10B3D000002802DA00B208B070BD059B93B106994F
:10B3E000204600F0EBFA31464FF0FF32204600F0E5
:10B3F000F0FA012300930599079B3246204600F09E
:10B400000FFBE8E76FF00F00E5E70000014800F0F0
:10B4100057BB00BFAC010020014800F077BB00BF64
:10B42000AC01002038B5836805467BB90468A042AA
:10B430000CD0204602F0AAFE2069AC6004F1140290
:10B4400004F11501BDE83840F8F7C0BF38BD10B5AC
:10B4500004460020F8F7AEFF20B904F15003C4E918
:10B460001433A06510BD10B58468002250340287E3
:10B47000214602F084FE2046BDE81040FFF7D2BF0F
:10B480008268916D814210B5034602F1500408D1E3
:10B490004FF65C7308690B87F8F78EFF6FF00500B5
:10B4A00010BD106DA04203D0984203D102F06EFE91
:10B4B0000020F5E70068F5E7034610B59C6D5030B5
:10B4C0001CB100229A65FFF7ADFF204610BD036E48
:10B4D0009B6E03B118476FF011007047C36893F873
:10B4E000E90070476FF011007047C368CAB2072ABD
:10B4F0009ABF002083F8FD106FF00A00704710B566
:10B50000C4684FF0FF31D4F8D80017F00DFE204684
:10B510000021FFF7DCFFD4F8D800BDE8104017F099
:10B5200027BE10B5C4684FF0FF31D4F8D80017F02B
:10B53000FBFD20460121FFF7CAFFD4F8D800BDE883
:10B54000104017F015BE70B5C4680E46D4F8D80088
:10B550004FF0FF3117F0E8FD236E31465B6E204659
:10B560009847054638B9D4F81C3184F8FC6023F4B8
:10B570008033C4F81C31D4F8D80017F0F9FD284600
:10B5800070BDF8B5C4680D46D4F8D8004FF0FF314F
:10B59000164617F0C9FD94F8E93013BB236E324606
:10B5A0005B6D2946204698470746A0B9700744BFFF
:10B5B0002B89A4F8F830F10744BF6B89A4F8FA305E
:10B5C000B20744BFD5E90023C4E93C23330702D5C1
:10B5D0002B7B84F81831D4F8D80017F0C9FD384611
:10B5E000F8BD6FF00507F6E72DE9F041C46816468F
:10B5F000D4F8D800D4F8087188464FF0FF3117F01E
:10B6000093FD31462046FFF7AFFD054698B9236EFE
:10B61000FFB25D6C32463B4641462046A847054690
:10B6200048B9D4F81C31C4F80871C4E9408623F441
:10B630000033C4F81C31D4F8D80017F099FD28461F
:10B64000BDE8F08138B5C56895F8E9304BB12846BA
:10B65000FEF70CFD0446D5F8E00017F0FBFE20468F
:10B6600038BD6FF01304F6E710B5C4684FF0FF3132
:10B67000D4F8D80017F058FD2046FEF716FCD4F891
:10B68000D80017F075FDD4F8DC004FF0FF31BDE8AD
:10B69000104017F0BEBD000038B5C4684FF0FF3150
:10B6A000D4F8D80017F040FDE36D1B691A78C4F890
:10B6B00000215B78C4F80431236AC4F80831064BD2
:10B6C000C4F81C312046FEF771FC0546D4F8D800BA
:10B6D00017F04EFD284638BD0F0007004368184795
:10B6E00073B50446A0F10805A0F5947654F8083C1B
:10B6F0000193019B9D4201D102B070BD2846FAF72B
:10B700004FFC0146304602F0E8FDEFE710B5044675
:10B7100000F59070FAF73EFCD4F82801BDE810401F
:10B7200017F098BEF8B50446D8B18368CBB11F684E
:10B73000BFB15A68AAB19A689AB11B6A8BB10C4E14
:10B740003568B54205D12046294602F012FD002099
:10B75000F8BDAB683946186815F063F920B12D685B
:10B76000EFE76FF00A00F3E76FF00500F0E700BFC6
:10B77000D401002002F00ABD0B6808469B681847F8
:10B780000B68DB68084603B1184770470846114646
:10B790001A4619B103681B6913B118470846704768
:10B7A0006FF01100704700002DE9F84F154CD4F8E8
:10B7B00000A005468B4690469946A24503D1002439
:10B7C0002046BDE8F88FDAF808605946306815F071
:10B7D00028F910B1DAF800A0EFE773682846984717
:10B7E00004460028EBD0266025614B4642462146A0
:10B7F0002846FFF7CBFF0028E2D0B36820469847E1
:10B80000DDE700BFD4010020084610B40468A46935
:10B8100011461A46019B1CB1A4465DF8044B6047D3
:10B820006FF011005DF8044B7047084610B40468CF
:10B83000E46911461A46019B1CB1A4465DF8044B0D
:10B8400060470120C3E900125DF8044B7047C06DEA
:10B85000F8F74BBB07B5C06D11462BB1002203B002
:10B860005DF804EBF8F749BB0192F8F73EFB01994C
:10B87000084603B05DF804EB02F06FBD1146C06DE1
:10B880001A46F8F721BB59B10B689B6A43B1D0F84F
:10B89000D4300BB18B4203D1C0F8D41000207047D4
:10B8A0006FF00A00704710B50C461046194634B1C7
:10B8B000236823B1DB6A13B19847002010BD6FF0F5
:10B8C0001100FBE700F5907310B5C0E94833064B53
:10B8D000C0F82C31044600F59471044817F07AFD45
:10B8E000C4F8280110BD00BFE1B60000DDB60000BD
:10B8F00010B50446D0F8280117F0B5FD04F5907096
:10B90000BDE81040FAF75EBB13B5002301A901930F
:10B9100000F0CFF8019B1C68019A043C231D9A4259
:10B9200001D102B010BD23681B6B0BB120469847B4
:10B930006468F1E7036ED3F89C3003B118471846EA
:10B94000704738B50446006F20B100256567F7F7EA
:10B950008DFB256738BD70B5436F86B004461BB9B3
:10B96000C0E91A130D4604E0C56E002DFAD0826EB0
:10B9700015440022A267A26EE06F0292E26E01956A
:10B98000CDE90323436805940A461B6A01A9984739
:10B99000064628B12046FFF7D4FF304606B070BDFA
:10B9A000636F1BB1A36E5D1B002D05DA2046FFF708
:10B9B000C8FF6FF01106F0E70126EEE703680269A1
:10B9C000CB1A002BA3BF9166416000206FF00A00E4
:10B9D000704710B50469636F8B421AD309B9531CC1
:10B9E00017D16167C160B9B1236F01F1805101398D
:10B9F00003EB0111531C05D08A608B6823B14A68A0
:10BA0000134402E00029F8D10023E366836000209C
:10BA100010BD6FF00A00FBE70132F5D08960FFDE50
:10BA20002DE9F04106698846716F074615461C46A8
:10BA300099B3336F01F18052013A03EB0213002DE9
:10BA40002FDB002C2DDB2BB19A6852B35B681A44B4
:10BA5000AA4226DCB8F1000F23D0D8F8003003B397
:10BA60001B6AF3B10131306F0901F7F731FBD8B12F
:10BA7000736F190100EB0312C2E90154013340F85E
:10BA800001809DF81810117330677367FB6034B93B
:10BA9000F4660020BC60BDE8F0810B46CFE72C4483
:10BAA000F6E76FF00A00F6E76FF01000F3E7FEF735
:10BAB00083BB00F180030B60D0F888007047000062
:10BAC000F8B50446D0B10768C7B1C368B3B103691C
:10BAD000A3B1036A93B10C4E3568043D2B1D9E4201
:10BAE00005D1201D084902F044FB0020F8BD28685C
:10BAF000394614F096FF20B16D68EEE76FF00A004A
:10BB0000F4E76FF00500F1E7DC010020043002F0FB
:10BB10003DBB43681B69184718B143685B6903B1B3
:10BB20001847704710B429B143689B6933B15DF879
:10BB3000044B184708465DF8044B70476FF011003E
:10BB4000F9E700002DE9F047124D2C6807468A46B8
:10BB500090469946043C231D9D4203D1002528466A
:10BB6000BDE8F0872068514614F05BFF08B16468B7
:10BB7000F0E7E3683846984705460028EED06C6049
:10BB80004A464146FFF7CEFF0028E8D02369284601
:10BB90009847E3E7DC010020F8B5044600283AD0D6
:10BBA0008368002B37D01A68002A34D01A69002A1B
:10BBB00031D05A697AB3DA696AB35A6A5AB39A6A5F
:10BBC0004AB31A6B3AB35A6B2AB39A6B1AB35979C0
:10BBD000987981421FD81B6CEBB1124A1668334624
:10BBE000934209D19E4201D100F0D4F920460D497B
:10BBF00002F0BFFA0020F8BD9D68AF79B94203D8C2
:10BC000095F805C08C4509D9B84202D86D798542AE
:10BC100004D91B68E4E76FF00A00ECE76FF0070057
:10BC2000E9E700BFE401002008B502F0AFFA044BD9
:10BC30001A689A4203D1BDE8084000F0B1B908BDC6
:10BC4000E401002010B5084B1A6801469A4201D160
:10BC5000002010BD906844798C4202D884798C42CF
:10BC6000F7D21268F2E700BFE4010020F8B5094CF2
:10BC7000256806460F46A54201D1002009E0AB68C1
:10BC80009B680BB92D68F6E739463046984700287F
:10BC9000F8D0F8BDE401002008B58368DB6813B173
:10BCA000984700B208BD1846FCE78368DB6A70B5A8
:10BCB0000446DBB90123657D63750021204600F051
:10BCC000C3FA23696575DBB9E368D3F8AC20944205
:10BCD00008BF0022204608BFC3F8AC2002F056FA85
:10BCE000A36820465B69BDE8704018470269002AD6
:10BCF000E0D0012182F8401098470028DAD070BDCA
:10BD0000002183F83E10A3682046DB699847DBE7F3
:10BD10000269836810B4012482F83E409B6A5DF892
:10BD2000044B1847836810B51B6C0446984750B104
:10BD30002369012283F83E20A3682046DB69BDE821
:10BD400010408221184710BD70B50546044655F8CD
:10BD5000980F0668A84205D154F8A00F0568A042C4
:10BD600009D170BD03691BB183680021DB69984765
:10BD700030463668EEE783680021DB69984728463D
:10BD80002D68ECE7D0F8AC3033B10022C0F8AC201D
:10BD90009A6818469269104770472DE9F84306469D
:10BDA000D0F8108056F8985F0446B5420ED125466B
:10BDB000002755F8A00F06684FF00109A8420CD1E2
:10BDC000C7B14046BDE8F843FFF771BE2B6913B118
:10BDD0002846FFF7A7FF2D68E7E7D4F8A83083428D
:10BDE00005D184F8D591012730463668E6E7FFF79C
:10BDF00099FFF9E7BDE8F883B0F9283010B50A4695
:10BE0000A0F1100423B9C06A836821461B6A9847D1
:10BE10002046BDE8104000F0DFB938B51C46D0F828
:10BE2000B4305B6805469847C5F8B00030B100F003
:10BE3000F9FB4368236083686360012038BD38B52F
:10BE4000044603B19B1A1A46204600F0FFFB054644
:10BE500040B100F0E7FB294602462046BDE83840E5
:10BE600007F030BF38BD70B50546044655F8980F49
:10BE70000668A84204D12046BDE87040F7F7F6B83E
:10BE8000FFF713FF30463668F3E711F0FF0110B5F6
:10BE900005D00B2907D0BDE8104000F061BA2BB1E6
:10BEA00000F084F810BD00F0A7F8FBE71846F9E7AA
:10BEB00038B54FF4F07105460120F7F7B3F80446A2
:10BEC00090B10346094A456143F8982BC0E92633EF
:10BED00000F1A003C0E928336423C0F8D031012366
:10BEE000C0F8D83100F0A0FB204638BD90C5030053
:10BEF00010B50346002053F8A02F9A4200D110BD80
:10BF0000D46918B1A14204D10020F8E7A14208BFCA
:10BF100010461268F1E710B50246034652F8A00F2A
:10BF2000904205D153F8980F984206D1002010BDD9
:10BF3000046A8C42FBD00068F2E7026A8A42F6D0BB
:10BF40000068F1E713460A460146406902F04BB922
:10BF50007FB5382316460022CDE9003204464B6AED
:10BF600012220146406902F061F9054658B10DF10F
:10BF70000F03012216218DF80F6001F066FF20B13A
:10BF80002846F9F7E3FF04B070BD60692946FFF762
:10BF9000BDFBF8E70148FFF7C5BB00BFEC0100207F
:10BFA0000148FFF7E7BB00BFEC01002070B54FF47C
:10BFB000806200214669FFF7C5FF0446C8B105212C
:10BFC00001F06EFF054670B121463046FFF74EFE88
:10BFD00048B92946204601F029FF21463046BDE8F0
:10BFE000704002F016B92046F9F7B0FF6FF00E006E
:10BFF00070BD6FF01000FBE7034673B553F8982F40
:10C00000044600269A4219D1234653F8A02F9A429B
:10C0100017D108220B212046FFF794FF0546C0B137
:10C0200001AB04220721019601F00FFF60B1284601
:10C03000F9F78CFF6FF00E0002B070BD1268013688
:10C04000E0E712680136E2E76069294602F0E1F8AC
:10C05000F2E76FF01000EFE710B50161144600F051
:10C06000E1FA80F8244010BD38B5D0E902359B696B
:10C07000044663B1D5F8AC300BB183420AD168698C
:10C080002946FFF700FC08B9C5F8AC4038BD6FF091
:10C090001100FBE76FF00A00F8E708B1407D704738
:10C0A00001207047036993F83D0010B5B8B19C6B4F
:10C0B000146093F83C00022813D193F83F0080B13C
:10C0C000586B2044401A00280DDA186B9B6BC91A74
:10C0D00091FBF0F1D16001FB0041116010BD0C46F5
:10C0E000E6E72046EEE70023D360F7E710B56AB134
:10C0F00000690A445968C06A541A201A002807DBEC
:10C1000098680144521A002A00DA9C60012000E07D
:10C11000002010BDF8B50669D6E90B752F441D68DF
:10C12000A5EB010C35EA2C0528BF0D46C3E90157E4
:10C130001C46FFF7DBFF20B19B68F26A9B1A636124
:10C140000120F8BD0369586B5368591A10B50C1AD1
:10C1500011EA240138BF01465B1A536093680B440F
:10C1600001449360516110BD37B500230D46C1688D
:10C17000CDE900232A46436A486902F057F804468D
:10C1800020B1082D02D1042002F01CF8204603B093
:10C1900030BD082910B5044602D1042002F013F87E
:10C1A00024B12046BDE81040F9F7D0BE10BD70B5EF
:10C1B0000E461546044670B18368186A58B140218E
:10C1C0000120F6F72FFF30B1E368C4635A690661B6
:10C1D000C0E90223057570BDF6F748BFFFF743B904
:10C1E00010B50446FFF74CF920B92046BDE81040D1
:10C1F000F6F73CBF10BD10F19F0F16DA10F1A30F38
:10C2000018DBA230012819D8DFE800F01C0D0B2B39
:10C2100010D8DFE803F0150F0F110F0F130F0F0FDA
:10C220000F06FF2070472A20704700F111039AB2D1
:10C230000B2AECD9C0B27047F72070473B207047FB
:10C24000F52070472B2070472DE9FF41482300223D
:10C25000C768CDE900320546436A786988461322EB
:10C26000394601F0E3FF044640B32B6A03930422EE
:10C2700003AB172101F0E9FD18BB1221204601F0A4
:10C280000FFE0646E8B16B7D8DF80C30012203AB42
:10C290001146204601F0D9FD98B903AB01220221D5
:10C2A00020468DF80C8001F0D0FD50B93146204673
:10C2B00001F0BCFD78692146FFF728FA04B0BDE81B
:10C2C000F0812046F9F742FEF8E7F8B5D0E90357C8
:10C2D000D5F8A02005F1A0039A42044607D10146F3
:10C2E00002222846FFF734FE284600F09DF9D5F8D3
:10C2F000B43020461B689847002602236375204609
:10C30000BE6287F83E6000F0DDF920463146FFF757
:10C310009BFF6869BDE8F840FFF7C9BB70B5032310
:10C32000467D43750369C56893F83E3004460BB1FA
:10C33000FFF78AFF022E11D105F19801204601F086
:10C340002AFFD5F8A02005F1A0039A4206D1E068A3
:10C3500021460122BDE87040FFF7FABD70BD000024
:10C360002DE9F04F0646A1B00F46984612B96FF07E
:10C370000A0457E01B6800931B21A94B04A801F095
:10C38000E5FE044600284DD1012F6DD1059B002B01
:10C39000EDD0D3F804A0199B002BE8D01022394629
:10C3A000304693F80490FFF7CDFD0546002858D09D
:10C3B0004846FFF747FC834600284CD05246706938
:10C3C000DBF81030494698478246002846D0D8F816
:10C3D00008304362C0E902B680F81490FFF75CFCB5
:10C3E000002814BF002303238AF81530D6F8D8316B
:10C3F000CAF818405A1CC6F8D82106F19801CAF8A4
:10C400002030504601F0B5FE03AB3A4618212846CD
:10C410008DF80C4001F019FD40B16FF00E04284674
:10C42000F9F794FD204621B0BDE8F08FDAF820300E
:10C430000393042203AB1721284601F006FD0028D0
:10C44000EBD12946706901F0E4FE00210446504614
:10C45000FFF7FAFEE6E76FF00F04E0E76FF0100475
:10C46000DDE76FF01004DDE71B9B002B3FF47FAF8F
:10C47000D3F8049030464946FFF74DFD0A2F054694
:10C480000BD8012F0BD9BB1E082B08D8DFE803F00F
:10C490005C6F94AA070707071200152F32D0002DF2
:10C4A00000F0BA80AB6804AA5C6A39464346284665
:10C4B000A0471FE0FFF7F1FD102205460A21304694
:10C4C000FFF740FD044600283BD003AB04221721B0
:10C4D000CDF80C9001F0B9FC70B903AB0122062134
:10C4E00020468DF80C5001F0B0FC28B92146706947
:10C4F00001F08FFE044695E72046F9F727FD6FF01F
:10C500000E00F7E7C8B18569102215213046FFF704
:10C5100019FD0746A8B103AB012218218DF80C4084
:10C5200001F093FC58B903AB042219213846039556
:10C5300001F08BFC18B93946D9E71124E4E73846F5
:10C54000DBE76FF01000D5E7002848D0FFF7A5FD26
:10C5500050B12B69002B36D1AA680221546A2846B3
:10C560001A46A04700B2C5E76FF00A00C2E70028EC
:10C5700052D0D6F8A830984203D196F8D621002A96
:10C580004AD12C69002C3FF44DAF94F83E408CB951
:10C590009D4204D021462846FFF7BAFB42E796F8B1
:10C5A000D451002D7FF43EAF0123706986F8D43159
:10C5B000FFF77DFA002435E788B1D6F8A830984215
:10C5C00003D0FFF772FB002094E796F8D64134B908
:10C5D0000123706986F8D631FFF769FAF3E76FF047
:10C5E0000F0087E7C0B18368467D5C6A04AA4346B2
:10C5F0000521A04704B2002C7FF414AF002E7FF475
:10C6000011AF2846FFF748FB00287FF40BAF032348
:10C610006B75214628461BE76FF00F0402E700BF49
:10C62000C4C503000069704710B504464069FFF7B0
:10C6300081F9044B044A01280CBF18461046C4F87F
:10C64000B40010BD20C7030014C70300D0F8B030F9
:10C6500010B5B3B10022C0F8B0201A6992F83D10AD
:10C6600021B9012182F83D101168916392F82610DA
:10C6700071B19968097982F82510002182F8261095
:10C6800006E0D0F8B4305B68984703460028E4D150
:10C69000184610BDF8B587683F6B0D4614461E4618
:10C6A000B84701280BD17268531B002B08DB34B14B
:10C6B000B06820B12C44A41A201AC043C00FF8BDA2
:10C6C0000020FCE783681B7933B10369002283F8FB
:10C6D0002520012283F826207047036993F83D2026
:10C6E0004AB91A6A186B8A1A121A002AA2BF0122C2
:10C6F00083F83D2099637047D0F8A8301A692AB1B1
:10C7000092F8253013B1013B82F82530D0F8B430CF
:10C710009B6803B1184770472DE9F04F9946D0E95F
:10C72000033585B0D3F814B00446904601F073FB8E
:10C7300082460191584603A9FEF7BBFC50BB58EA5C
:10C740000903019B08D185F83D002369039A1A6209
:10C75000002005B0BDE8F08FB8EB0A0669EB0307CF
:10C76000002E77F1000317DBDBF80030D91703FB4D
:10C7700007F206FB0122A3FB0601114408A3D3E93B
:10C7800000232EF04DFD039B1844012385F83D3016
:10C79000A863DAE7F720DCE74220DAE7AFF30080AE
:10C7A00000CA9A3B000000002DE9F04F03468DB00F
:10C7B00053F8A04F009206460D4602934FF0010831
:10C7C000029B9C420ED14FF00009DDF800A0D6F884
:10C7D000A0704C464E46029BBB4213D130460DB072
:10C7E000BDE8F08F276929462046FFF776FF97F8C6
:10C7F0003D302BB997F83F3013B987F83D80BD63C2
:10C800002468DDE73846FFF70DFF8046B9F1000FD9
:10C810001BD099F8242090F824309A4215D06268F1
:10C82000AB1A002BDADA531B0093BAF1000F1DD0BC
:10C830009A45A8BF9A46336993F83D202AB94FF02C
:10C84000010283F83D2022689A633B6993F83F20F8
:10C8500093F83D30039282F0010201924BB9002E11
:10C8600047D06268521B0AD13F68B4E7DDF800A0E8
:10C87000E1E7DDE90031002918BF53461A46434677
:10C8800029463846FFF706FF0128EDD1C6B3616897
:10C89000D8F80420D8F80800CB431344C3422CD462
:10C8A000A368501C0B441B1A002BDDDBD6F810C00C
:10C8B0009CF83F300493081A83F001030028059385
:10C8C0003BDA03B3B2EB010B15D006AB5A46304648
:10C8D000FFF7E0FE01280ED10DF1180EBEE80F00A3
:10C8E000A446ACE80F009EE80300DA468CE803009B
:10C8F000BAE7009AC3E7039BFBB13046FFF7E2FEBD
:10C90000C14644463AE0019B002BADD19CF83D3036
:10C910009BB94A1BF1D006AB29463046FFF7BAFE59
:10C920000128EAD10DF1180EBEE80F00A446ACE8CC
:10C930000F009EE803008CE803006368D8F8041039
:10C94000DA43CA4220D5019A6AB3B3EB010B17D080
:10C9500006AB5A463846FFF79DFE012810D13846EF
:10C96000FFF760FE0DF1180C06460446BCE80F0008
:10C970000FC69CE8030086E80300DA463E4673E7EC
:10C98000049B002B7FF470AF99F8252098F8253090
:10C9900032BB002BB1D1D8F82030D9F820209B1A17
:10C9A000002B1FDAA9E7059B002BA6D1336993F86A
:10C9B0003D30002BE8D14A1B9FD006AB29463046BC
:10C9C000FFF768FE012898D10DF1180EBEE80F00A0
:10C9D000A446ACE80F009EE803008CE80300D3E710
:10C9E000002BD8D13846FFF76DFE3DE72DE9F8431F
:10C9F000C4680546FFF716FE04F1A00790F82490DE
:10CA0000D4F8A0403E46BC42A04606D02046FFF7E0
:10CA100009FE90F824304B4505D231462846BDE842
:10CA2000F84301F0B8BB24684646ECE7F8B5D0E916
:10CA300008530746044657F8A06F1D44BE4203D171
:10CA4000236AED1A6562F8BD3046FFF7EBFD816998
:10CA500091B1C2690A44C261326992F83F20D0E9BB
:10CA600001C34AB1D4F8A820B24205D06344EA1AFF
:10CA700035EA220528BF1D463668DFE7C168A031C8
:10CA800001F092BB2DE9F04F8FB090460AAACDE994
:10CA90000A2200F1A00201920F46D0F8A0200199CD
:10CAA00008AB9142CDE90833814604D100273846CE
:10CAB0000FB0BDE8F08FC3460026049386F0010353
:10CAC000D9F8A0400593002E18BFD846019BA34279
:10CAD0003BD1002E37D008980DF1200A5045E5D003
:10CAE0000CAF3946CDE90C7701F055FB0C9EA6F151
:10CAF00028042046FFF796FD56F8183C93F83D9021
:10CB00000546089E564571D0283E3046FFF78AFDFF
:10CB1000D5E9012302EB030B002E00F0A780D0F82B
:10CB20000480A8EB0B03002B80F2A080B9F1000F6A
:10CB300071D0336993F83D30002B6CD106F1280099
:10CB400001F024FBDDE70126B8E72369059A93F895
:10CB50003F3093423ED12046FFF764FD00238361BE
:10CB600082460346424639462046FFF793FD012898
:10CB700030D12046FFF756FD089D04990346283D15
:10CB8000049805F12802824202920ED02846CDE98F
:10CB90000631FFF747FD069B4268D3F804C00799AA
:10CBA000ACEB020EBEF1000F16DA04F1280001F022
:10CBB000E0FA39462046FFF790FD5EB9DAF8042026
:10CBC000BBF1000F04D00BEB0703D31A002B01DAE3
:10CBD000A2EB070B246879E7944503D19A68806833
:10CBE0008242E2DBAD6A0299283DC9E70026304661
:10CBF0008EE70AA901F0D8FA0C9B0025BB422C460F
:10CC000009D0A3F128042046FFF70CFDD0E9012349
:10CC1000054602EB030B0C98B84209D0D845E8D082
:10CC20000AAE0C9BBB4203D0DDF820B0D3451FD128
:10CC3000002C7FF466AF0A9D0AAB283DA246019303
:10CC4000019A05F128039A423AD10A9D4FEA5A08FF
:10CC5000283D00274FF00009019A05F128039A4268
:10CC600037D1A369A2689B1AA36120E7D846D2E70F
:10CC7000ABF1280210460192FFF7D4FC4368A8EB01
:10CC80000303002BD4DB5BF8183C93F83D30B9F17B
:10CC9000000F0FD133B1019ACDE90A66CDE90C77C7
:10CCA0001446054639465846019301F07DFA019B2A
:10CCB0009946B6E7002BF5D1584601F067FAB0E780
:10CCC0002846FFF7AFFCAD6A90F82430283D9A441F
:10CCD000B6E72846FFF7A6FC90F8241006468068C1
:10CCE000C346CC46C1FB00BC0023524658466146B1
:10CCF0002EF096FAF369B061034407B394F8251057
:10CD000096F8252039B93AB1384602932F46FFF7F5
:10CD1000D9FC029B0EE042B1039A9342F4DC04D1A9
:10CD2000326A216A521A002AEEDB2846FFF7CAFC53
:10CD3000039B2646AD6A0393283D34468CE72F4675
:10CD4000F8E70000012830B52DD0B0FA80F3C3F128
:10CD50001F039BB2591E01228A40C403450CA01830
:10CD600045EBE271C3F1200501FA05F520FA03F263
:10CD7000A3F1200421FA04F42A43224392B282F45C
:10CD80000042910A094DA2EB812235F8114092B27E
:10CD9000FF2A04EBC33005D9013135F811301B1BD4
:10CDA00000EB630030BD0020FCE700BF2CC7030090
:10CDB00008B538B1FFF7C6FF6D233630B0FBF3F08E
:10CDC00080B208BD4FF6FF70FBE7000000F5805011
:10CDD000C0F3443280144FF020034ABF404203FAAC
:10CDE00000F043FA00F022B1034B9B5C58438008EB
:10CDF00070472023FAE700BF6EC703002DE9F04F0C
:10CE0000DFF8CCA0DFF8CCB097B005461E460C4644
:10CE100001EB02184FF03009444501D100230BE02B
:10CE2000237A002B51D13368209A934208D121688C
:10CE3000284613F0E7FD0123184617B0BDE8F08F30
:10CE4000013333601034E7E7392319E007F1300389
:10CE500016E00137237ABB42F4DD2368ADF8109069
:10CE600051461846039313F0DCFD30B1039B59463D
:10CE7000184613F0D6FD0028E8D1002FE4D1352361
:10CE80008DF81030209B627A0093E1683346284683
:10CE9000FFF7B4FF0028DCD03D220021039006A854
:10CEA000059112F0E3FF294605A813F0C4FD21689F
:10CEB000284613F0C0FD04A9284613F0A3FD05A9D8
:10CEC000284613F09FFD039BB6E70027C2E700BF8B
:10CED0008FC703008EC703002DE9F74F02EB031342
:10CEE000DFF8D4A0019306460F4614464FF0000821
:10CEF0006FF00F0B019B9C4216D02568284613F05B
:10CF0000A2FD314681460246284613F0A4FD0028C2
:10CF10004BD1237A63B9304613F095FD814544D156
:10CF2000A3883B80B4F806B0584603B0BDE8F08F44
:10CF300016F80930303B092B06EB090035D812F002
:10CF4000D9FE1C49D4F80CB0C5B20222304613F009
:10CF500082FD28B103225146304613F07CFD20B9F2
:10CF6000052D20D0092D22D10125237AAB421ED9CF
:10CF7000206813F068FD08F1010880445A46637A7E
:10CF8000394606EB0800FFF7A7FFB0F1000B0CDDF8
:10CF9000B4F90630388803FB0505ADB23D80A3889F
:10CFA0001D443D80C0E70025DFE71034A2E76FF0A5
:10CFB0000F0BB9E78FC703008EC703001FB50C46E0
:10CFC00000230B7003930090064903AB1A222046FE
:10CFD000FFF714FF00280CBF6FF00F00002004B013
:10CFE00010BD00BF68CE03000378012B8CBF6FF02B
:10CFF000160000207047A0F1180293B22F2B13B532
:10D0000014D80624B2FBF4F304FB1323FBB90A88FB
:10D01000ADF8042018281AD19DF8043013F0010F40
:10D020000CBF00206FF0160002B010BD40F2EA33D2
:10D0300098420CD10B7813F07C0F05D113F003004C
:10D04000F2D013F0800FEBE76FF01600ECE7002052
:10D05000EAE70000054B187820B901221A70044B4A
:10D06000187070476FF00500704700BF70A4002073
:10D07000F8010020064B1A783AB1064A0648012109
:10D08000117000221A7000F05FBD6FF00F00704742
:10D0900070A40020F8010020B09F01202DE9F34189
:10D0A0000D46144628B96FF00A04204602B0BDE8C8
:10D0B000F0810029F7D0002AF5D00023ADF8023026
:10D0C000204A1A230DF10201FFF706FF061E01DABE
:10D0D00034B2EAE7B442E6D1BDF80200294600F0D6
:10D0E000BDF8BDF802700446A8B1A7F1180293B2CA
:10D0F0002F2BDAD80621B2FBF1F301FB1323002B0F
:10D10000D3D16FF07F43032201A92846019312F087
:10D110008FFE0028C9D129463846FFF76CFF044628
:10D120000028C2D1DFF82480324608EB070012F055
:10D130008FFE054B1B78002BB7D0404600F004FD56
:10D140000446B2E768CE0300F8010020B09F01203A
:10D1500073B50D461646C8B1C1B10023ADF806300F
:10D160000D4A1A230DF10601FFF7B6FE041E0ADB75
:10D17000A3B2B3420DD8BDF806300849224619447F
:10D18000284612F065FE204602B070BD6FF00A041A
:10D19000F9E76FF01904F6E768CE0300B09F0120AD
:10D1A00038B5154B1549164D164C4FF47B72184681
:10D1B00012F04EFE00214FF48072C0F8EC2180F88E
:10D1C000E71340F2013229700F49C0F88C22034660
:10D1D000012280F8E423A0F8E82309682068986118
:10D1E000A0889883144601B188472C700248BDE896
:10D1F000384000F0A9BC00BFB09F01207CCA0300EA
:10D20000F801002092C703006CA4002010B510B1F3
:10D210000D4B02681A6000F059FC0368023B0433AE
:10D220000FD84368B3F5805F0BD8084800F054FC72
:10D23000044620B1FFF7B4FF002818BF044620467B
:10D2400010BD0024F6E700BF6CA40020B09F0120B1
:10D25000014B00221A6070476CA400200E2830B4E5
:10D26000034602D10B78042B90E0A0F11002032AB0
:10D2700006D8C40700F18F8030BC0846FFF7B4BE63
:10D28000172802D10B78022B80E0183882B22F2A9F
:10D290003CD80624B0FBF4F204FB1202002A40F052
:10D2A000888008784B780509C0F34200042803F011
:10D2B0000F044FEA53128B780FD80B2D0DD8012194
:10D2C000A1404FF23700014207D0042A05D81F2B96
:10D2D00011D8022B04D840F037816FF016001EE001
:10D2E000012202FA03F3AB4A1A40002A0CBF6FF086
:10D2F0001600002013E0FF2B00F0268103F0BF038F
:10D300003F2B14BF6FF01600002008E0482B08D117
:10D310000B88B3F5806F94BF00206FF0160030BC0F
:10D3200070474C2B07D191F90030002BACBF002087
:10D330006FF01600F3E7B3F5A67F9DD0B3F5A77F96
:10D340001FD10B78282B0AD80F2B06D813F0F70F14
:10D3500014BF6FF016000020E1E7103B04E0482BFB
:10D360000DD82F2BB9D9303BDBB2012202FA03F3DF
:10D3700013F0013F0CBF6FF016000020CFE7FF2B2A
:10D38000BFE7B3F5A97F06D10B78652B34BF00202A
:10D390006FF01600C3E7A3F5AA7082B2B2F5207F42
:10D3A00007D2A024B0FBF4F204FB1202002A00F022
:10D3B000C280A3F5AE7082B2B2F5207F07D2A0245E
:10D3C000B0FBF4F204FB1202002A00F0B480A3F5D3
:10D3D000B27082B2B2F5207F07D2A024B0FBF4F283
:10D3E00004FB1202002A00F0A680A3F5B67082B2F8
:10D3F000B2F5207F07D2A024B0FBF4F204FB1202A6
:10D40000002A00F09880A3F5BA7082B2B2F5207FAE
:10D4100007D2A024B0FBF4F204FB1202002A00F0B1
:10D420008A80A3F5BE7082B2B2F5207F06D2A02416
:10D43000B0FBF4F204FB1202002A7CD0A3F5C27008
:10D4400082B2B2F5207F06D2A024B0FBF4F204FB36
:10D450001202002A6FD0A3F5C67082B2B2F5207F07
:10D4600006D2A024B0FBF4F204FB1202002A62D020
:10D47000A3F5D07082B2B2F5207F06D2A024B0FB13
:10D48000F4F204FB1202002A55D0A3F5D47082B244
:10D49000B2F5207F06D2A024B0FBF4F204FB120206
:10D4A000002A48D0A3F5D87082B2B2F5207F06D208
:10D4B000A024B0FBF4F204FB1202002A3BD0A3F537
:10D4C000DC7082B2B2F5207F05D2A024B0FBF4F26A
:10D4D00004FB12027AB3A3F5E07082B2B2F5207FAA
:10D4E00005D2A024B0FBF4F204FB12021AB3A3F598
:10D4F000E47082B2B2F5207F05D2A024B0FBF4F232
:10D5000004FB1202BAB1A3F5E87082B2B2F5207F33
:10D5100005D2A024B0FBF4F204FB12025AB1A3F529
:10D52000EC7082B2B2F5207F10D2A024B0FBF4F2EE
:10D5300004FB120252B94B1E033113F8012FFF2ACC
:10D540003FF4CBAE9942F8D10020E8E6A3F5F6709F
:10D5500082B2B2F5207F08D2A024B0FBF4F204FB23
:10D56000120212B90B78032B10E76FF4F67018183B
:10D5700082B2B2F5207F0FD2A024B0FBF4F204FBFC
:10D5800012024AB90B78042B01D8002BAEE60F2B00
:10D59000B7E600BF88800080A3F5F77082B2B2F5CD
:10D5A000207F07D2A024B0FBF4F204FB1202002A71
:10D5B0003FF468AE6FF4F772981882B2B2F5207F2C
:10D5C00007D2A024B0FBF4F204FB1202002A3FF4BD
:10D5D00053AEA3F5F87082B2B2F5207F07D2A02433
:10D5E000B0FBF4F204FB1202002A3FF445AEB3F59F
:10D5F000757FB7D040F2D53293420AD10B78013310
:10D60000DBB2042B3FF669AE4B780133DBB2052B5E
:10D61000BCE6B3F5777F03D040F2E232934203D108
:10D620000B780133DBB29EE7B3F5797F0BD14A1E4D
:10D63000023112F8013F0133DBB2042B3FF64DAE4D
:10D640009142F6D180E740F2E732934201D10B7864
:10D65000DBE7B3F57A7F3FF405AE40F2E93293425F
:10D660003FF40AAE40F2EB3293427FF46DAF09E62D
:10D67000014B9B8903807047B09F0120014B9B7B2E
:10D6800003707047B09F0120014BDB7B0370704734
:10D69000B09F012001289FBF044B03EB4000037C97
:10D6A0000B7094BF00206FF00A007047B09F0120FC
:10D6B000014B1B7D03707047B09F0120014B5B7DC8
:10D6C00003707047B09F0120014B9B7D0370704732
:10D6D000B09F0120014BDB7D03707047B09F01209C
:10D6E00007280AD8064B062202FB003030F8183F04
:10D6F0000B8083788B70002070476FF00A007047B2
:10D70000B09F012007289FBF054B062202FB003077
:10D71000838B9ABF0B8000206FF00A00704700BF18
:10D72000B09F0120024BB3F848300380704700BF20
:10D73000B09F0120024BB3F84A300380704700BF0E
:10D74000B09F0120024B93F84C300370704700BF2C
:10D75000B09F0120024B93F94D300370704700BF1A
:10D76000B09F012001289FBF7C234E2213FB002085
:10D77000034B9DBFC018086000206FF00A0070477F
:10D78000B09F0120024BD3F848310360704700BFBF
:10D79000B09F0120024B93F84C310370704700BFDB
:10D7A000B09F0120024B93F84D310370704700BFCA
:10D7B000B09F0120024B93F84E310370704700BFB9
:10D7C000B09F0120032830B5054612D8012910D892
:10D7D000072A0ED84FF4AA704C2414FB010101EB68
:10D7E000C202A02111FB0520034A1044186000204A
:10D7F00030BD6FF00A00FBE7B09F0120032830B571
:10D80000054612D8012910D8072A0ED84FF4AC705B
:10D810004C2414FB010101EBC202A02111FB0520E5
:10D82000034A10441860002030BD6FF00A00FBE787
:10D83000B09F012003280DD801290BD8A0235843FD
:10D840004C2303FB0101054B19440020D1F894310E
:10D85000136070476FF00A00704700BFB09F01204F
:10D8600003280DD801290BD8A02358434C2303FBD0
:10D870000101054B1944002091F99831137070474C
:10D880006FF00A00704700BFB09F012003280DD839
:10D8900001290BD8A02358434C2303FB0101054B5E
:10D8A0001944002091F99A31137070476FF00A0003
:10D8B000704700BFB09F012003280DD801290BD865
:10D8C000A02358434C2303FB0101054B19440020BE
:10D8D00091F89B31137070476FF00A00704700BFDA
:10D8E000B09F012003280DD801290BD8A02358434D
:10D8F0004C2303FB0101054B1944002091F89C3196
:10D90000137070476FF00A00704700BFB09F01208E
:10D9100003289FBF054BA02202FB003090F8EC319A
:10D920009ABF0B7000206FF00A007047B09F012073
:10D9300003289FBF054BA02202FB003090F8ED3179
:10D940009ABF0B7000206FF00A007047B09F012053
:10D9500003289FBF054BA02202FB003090F8EE3158
:10D960009ABF0B7000206FF00A007047B09F012033
:10D9700003289FBF054BA02202FB003090F8EF3137
:10D980009ABF0B7000206FF00A007047B09F012013
:10D9900003289FBF054BA02202FB003090F8F03116
:10D9A0009ABF0B7000206FF00A007047B09F0120F3
:10D9B00020B9044B93F8D4330B7070476FF00A0012
:10D9C000704700BFB09F012010B9034B0B60704738
:10D9D0006FF00A00704700BF85A3012010B548B959
:10D9E000012907D8054B062404FB0131B1F9D833CE
:10D9F000138010BD6FF00A00FBE700BFB09F01204D
:10DA000010B548B9012907D8054B062404FB01319C
:10DA1000B1F9DA33138010BD6FF00A00FBE700BFE5
:10DA2000B09F012010B548B9012907D8054B06243D
:10DA300004FB013191F9DC33137010BD6FF00A0063
:10DA4000FBE700BFB09F012010B9034B0B6070478C
:10DA50006FF00A00704700BF94A3012020B9044B67
:10DA600093F9E7330B7070476FF00A00704700BFFF
:10DA7000B09F012020B9044B93F8E8330B70704736
:10DA80006FF00A00704700BFB09F012020B9044B1F
:10DA900093F8E9330B7070476FF00A00704700BFCE
:10DAA000B09F012020B9044B93F8EA330B70704704
:10DAB0006FF00A00704700BFB09F0120024B93F83F
:10DAC000EB330370704700BFB09F0120014B186813
:10DAD000704700BFFC030020F0B5194B1E68194BBE
:10DAE000AFB01C684FF47B723146054612F0B0F9B6
:10DAF0000AAA234604F1200C1746186859681446F0
:10DB000003C4083363452246F7D16A68019212A81C
:10DB100000F0DEF8019A314612A800F005F902A9DA
:10DB200012A800F01DF92022394602A812F080F94F
:10DB3000002814BF6FF00B0000202FB0F0BD00BF15
:10DB4000FC0300200004002070B5104B42681E68E2
:10DB50000F4BA6B004460AA81D68019200F0B8F861
:10DB6000019A21460AA800F0DFF802A90AA800F0ED
:10DB7000F7F862682146304615F03CF820B92022BB
:10DB800002A9284615F036F826B070BDFC03002027
:10DB9000000400202DE9F04FC9B008AA01F14005AA
:10DBA00014464B780E781B0443EA0663CE78334361
:10DBB0008E78043143EA06238D4244F8043BF0D1C9
:10DBC0001024916B16464FEAF14383EA714383EACE
:10DBD0009123716A366852F8045F31440B444FEA6E
:10DBE000B54181EAF51181EAD50101340B44402C9D
:10DBF000D363E6D1D0E914E30093836D0193C36D41
:10DC00000293036E0393436E0493836E0593C36E76
:10DC10000693DDE9057BDDE9031CDDE901592B4BAA
:10DC2000009E079374464FF00008079B53F8042B9F
:10DC300007934FEAF12383EAB11383EA716A08ABD1
:10DC400053F828301A440AEB020327EA010A01EAD2
:10DC50000C028AEA02021A444FEA743A86EA050381
:10DC60005A448AEAB40A06EA050B234083EA0B0306
:10DC70008AEAB45A08F101089A44B8F1400F02EB5D
:10DC80000903BB465244A94619D172440265009A61
:10DC900022444265019A32448265029A2A44C2654E
:10DCA000039A1A44049B02660B444366059B634433
:10DCB0008366069B3B44C36649B0BDE8F08F674668
:10DCC00035468C46264619461446AEE708D0030072
:10DCD0000023002203640023C0E912230B4B0C4AEB
:10DCE0000C49DFF840C0C0E914230B4BC0E9161300
:10DCF0000A4BC0E918C30A4B836603F17453A3F5BA
:10DD00002303A3F69243C366704700BF85AE67BB8B
:10DD100067E6096A72F36E3C3AF54FA58C68059B7D
:10DD2000ABD9831F7F520E5170B50C468D1800265B
:10DD3000AC4200D170BD036C14F8012BC254013306
:10DD4000402B0364F4D10146FFF724FFD0E91232DF
:10DD500013F5007342F10002C0E912320664E7E7EE
:10DD6000026C38B5372A0D464FF08001815402F11C
:10DD7000010304464FF0000242D8382B3BD1236CFC
:10DD8000D900D4E91223521843F10003104612BA05
:10DD9000E2631A0A194684F83B3084F83A201A0CD8
:10DDA0001B0EC4E9120184F83830214684F839206A
:10DDB0002046FFF7EFFE691E1823226DDA4001F8B6
:10DDC000012F626DDA400A71A26DDA400A72E26DCB
:10DDD000DA400A73226EDA400A74626EDA400A751B
:10DDE000A26EDA400A76E26EDA40083B13F1080FC1
:10DDF0000A77E2D138BDE2540133BEE7E254013381
:10DE00003F2BFBD921462046FFF7C4FE38220021D4
:10DE100012F02CF8B3E708B5F5F738FA4FF47A7337
:10DE20000A46A0FB030103FB021108BD10B5D0E9AF
:10DE30000242A3185B1A9BB2042B0B8001BF131F75
:10DE40000022C360E250C06810BD2DE9F041D71D2B
:10DE500016461C46D0E902321A44C36927F003076C
:10DE60009B1A9F42884616DC3946F8F776F8054635
:10DE7000A0F80280301D28803A1A002115FA80F09F
:10DE800011F0F4FF54B132462146281D11F0E0FF95
:10DE90000020BDE8F0816FF00C00FAE72046F8E7BB
:10DEA00010B5D0E902431C4400231A4641F4004156
:10DEB000FFF7CBFF00280CBF2046002010BDFFF766
:10DEC000C4BF00000138C0B20C289ABF014B1856DD
:10DED0000020704708D103002DE9F04F85B09A4625
:10DEE0000E9B019204460D462BB101320E98920012
:10DEF000002111F0BBFF032D40F32381B4F8009003
:10DF0000B9F1030F40F21D81A94500F31A8166881B
:10DF100036F4404B29D0019B5B4526DBBAF1000F5C
:10DF20000BD10E9B002B40F0088109F1030929F069
:10DF30000309A5EB09054C44DDE70C2303FB0BF3B8
:10DF4000A9F104011AF8032010460AEB0308FFF7B1
:10DF5000B9FF002805DD814203D0B8F802309942AC
:10DF600003D1072A04D1300415D46FF00A000FE062
:10DF7000082A10D03304F8D4092AB8F8023002D0A5
:10DF800033D8052A31D16BB199420BDD6FF0160001
:10DF900005B0BDE8F08F29B10329F7DDD8F80430CA
:10DFA000002BE2D198F8013003F1FF3CBCF1030FE4
:10DFB000B7D8092A6AD01ED8531E032BD5D8032AF6
:10DFC00033D0042A36D0022A17BF2279A288002330
:10DFD000FF2004BF00234FF6FF700021BCF1030FA8
:10DFE000C3D8DFE80CF0343F434C002B18BF184671
:10DFF0008142D7DACAE7A2F10A03032BB5D80C2A6B
:10E0000067D00D2A6DD00B2A5BD094F904607F2075
:10E01000F71700216FF07F024FF0FF33BCF1030FC1
:10E02000A3D8DFE80CF06E757183626800234FF0AF
:10E03000FF30D2E7224602AB52F8040F516803C307
:10E040004FF0FF30DDE902234FF0FF31C6E7B8F9AA
:10E050000860B8F90A00F717C117BB4208BFB242FF
:10E0600007D293E7B8F90860F717F6E7B8F90A009E
:10E07000C117994208BF9042BFF453AF86E7D8F862
:10E080000810D1E90067D1E90201E6E7022B0FD0C1
:10E09000032B12D0012B7FF468AFB8F80820B8F832
:10E0A0000A309142FFF672AF99427FF73AAF6DE7BF
:10E0B000B8F808204FF6FF73F3E7B8F80A300022EB
:10E0C000EFE7B4F90460204AF71747F6FF70002124
:10E0D000A2E766686FF00040F71700214FF000429A
:10E0E0009AE7224602AB52F8040F516803C300229C
:10E0F000DDE902674FF0FF306FF000414FF0004361
:10E100008CE7B8F90820D317B8F90A00C11702E064
:10E11000B8F90820D317964277EB0303FFF636AF22
:10E12000B04271EB0703BFF6FCAE2FE7D8F808103A
:10E13000D1E90023D1E90201EDE70E9B43F82B4022
:10E14000F3E6002024E700BF0080FFFF30B4044660
:10E15000B2F90200002808DA10460A4630F8045BDB
:10E160000294291F30BCFFF7B7BE6FF00A0030BC25
:10E1700070470B68C0E900315860086070474B6811
:10E1800043604B680160186048607047D0E9003216
:10E1900013605A60704710B5FFF7F8FF0B68C0E9CD
:10E1A00000315860086010BD10B5FFF7EFFFBDE803
:10E1B0001040FFF7E4BF03680B60596043684B6091
:10E1C00019607047704770476FF0110070476FF02B
:10E1D00011007047012902D0022900D011B9C06D89
:10E1E000F5F7B0BE704738B50733002123F00300C0
:10E1F000F7F797FE044640B10521FFF751FE0546AB
:10E2000028B92046F7F7A2FE2C46204638BD2062EA
:10E21000FBE738B50C460546096A2046FFF706FEBF
:10E22000E86D2146BDE83840F5F792BE2DE9F04390
:10E2300085B080460C9807300F4620F0030000217F
:10E2400016461D46F7F76DFE044600283CD0042113
:10E25000F7F783FE2B0A057043702B0C2D0E83708D
:10E26000C57000212046FFF71BFE814680B3D8F819
:10E2700064300393042203AB01212046FFF7E5FD40
:10E2800030BB08212046FFF70BFE054600B33B6874
:10E290001B680193184612F0D6FB019B421C022119
:10E2A0002046FFF7D2FD98B9042203AB1146204661
:10E2B0000396FFF7CAFD58B905212046FFF7F0FD88
:10E2C00030B1C4E90895A062204605B0BDE8F083EE
:10E2D0002046F7F73BFE0024F6E7F8B5D1E90867DA
:10E2E0000C460546896A2046FFF7A0FD39462046C0
:10E2F000FFF79CFD31462046FFF798FDE368032BAE
:10E300000DD904212046A668F7F737FEA36833B17C
:10E310003188E86D2246BDE8F840F5F739BE204661
:10E32000F7F714FE6FF00A00F8BD0000094BBFF3C9
:10E330005B8F53E8002F013243E800210029F8D118
:10E34000BFF35B8FBFF35B8F1B68BFF35B8F036013
:10E350000020704774A400207047F5F7DFBD2DE959
:10E36000F0410D1D064600EB85050C468F184FF059
:10E370000008A74204DC033456F82400BDE8F0810D
:10E38000142CF8DC2B681BB90C20F4F731FE286044
:10E3900055F8040B0028F1D0C0F80080C0F80480C4
:10E3A000C0F808800134E4E770B500F1100500F111
:10E3B0006404002655F8040B28B1F4F757FEA54273
:10E3C00045F8046CF6D170BD10B500EB8104D4F8AB
:10E3D000B8302BB911460120F4F724FEC4F8B80078
:10E3E000D4F8B8300BB1FF229A70D4F8B80010BD41
:10E3F00070B500F1B80500F1F404002655F8040BDF
:10E4000028B1F4F733FEA54245F8046CF6D170BD8F
:10E41000038E13F400730AD000F127032B3013F896
:10E42000012B982A03D98342F9D10120704700209B
:10E43000704738B18378FF2B01D01BB911B18170BF
:10E4400001B1C2707047C3680422C3F88C20D0F8B1
:10E450009420C3F89020D0F89820C3F8942003F1BA
:10E460008C007047072910B598BF054B0C4694BF28
:10E47000595CFF21FFF7DDFFB4FA84F0400910BDBD
:10E4800015D103002DE9E8410F46111E054618BFBE
:10E49000202100F1B408002695F8F430B34201DCE5
:10E4A000BDE8E8813A7858F8040FFFF7C2FF01365B
:10E4B000F2E738B510220C46B0F840500021A01801
:10E4C00011F0D4FC012365832362284638BD022A5B
:10E4D00010B5044615D091F83C30022B13D191F8B9
:10E4E0003F0068B90B6B896BA06801390AB9E46811
:10E4F00020440B441B1A002B05DB531E5842584185
:10E5000010BD0020FCE70120FAE708B56022FFF704
:10E510005BFF003818BF012008BD38B50446D0F8AD
:10E52000000108B1F7F712FDD4F8FC000025C4F88B
:10E53000005108B1F7F70AFDC4F8FC5038BD70B5BA
:10E540008D694A69EB179E060446D317A80646EA6A
:10E5500095112CF015FE0123208684F8283070BD1B
:10E5600010B50A460021044611F080FC10BD2DE9CB
:10E57000F04188B00F464FF0807105460091106859
:10E580005168DDE90E8601AC03C403AA1C4603F101
:10E59000100C20686168134603C3083464451A46AA
:10E5A000F7D1F3001BBA102F07930AD1102E24D1F4
:10E5B000434620226946284614F0BEFF08B0BDE855
:10E5C000F081202F19D1102E06D143463A466946D4
:10E5D000284614F0B3FFF1E7202E0ED14346324611
:10E5E0006946284614F0AAFF0028E7D14FF00073CF
:10E5F0000093324608F11003E9E76FF00A00DDE707
:10E600001F20704738B50B79022B15460BD883B104
:10E610000B68196820221A71FDF7C9FD286008BB34
:10E620006FF0100038BD033B012B11D96FF01100C2
:10E63000F8E70B6810221A710C4A053302F1100139
:10E6400052F8040B43F8040B8A42F9D10020E9E7A1
:10E650008C690B68002CDCD01A792146581D11F00A
:10E66000F7FBF3E7FDF7BAFDF0E700BF1DD10300AC
:10E6700010B5044670B1006F18B114F061FF0023AB
:10E68000236720469021FFF76BFF2046BDE810402E
:10E69000F4F7ECBC10BD00002DE9F0410D4686B04A
:10E6A000044600284AD00520FFF78CFD224602AB25
:10E6B00052F80D0F516803C390681860102704F1D9
:10E6C00039030093019704F119062DBA1D4A217AE6
:10E6D000059502AB3046FFF74AFF054618BB04F12B
:10E6E000490300930197184A217A02AB3046FFF79D
:10E6F0003EFF0546B8B904F15908CDE90087304618
:10E70000124A217A02ABFFF732FF0646054650B99E
:10E71000206F10B114F014FF2667414604F1700019
:10E7200014F010FF054602A81021FFF719FF05207D
:10E73000FFF749FD284606B0BDE8F0816FF00A05F5
:10E74000F8E700BF2ED1030037D1030040D103000A
:10E750002DE9FF4106460F4601209021F4F762FCA7
:10E76000044600285FD033681A680260327902716B
:10E770001B790372D6E9021200F109032B480393B7
:10E7800014F0DAFE0546002836D13068217A039B62
:10E79000019104F1190200920530254AFFF7E7FEC6
:10E7A000054648BB3279039BD2B973691A68C4F82D
:10E7B00084209B88A4F8883033691B88A4F88A30A9
:10E7C00001462046FFF768FF0546A8B930682021BA
:10E7D0000530FFF7C5FE3C60284604B0BDE8F08177
:10E7E0003068217A1022019204F1740200920530FF
:10E7F000104AFFF7BCFEE7E730684FF0000805302D
:10E80000C7F800802021FFF7ABFE206F18B114F08D
:10E8100097FEC4F8708020469021FFF7A1FE2046A5
:10E82000F4F724FCD8E76FF01005D5E778A40020B2
:10E8300049D1030052D1030070B5044686B0C0B17F
:10E84000102302AE01930096017A0B4A00F10903EE
:10E850001930FFF78CFE054620B9059B1BBA23F043
:10E860000043E36610213046FFF77AFE284606B0E3
:10E8700070BD6FF00A05F9E75BD1030010B578B3FE
:10E88000047954BB00F184040F2B29D9039B0F2B6F
:10E8900026D923681360636853600B0E13720B0C48
:10E8A00053720B0AD1729372D0F845301BBAC3F37E
:10E8B00006611173C3F30E415173C3F31621D37371
:10E8C0009173029A00F14903593053F8041B42F83E
:10E8D000041B8342F9D1002010BD00F13904D3E7B5
:10E8E0006FF00A00F8E72DE9F04F0E468BB01446A2
:10E8F0001F468246002847D00620FFF763FCF268D7
:10E90000B568131B05EB020800220692ADF81C2027
:10E91000149A059312BA089206228DF82420F269FF
:10E92000A2EB08027FBA072A05EB040BADF81E70B4
:10E9300024DD2888FCF7EDFB071E22DB059B262241
:10E940004FF00809EA55CDE900B3CDE90289234625
:10E95000DAF870002A4606A914F0F8FD044650B90A
:10E9600049463046F7F7F9FA0620FFF72CFC204617
:10E970000BB0BDE8F08F2023EB55F5E76FF00E04E8
:10E98000F2E76FF00404EFE76FF00A04EFE72DE918
:10E99000F04F0D4689B017461C46064600283BD06E
:10E9A0000720FFF70FFC00230493ADF81430129BEF
:10E9B000D5F808A0D5F80CB01BBA0693AAEB070946
:10E9C000062364BAADF816408DF81C30B9F8000083
:10E9D000FCF79FFB051E0AEB0B081ADB0823CDE9A9
:10E9E0000283CDE900AB3B46306F4A4604A914F0E0
:10E9F000BAFD044610B9202309F805300821404625
:10EA0000FFF7AEFD0720FFF7DEFB204609B0BDE8AB
:10EA1000F08F6FF00404F5E76FF00A04F5E7F7B53F
:10EA20001E4600230F4615460193B8B1047994B1F0
:10EA300000F1740101A814F0AAFD044658B9BB689E
:10EA4000019805352B44721F194614F0A5FD0446A4
:10EA5000019814F095FD204603B0F0BD6FF00A0454
:10EA6000F9E77FB5019300230E4615460393B0B135
:10EA700004798CB100F1740103A814F083FD0446FD
:10EA800050B9B368019A03982B44194614F084FDD9
:10EA90000446039814F074FD204604B070BD6FF076
:10EAA0000A04F9E738B5D1E90253072B0C4602D81E
:10EAB0006FF0040038BD2888FCF72BFB0028F7DB3B
:10EAC0002B5C262BF4D1E16820460839F7F740FA91
:10EAD0000020EFE710B50A460021044611F0C6F900
:10EAE00010BD70B5044604B970BD6068F4F7BEFA95
:10EAF000A068F4F7BBFAE5682DB925682046F4F75D
:10EB0000B5FA2C46EFE7E8682E68F4F7AFFA284626
:10EB1000F4F7ACFA3546EFE72DE9F041856C06468F
:10EB20000F4601204FF4EC719046F4F77BFAED00AC
:10EB3000044658B33DB908210120F4F773FA05469D
:10EB400050B9002517E029460120F4F76BFAC4F804
:10EB50008C010028EFD1F4E7C4F8C80042462146F2
:10EB6000304605F0AFFD204605F00FF9E76120467D
:10EB700001F03AFE50B12846F4F778FAD4F88C0147
:10EB8000F4F774FA2046F4F771FA00242046BDE841
:10EB9000F08110B5044601F0CEFF204601F03AFEA8
:10EBA000D4F88C01F4F762FAD4F8B00030B1012146
:10EBB000FFF790FFD4F8B000F4F758FAD4F8BC008F
:10EBC00030B10121FFF786FFD4F8BC00F4F74EFA0C
:10EBD000204605F06AF9204605F04DF9D4F87C018D
:10EBE000D4F8C830984201D0F4F740FAD4F8C800FD
:10EBF000F4F73CFAD4F8C401F4F738FA20464FF49D
:10EC0000EC71FFF767FF2046BDE81040F4F72EBA1D
:10EC100090F83930FF2B1CD090F83B30032B18D0E4
:10EC200090F83A300B2B14D0B0F840104FF6FF722A
:10EC300091420ED090F88B20032A0AD05BB1053B9D
:10EC4000012B08D990F83800A0F1FF035842584131
:10EC50007047012070470020704738B5C3685D6970
:10EC600004462846FCF71FFA002800F0878094F835
:10EC7000A23094F89E2083B912F0FD0F40F08C80F2
:10EC800094F8A0308BB994F89D30012B78D194F88A
:10EC90009F30012B11D932206FE0002A7CD0012B4C
:10ECA00005D194F8A030012B07D92E2065E0022B66
:10ECB00003D194F8A030012BF7D9636E002B61D0FB
:10ECC00094F8D030072B08D801229A4012F0B40FE4
:10ECD00003D0D4E9352191420DD3042B0DD8022B5A
:10ECE0000ED9D4E937239A4205DCB4F9E420B4F90B
:10ECF000E6309A4204DDF8203FE0063B012BF0D9D4
:10ED000094F88A309B073FD594F83A30082B3DD0D1
:10ED1000D4F898102846FCF736FAC8BB94F8A2102D
:10ED20002846FCF748FAA8BB94F89E102846FCF742
:10ED300058FA88BB94F8A3102846FCF760FA68BB21
:10ED4000FFF75EFC94F8A43001229A40024227D0DB
:10ED5000022B01D0042B02D194F83B3013B3D4F82A
:10ED600094102846FCF700FA10F1130F1CD0E8B9F4
:10ED700094F83C00002818BF222038BDF720FCE79B
:10ED80003020FAE72320F8E73820F6E73920F4E7C7
:10ED90002C20F2E7FC20F0E72D20EEE72F20ECE717
:10EDA0002420EAE73A20E8E78220E6E7FE20E4E7CD
:10EDB0002DE9F7438846174608215822D0F80C90D1
:10EDC00005461E46FDF7D0F90446002839D02B6AC7
:10EDD0000193042201AB1721FFF737F8A0BB019084
:10EDE00001AB042208212046FFF72FF860BB0F215A
:10EDF0002046FFF755F8054630B301AB022201214A
:10EE00002046ADF80480FFF720F8E8B901AB0122F5
:10EE1000022120468DF80470FFF717F8A0B901AB66
:10EE20000122032120468DF80460FFF70EF858B93F
:10EE300029462046FEF7FAFFD9F814002146FCF7D0
:10EE400065FC03B0BDE8F08308212046FDF7A1F979
:10EE5000F7E7F7B50F46482208210546FDF784F984
:10EE6000044638B32B6A0193042201AB1721FEF745
:10EE7000ECFF08BB019001AB042208212046FEF7FD
:10EE8000E4FFC8B90E212046FFF70AF8064698B1FC
:10EE9000012201AB114620468DF80470FEF7D5FF24
:10EEA00050B931462046FEF7C1FFEB68214658694C
:10EEB000FCF72CFC03B0F0BD08212046FDF769F9F2
:10EEC000F8E72DE9F0410646884617461C46DBB1B7
:10EED000102B01D0202B1AD135684DB13B78A342BD
:10EEE0000AD228460121FFF7F5FD2846F4F7BEF8BF
:10EEF0002046F4F77DF8054635605DB13C7030681A
:10EF00002246414610F0A4FF0020BDE8F0816FF0DA
:10EF10000A00FAE76FF01000F7E70000F8B5037D8C
:10EF2000033B022B1AD9046994F83F00A8B1A36AE5
:10EF3000226B591AD7171E25A1FB022301FB0733A9
:10EF4000A2FB050105FB0311054A00232CF018F96B
:10EF5000636B8342B4BF00200120F8BD0120FCE7B1
:10EF600040420F000269D0F8283130B5946A156B21
:10EF700003FB01131C449462946B05FB03439363EE
:10EF8000D0F834311944C0F8341130BD2DE9F04FB8
:10EF9000C368D0F8B4515B692DED048B87B008EEDF
:10EFA000103A2B68019300F5DA7306468A460393FC
:10EFB000039B9D4207D1304604F05DFF07B0BDECD6
:10EFC000048BBDE8F08F2B6905F11008984500F01F
:10EFD000BF80BAF1000F00F0848000221746102194
:10EFE0005C2301FB02323046FDF7BEF804460028E0
:10EFF00000F0A2800D21FEF753FF0290002800F0E0
:10F000009B80336A0593042205AB01212046FEF75D
:10F010001CFF002840F0908005AB0122042120460F
:10F020008DF814A0FEF711FF002840F085802B8991
:10F03000ADF81430022205AB11462046FEF705FF5D
:10F04000002879D196F83A30062B15BFD6F8C8219A
:10F0500033699388B3F848301CBF591C918020460F
:10F06000ADF81430022205AB0321FEF7EEFE0028B6
:10F0700062D105AB022206212046ADF81470FEF7DE
:10F08000E4FE002858D1002F51D007212046FEF77A
:10F0900007FF2F6905AB08EE900AD7F800B009EE1C
:10F0A000103A4FF00109B8451ED118EE901A2046CB
:10F0B000FEF7BCFE02992046FEF7B8FE18EE100AD5
:10F0C0002146FCF723FB019D2B68019370E71A8909
:10F0D0001B681744BFB29845CAB201F10101F6D1CD
:10F0E0007DE751465746F6E73B89ADF814300222DA
:10F0F00019EE103A49462046FEF7A7FEE0B907F19F
:10F100000C03042209F101012046FEF79EFE98B986
:10F110003846FFF73BF83846F3F7A8FF2B7E013B54
:10F120002B765F4609F10209DBF800B0BBE74046E9
:10F1300004F08AFE2F76BDE7404604F085FE4FF0CE
:10F1400000032B76002CBED02046F6F7FFFEBAE770
:10F15000404604F079FE4FF000032B76B3E710B57C
:10F160000446D0F87C01D4F8C830984208D0F3F7B0
:10F170007DFFD4F8C830C4F87C310023C4E9603383
:10F1800010BD036930B593F83E50DDB9D0F8883131
:10F19000D0F884210133C0F88831D0E95F43C3EB54
:10F1A000C301214401328978C0F884218A4209DBF5
:10F1B000C0F884512178013393FBF1F201FB123343
:10F1C000C0F8803130BD10B490F8CD401CB14AB9C0
:10F1D0005DF8044B7047002AFAD05DF8044B1046E6
:10F1E000F6F7B4BEC368B3F8BA4083F8B211641A34
:10F1F000A3F8B041C3F8B4215DF8044BFCF734BF69
:10F20000C168D0F828212DE9D848436E0469D1F8A7
:10F21000D001013282FB03BCC7170BFB07F100FBD7
:10F220000C13ABFB00011944034A00232BF0A8FF89
:10F230006063BDE8D88800BF40420F0010B50023CE
:10F240000169C0F82C31C0F88831C0F8303191F82C
:10F250003C20012A044615D0037D033B022B8CBFC2
:10F2600000230123012A81F83F300CBFA36F002344
:10F270002046C4F8283101F003FB2046BDE81040C9
:10F28000FDF723B81346EDE738B5044601F0DAFD83
:10F290003328054619D0637D022B1FD02369EBB1BB
:10F2A000204601F08CFB831D18D0A23080B20128CB
:10F2B0000BD9D4E916232046FDF72EFA054620B9CE
:10F2C0002046BDE83840FFF7B9BF204601F0DDFA1F
:10F2D00029462046BDE83840FCF7B6BF38BD10B51A
:10F2E00000230446C0F8CC31FDF718F82046BDE8ED
:10F2F000104001F0CABA2DE9F347D0F870410F88E9
:10F3000054F81C59043F064688467F081C3D00F50A
:10F31000B87A04F11C09D14510D1002586F878513E
:10F32000CDF804D0CDF800D008F102084FF007095D
:10F33000BD4219DB002002B0BDE8F087204601F095
:10F34000EBFB4846FEF722FFE06828B10121FFF7FA
:10F35000C1FBE068F3F78AFE2046F3F787FEEB690E
:10F360002C46A3F11C05D4E724210120F3F75AFE13
:10F37000044678B138F8023F0380A0F81890694637
:10F380001C30FEF7FCFE2146304602F0A9F820B9F9
:10F390000135CDE76FF01000CDE76FF00A00CAE746
:10F3A00073B505461446FEF77BFD064618B96FF0A7
:10F3B0000C0002B070BD63798DF8063001220DF1AA
:10F3C000060311462846FEF740FD0028EFD163886A
:10F3D000ADF8063002220DF1060311462846FEF76D
:10F3E00034FD0028E3D12388ADF8063002220DF168
:10F3F000060304212846FEF728FD0028D7D12379EB
:10F400008DF8063001220DF1060303212846FEF790
:10F410001CFD04460028CAD131462846FEF706FDE9
:10F420002046C6E770B5D0F8FC600446BEB3D6E906
:10F4300002521544B269D0F80031AD1A7D2DA8BF33
:10F440007D25CBB1D4F80001D0E902311944C3695C
:10F45000AA1C5B1A9A421CDA0321F6F77EFD94F887
:10F46000FA300370002345708370B169D4F800014D
:10F470002A46F6F778FD0CE0B0F8F8001028A8BF8F
:10F4800010200121C001F6F74CFDC4F8000100284E
:10F49000D8D13046F6F75AFD0023C4F8FC3070BDD1
:10F4A0002DE9F04F044685B00023C768ADF80A3057
:10F4B00023697869D3F83080D0F80090D4F828A177
:10F4C0000E460A460DF10A03214601F0F4F9002820
:10F4D0007DD094F83930072B7CD005D8053B012B23
:10F4E00007D94FF4806209E0082BFAD1B17CDC2205
:10F4F00001E0317C9622642312FB01320821204670
:10F50000FCF732FE0546002861D0236A03930422EB
:10F5100003AB1721FEF799FC00285DD1636B0393C1
:10F52000042203AB08212846FEF78FFC002853D1A4
:10F5300004212846FEF7B4FC834600284CD02369FA
:10F540009B6A0393042203AB01212846FEF77DFC4E
:10F55000002841D14FF47A730AFB088899FBF3F92C
:10F56000042298FBF9F303210393284603ABFEF72B
:10F570006CFC88BB0095BDF80A307869324621469C
:10F5800001F0A5F940BB59462846FEF74FFC7969C2
:10F590002B463246204604F05DFEE8B907F1B8007C
:10F5A000FFF740FF94F8CD3053B107F5DC73042228
:10F5B00010212846FEF749FC70B90023C7F8B8317E
:10F5C000636B7869013363632946FCF79FF805B0E4
:10F5D000BDE8F08F317C8AE708212846FCF7D9FD89
:10F5E000F5E7407F002808BFFF20704707B58DF87A
:10F5F00007200DF107030122FEF727FC03B05DF899
:10F6000004FB07B5019201AB0422FEF71EFC03B018
:10F610005DF804FB2DE9F04F06468FB004460392D7
:10F6200036F8042B8B46043A30460021032ACDB22B
:10F6300012DD0388032B0FD993420DDC01310B2916
:10F6400004D16FF00A000FB0BDE8F08F033323F050
:10F650000303D21A1844E9E7002DF2D0C1EBC1012F
:10F6600001310120F3F7DEFC039B1860002800F055
:10F67000B1800570B4F800900023A9F10409029349
:10F68000B9F1030F40F3A9803388032B40F2A58022
:10F690004B4500F3A280039BD3F80080DBF80030D9
:10F6A000009332464E4B062107A8FEF74FFD054654
:10F6B00080B99DF808A0CAEBCA04631C08EB0302DA
:10F6C00048F80350C2F80350089A4FEACA077AB9BB
:10F6D0006FF00A05029B28B2013302930028B2D1D1
:10F6E0003388033323F00303A9EB03091E44C7E760
:10F6F000099B002BECD01279042AE9D844446270AB
:10F700001B79002BE4D0A3700A9B002B4ED093F9F9
:10F710000430E3700C9B002B4BD093F90430A371A1
:10F720000D9B002B48D093F904300B9AE371002A0B
:10F730004BD0DBF80030009302212A4B04A8FEF7DF
:10F7400005FD002844D1059B002B38D093F90430E7
:10F750002371069B002B35D093F90420A7EB0A03F5
:10F760004344A7EB0A075A7194F90430013308BFE8
:10F770000023B84408BF237198F90530013304BF52
:10F78000002388F8053094F90330013304BF23794E
:10F79000E37094F90730013304BF0023E37194F957
:10F7A0000630013396D1E379A37193E74FF0FF332D
:10F7B000AFE74FF0FF33B2E74FF0FF33B5E74FF05D
:10F7C000FF33C5E74FF0FF32C8E7FF222271C5E7DC
:10F7D00005467FE76FF0100035E7002033E700BFF4
:10F7E000B4D5030008D6030090F8A2301BB1012B5A
:10F7F00027D0FA2300E0402380F8203190F89D3094
:10F80000012B0CBF40232023A0F8223190F89E301A
:10F8100080F8243190F8A3305A1E5342534180F8A7
:10F82000263190F8A030022B0DD0032B0DD0012BE8
:10F8300014BF0623072380F82531022380F82731DF
:10F8400070477D23D8E71B23F5E71F23F3E700006C
:10F850002DE9F04FC368DBB0D3F8149000231646AF
:10F86000044603930A46002900F01C833368009382
:10F870005321454B06A8FEF769FC054620B1052536
:10F8800028465BB0BDE8F08F637D022B1AD10123BF
:10F890003E4F06AA184652F8041F79B13A2B06D8F3
:10F8A000232B0BD062D80D2B08D01425E8E7A3F149
:10F8B0003B01C9B200FA01F13942F6D00133DBB2A3
:10F8C000542BE8D1209B1BB11B790D3B0B2BD6D9B8
:10F8D000189B1BB11B7913F0380FD0D12E9B33B17D
:10F8E0001B88142BA3F1040201D0202AC7D12F9B1F
:10F8F00033B11B88142BA3F1040201D0202ABED1FE
:10F900001F9B002B37D12046FFF782F990B9099A47
:10F9100094F83A30002A35D012791999002900F06C
:10F92000D2829A4294F88B00097940F0BE828842D4
:10F9300040F0BB82299828B103AA3146FFF76AFE3E
:10F94000804670B92E9E002E00F08682B6F800B078
:10F95000ABF1040B5846F3F74BFB0746C0B96FF009
:10F9600010080398F3F782FB454689E7A3F13301BA
:10F9700006299AD8A2E719794846FBF7F5FB002833
:10F98000C1D07CE71A46C8E7C4D103000120C001FA
:10F990005FFA8BFB311D5A4610F05AFA3E462F9FF4
:10F9A000002F00F05B82B7F800A0AAF1040A5046CD
:10F9B000F3F71EFB8046002800F079825FFA8AFA8E
:10F9C000391D524610F044FA47460C99002940F080
:10F9D0004782079B002B40F05982089B13B11B798B
:10F9E00084F83930099B13B11B7984F83A300A9BAB
:10F9F00013B11B7984F83B300B9B13B19B88A4F89F
:10FA000040300D9B13B11B7984F83C300E9B43B101
:10FA100053F8040F596804AA03C2DDE90423C4E9BA
:10FA200016230F9A22B1D9F8141053684B4323665A
:10FA3000109941B1D9F800304FF47A7293FBF2F289
:10FA40004B6853436366119B0BB15B68A36694F8E4
:10FA500085301BB1A36E013B84F88630159B13B132
:10FA60005B68C4F88030379B2BB11B7984F88630F3
:10FA7000002384F88530389B13B11B7984F88730D4
:10FA8000179B13B11B7984F88830189B2BB11B7915
:10FA900084F88A30002384F88930199B13B11B79CC
:10FAA00084F88B3094F8893053B194F88B30012B63
:10FAB00040F0F08194F88A3043F0010384F88A30F2
:10FAC000237D033B022B14D9139B0BB15B68A36707
:10FAD000169B2BB11B79003B18BF012384F884309F
:10FAE0001A9B13B11B7984F8EB30149B0BB15B6844
:10FAF000E3671B9B13B11B7984F88C301C9B13B1FB
:10FB00009B88A4F88E301D9B13B11B7984F890302C
:10FB10001E9B13B11B7984F891301F9B13B11B7985
:10FB2000C4F89430209B13B11B79C4F89830219B02
:10FB300013B11B7984F89C30239B13B11B7984F893
:10FB40009D30249B13B11B7984F89E30259B13B103
:10FB50001B7984F89F30269B13B11B7984F8A03061
:10FB6000289B13B11B7984F8A130229B13B11B7918
:10FB700084F8A230279B13B11B7984F8A330299B0A
:10FB800053B1D4F8C800D4F87C31834201D0F3F7E4
:10FB90006DFA039BC4F8C8302A9B13B11B7984F813
:10FBA000A4302C9931B131F8042B04F1A500043AAA
:10FBB00010F04EF92D9931B131F8042B04F1A70062
:10FBC000043A10F045F92E9B63B1D4F8B0302BB154
:10FBD00000221A70D4F8B000F3F748FAC4F8B06005
:10FBE00084F8ADB02B9B2BB15B68C4F8B430012214
:10FBF00084F85C212F9B63B1D4F8BC302BB1002278
:10FC00001A70D4F8BC00F3F731FAC4F8BC7084F869
:10FC1000B8A0309B2BB11B79003B18BF012384F89F
:10FC2000C030319B13B11B7984F8C130329B9BB13A
:10FC30001A7902F0010284F8C3201A79C2F3400253
:10FC400084F8C4201A79C2F3800284F8C5201B7995
:10FC5000C3F3C00384F8C630339B2BB11B79003B40
:10FC600018BF012384F8C730409B13B11B7984F877
:10FC7000E830419B13B11B7984F8E930429B13B102
:10FC80001B7984F8EA304F9B13B11B7984F80C314F
:10FC9000349B2BB11B79003B18BF012384F8CC3077
:10FCA000359B13B15B6884F8CE30509B2BB11B7928
:10FCB000003B18BF012384F8CD30369B13B11B796C
:10FCC00084F8CF30399B13B11B7984F8D0303A9B3C
:10FCD00013B15B68C4F8D4303B9B13B15B68C4F8C4
:10FCE000D8303C9B13B15B68C4F8DC303D9B13B14A
:10FCF0005B68C4F8E0303E9B1BB1B3F90430A4F854
:10FD0000E4303F9B1BB1B3F90430A4F8E630439BC9
:10FD10002BB11B79003B18BF012384F8EC30449BC6
:10FD20002BB11B79003B18BF012384F8ED30459BB4
:10FD300013B11B7984F8EE30469B13B11B7984F81C
:10FD4000EF30479B13B11B7984F8F030489B2BB1FF
:10FD50001B79003B18BF012384F8F130499B2BB17C
:10FD60001B79003B18BF012384F8F2304A9B2BB16A
:10FD70001B79003B18BF012384F8F3304B9B2BB158
:10FD80001B79003B18BF012384F8F4304C9931B142
:10FD900031F8042B04F1F500043A10F059F84D9BAA
:10FDA0002BB11B79003B18BF012384F801314E9B16
:10FDB00013B11B7984F80231529949B1D9F8003056
:10FDC0004FF47A7293FBF2F24B685343C4F8043158
:10FDD000539949B1D9F800304FF47A7293FBF2F29B
:10FDE0004B685343C4F80831549B13B11B7984F812
:10FDF0000D31559B13B11B7984F80E31569B43B1DD
:10FE000053F8040F596804AA03C2DDE90423C4E9C6
:10FE10004423579B13B11B7984F81831589B13B1B5
:10FE20001B7984F81931599B13B11B7984F81A3165
:10FE30002046FEF7EDFE10B9204600F0C7FC204634
:10FE4000FFF7D2FC00F04AFD637D022B7FF418AD72
:10FE50004846FBF72CFE13E5B346A0E5BA46B4E5E9
:10FE60000B88043B012B7FF6B4AD2046FFF743FA25
:10FE7000804600283FF4ADADFEB9002F3FF471ADD0
:10FE800000233B703846F3F7F1F86AE51B7984F8F4
:10FE90003830A2E5002B7FF413AE94F88A3043F09B
:10FEA00004030BE66FF00A05EAE40125E8E4002EFE
:10FEB0003FF455AD47466FF01008002333703046CD
:10FEC000F3F7D4F8D9E79A4232E500BF2DE9F047BD
:10FED0000C46804623212046FDF7E2FF064618B96E
:10FEE0006FF00E00BDE8F0874546002798F8003017
:10FEF000BB4205D831462046FDF798FF0020F1E7C8
:10FF000039462046FDF7CCFF81460028E8D06A78C4
:10FF100001212046FFF76AFB0028E1D1AA780221DF
:10FF20002046FFF763FB0028DAD1EA780321204658
:10FF3000FFF75CFB0028D3D104212046FDF7B0FF7A
:10FF400082460028CCD02A7901212046FFF74EFBBB
:10FF50000028C5D16A7902212046FFF747FB002817
:10FF6000BED151462046FDF761FFAA790521204602
:10FF7000FFF73CFB0028B3D115F8072F06212046D8
:10FF8000FFF734FB0028ABD149462046FDF74EFF72
:10FF90000137ABE72DE9F047044610464A1E8AB008
:10FFA000102A00F20884DFE812F0B0031100B00359
:10FFB000B00348000604060406044F00B00306041C
:10FFC000060406040604A8030604E2032046FEF71E
:10FFD00044FE0546C8B9204600F044FC0546A0B9D9
:10FFE000204600F082FC204600F042FC054660B945
:10FFF000236953B12046FFF703F9204600F0D8FDEE
:020000021000EC
:10000000054620463DB100F040FC29462046FCF75D
:100010001BF900250DE000F0D2FC50B9D4E91623FD
:100020002046FCF779FB05460028EED12046FFF775
:1000300005F928460AB0BDE8F08781681A462046CF
:10004000FFF706FC0546F4E7D4F80C804FF4806215
:1000500009214046D8F81490FBF774FF05460028A4
:1000600000F0AE83226A1721FFF7CBFA70BB0221A2
:100070002846FDF715FF074640B394F838200121C4
:100080002846FFF7B3FA08BB94F839200221284626
:10009000FFF7ACFAD0B994F83A2003212846FFF7CD
:1000A000A5FA98B994F83B2004212846FFF79EFA58
:1000B00060B9B4F840304FF6FF7293420CD194F817
:1000C0003C2007212846FFF791FA80B12846F5F732
:1000D0003DFF6FF00E05ACE7ADF80830022202AB31
:1000E00005212846FDF7B1FE0028E8D0EEE7D4E967
:1000F0001623CDE902230822009002AB11462846C0
:10010000FDF7DDFE0028E1D1226ED9F81430B2FBF4
:10011000F3F209212846FFF774FA0028D6D14FF4EC
:100120007A73D9F8002092FBF3F20A21636EB3FBD5
:10013000F2F22846FFF765FA0028C7D1A26E0B211C
:100140002846FFF75EFA0028C0D1A26F0D2128468D
:10015000FFF757FA0028B9D1E26F0E212846FFF7C2
:1001600050FA0028B2D1D4F880200F212846FFF79A
:1001700048FA0028AAD194F8842010212846FFF7D5
:1001800035FA0028A2D194F8862031212846FFF7BD
:100190002DFA00289AD194F8872032212846FFF7BB
:1001A00025FA002892D194F8882011212846FFF7DB
:1001B0001DFA00288AD194F88A2012212846FFF7D8
:1001C00015FA002882D194F88B2013212846FFF7D6
:1001D0000DFA00287FF47AAF94F8EB20142128461A
:1001E000FFF704FA00287FF471AF94F88C201521F2
:1001F0002846FFF7FBF900287FF468AFB4F88E308B
:10020000ADF80830022202AB16212846FDF71DFE8C
:1002100000287FF45BAF94F8902017212846FFF761
:10022000E5F900287FF452AF94F891201821284670
:10023000FFF7DCF900287FF449AF94F894201921E6
:100240002846FFF7D3F900287FF440AF94F89820B0
:100250001A212846FFF7CAF900287FF437AF94F82F
:100260009C201B212846FFF7C1F900287FF42EAF00
:1002700094F89D201D212846FFF7B8F900287FF447
:1002800025AF94F89E201E212846FFF7AFF90028DD
:100290007FF41CAF94F89F201F212846FFF7A6F992
:1002A00000287FF413AF94F8A02020212846FFF700
:1002B0009DF900287FF40AAF94F8A2201C2128465B
:1002C000FFF794F900287FF401AF94F8A3202121CF
:1002D0002846FFF78BF900287FF4F8AE94F8A120A8
:1002E00022212846FFF782F900287FF4EFAED4F8E8
:1002F000C8002946FFF7EAFD00287FF4E7AE04F1C5
:10030000A503022226212846FDF79FFD00287FF441
:10031000DDAE04F1A703062227212846FDF795FD4F
:1003200000287FF4D3AED4F8B42025212846FFF767
:1003300068F900287FF4CAAE94F8A4202421284646
:10034000FFF754F900287FF4C1AE94F8C0202A21A9
:100350002846FFF74BF900287FF4B8AE94F8C12087
:100360002B212846FFF742F900287FF4AFAE94F81E
:10037000C43094F9C320002B14BF022300231A4376
:1003800094F8C530002B14BF042300231A4394F8BB
:10039000C630002B14BF082300231A43D2B22C21ED
:1003A0002846FFF723F900287FF490AE94F8C72081
:1003B0002D212846FFF71AF900287FF487AE94F81C
:1003C000E8203A212846FFF711F900287FF47EAE95
:1003D00094F8E9203B212846FFF708F900287FF42C
:1003E00075AE94F8EA203C212846FFF7FFF8002874
:1003F0007FF46CAE94F80C2149212846FFF7F6F8FB
:1004000000287FF463AE94F8CC202E212846FFF715
:10041000EDF800287FF45AAE94F8CE202F2128461C
:10042000FFF7EFF800287FF451AE94F8CD204A2171
:100430002846FFF7DBF800287FF448AE94F8CF2079
:1004400030212846FFF7D2F800287FF43FAE94F819
:10045000D02033212846FFF7C9F800287FF436AEB4
:10046000D4F8D42034212846FFF7CBF800287FF4B5
:100470002DAED4F8D82035212846FFF7C2F8002841
:100480007FF424AED4F8DC30029302AE334604226B
:1004900036212846FDF7D9FC00287FF417AED4F8A2
:1004A000E03002930422334637212846FDF7CDFC85
:1004B00000287FF40BAEB4F8E430ADF80830022227
:1004C000334638212846FDF7C0FC00287FF4FEADF6
:1004D000B4F8E630ADF80830022233463921284618
:1004E000FDF7B3FC00287FF4F1AD94F8EC203D213A
:1004F0002846FFF77BF800287FF4E8AD94F8ED205C
:100500003E212846FFF772F800287FF4DFAD94F80B
:10051000EE203F212846FFF769F800287FF4D6AD8A
:1005200094F8EF2040212846FFF760F800287FF478
:10053000CDAD94F8F02041212846FFF757F8002868
:100540007FF4C4AD94F8F12042212846FFF74EF81D
:1005500000287FF4BBAD94F8F22043212846FFF732
:1005600045F800287FF4B2AD94F8F32044212846E2
:10057000FFF73CF800287FF4A9AD94F8F420003A86
:1005800018BF012245212846FFF730F8024600280F
:100590007FF49CAD94F8F430012B00F09280002B96
:1005A00008BF0C2204F1F50346212846FDF74DFC57
:1005B00000287FF48BAD94F8012147212846FFF7EE
:1005C00015F800287FF482AD94F8022148212846CE
:1005D000FFF70CF800287FF479ADD9F80020D4F8A3
:1005E00004314FF47A7A4C2192FBFAF22846B3FB9D
:1005F000F2F2FFF706F800287FF468ADD9F8003072
:10060000D4F8082193FBFAF34D212846B2FBF3F20C
:10061000FEF7F7FF00287FF459AD94F80D214E2125
:100620002846FEF7E3FF00287FF450AD94F80E2132
:100630004F212846FEF7DAFF00287FF447ADD4E9C2
:1006400044235021CDE90223009033460822284656
:10065000FDF735FC00287FF439AD94F818215121BD
:100660002846FEF7C3FF00287FF430AD94F8192127
:1006700052212846FEF7BAFF00287FF427AD94F8F0
:100680001A2153212846FEF7B1FF00287FF41EAD42
:10069000627D022A03D194F83830012B1AD1D4F8A4
:1006A000703100221C3B04F5B87403F11C01A14217
:1006B00009D13346520006212846FDF7C6FB78B122
:1006C00004E50A226EE7198826F81210DB69013268
:1006D0001C3BEAE7B4F848104FF6FF73994209D182
:1006E00039462846FDF7A2FBD8F814002946FDF745
:1006F00090FDA7E404F14803DDE794F8A230426BD3
:10070000002B0CBF0326112612B96FF00A0590E4E6
:100710000023009307212C4B02A8FDF717FD054687
:1007200000287FF486AC099B002BEED05968D1B12C
:10073000089AC2B1059BB3B10798A0B100799B8814
:1007400092880090204603F0CDFB054600287FF4F8
:1007500070AC94F8AC11B1422CBF002101212046AD
:10076000FEF777FB65E40846F2F780FCCDE7E66824
:10077000102211213046FBF7E5FB0546C0B1226A85
:100780001721FEF73EFF68B9B4F89C31ADF8083088
:10079000022202AB11212846FDF757FB10B9706900
:1007A0002946A4E72846F5F7D1FB6FF00E0049E48F
:1007B0006FF0100046E40246204600F03BF841E4AA
:1007C0006FF0100535E400BF64D1030090F83910D4
:1007D000034B044A042918BF13460363704700BF44
:1007E000B8D6030034D6030038B5084B1B6805465D
:1007F0009847044640B9064B28461B68984704466C
:1008000010B92846FFF7E2FF204638BD34D6030072
:10081000B8D6030010B5054B5B6804469847044BF7
:1008200020465B68BDE81040184700BF34D603007F
:10083000B8D60300072917B409D8052909D9084CE7
:10084000A4680194A44603B05DF8044B60470C29EA
:10085000F5D06FF00A0003B05DF8044B704700BF9D
:1008600034D60300036BDB6803B1184718467047A2
:10087000036B1B691847036B5B6903B1184770472B
:10088000036B9B6903B118477047036BDB6918471B
:1008900010B4046B246AA4465DF8044B6047036BF4
:1008A0005B6A1847036B9B6A1847036BDB6A03B1EB
:1008B00018471846704730B40C6B656B25B1246B34
:1008C00014B1A44630BC6047002030BC704710B45F
:1008D0000C6B646BA4465DF8044B6047026B926B33
:1008E00002B11047A0F89C217047036BDB6B03B18A
:1008F00018477047030E0B70030C4B70030A8B7084
:10090000C870704790F8A430022B10D019B1042B96
:1009100001D10B7913B1D0F89001704790F83830BD
:1009200013B9D0F8540170478B6858687047002994
:10093000EFD1F0E770B50646084611461546FDF7BB
:1009400007FF0446E0B92868FDF776FF044690B932
:10095000286896F8A430C26EC6F8D02183B1D6E9D3
:10096000181393FBF1F3D6F8981101FB0321FDF75F
:1009700093FE28B104462868FDF77AFE00232B6019
:10098000204670BD11F1A20F16D011F1A10F0BDAA4
:10099000A33108D1012310E0012303FA01F140F64D
:1009A00041031942F6D1704711F19F0FF2DB11316B
:1009B00089B20B29F0D9704702230376F3E7D0F808
:1009C000903143B9D0F89431002B14BF6FF005007B
:1009D0006FF0A000704790F8A430022B01D0042BD8
:1009E00028D190F838305BB9D0F8542112BBD0F838
:1009F0005831002B14BF6FF005006FF0A100704755
:100A0000012B17D1D0F8703100221C3B00F5B870D3
:100A100003F11C01814205D1002A14BF00206FF0B0
:100A200005007047996811B9596801B10132DB6955
:100A30001C3BEDE70020704770B5C36898B01C22DE
:100A40000D46044600210DEB02005E690FF00EFA20
:100A50000EAB069301AB08931123099394F8A430CD
:100A60008DF81C30EB680C932B7D8DF83C3005F134
:100A700008022B690E9306A92046FDF7C3FD002846
:100A800048D1AB68002B45D1236E326828694FF4FA
:100A90007A714B4392FBF1F293FBF2F35BBAADF840
:100AA000083094F8A1308DF80A3094F89C308DF815
:100AB0000B30D4F8983094F83A208DF80C3094F834
:100AC0009E308DF804208DF80D3094F8A42094F811
:100AD000A0308DF805208DF80E3094F83B2094F866
:100AE0009D308DF806208DF80F30D4F894208DF8C5
:100AF000072003230DF111018DF81030FFF7FAFEE6
:100B00002A1D06A92046FFF715FF10F1A10F08BF07
:100B10006FF0A10018B070BD10B50446406818B160
:100B2000FDF7A6FD00236360A06818B1FBF758FB32
:100B30000023A36010BD38B5D0F890510446FDB134
:100B40002846FDF795FD0023C4F89031D4F85451A0
:100B5000FDB12846FDF78CFD0023C4F8543194F80C
:100B60003830012B0BD194F8783143B1D4F870515F
:100B700004F5B8741C3D05F11C03A34212D138BD25
:100B8000D0F894010028E1D0FBF72AFBC4F8945177
:100B9000DCE7D4F858010028E1D0FBF721FBC4F8CA
:100BA0005851DCE72846FFF7B7FFED691C3DE2E747
:100BB000F0B5C3689DB004461C2200210BA85E69F5
:100BC0000FF054F912AB0A9305AB0C9311230D935C
:100BD00094F83A2094F8A4008DF82C0004F1A503B1
:100BE0000E9304F1A7030F93002A68D0062A66D05B
:100BF000236E31684FF47A756B4391FBF5F193FBEB
:100C0000F1F35BBAADF8183094F8A1308DF81A30D2
:100C100094F89C308DF81B30D4F898308DF81C3047
:100C200094F89E308DF81D3094F8A0308DF81E3069
:100C300094F89D308DF81F3003238DF814208DF823
:100C4000203094F83B20D4F890318DF81620D4F859
:100C500094208DF815008DF8172093B394F8383050
:100C6000002B59D0012B5DD194F87831002B59D04D
:100C700003ABD4F87061CDE903331C3E002504F5C5
:100C8000B87706F11C039F4240F08280D4F870319F
:100C900053F81C691C3E03F11C00874240F0BB80E6
:100CA00003A9204600F078FED4F870319F4240F04E
:100CB000C2802046FFF73FFF33201DB0F0BD002368
:100CC0009FE7D4F89431002BC8D1D4F8B030E6694E
:100CD000109304F5CA7294F8AD3012960AA9204612
:100CE0008DF84C30FDF78EFC054688B90DF12101D9
:100CF0003046FFF7FFFDD4F89431002BAED104F558
:100D0000C8720AA92046FFF715FE05460028A5D09F
:100D10002846FBF770FAD0E794F8A430022B05D0F0
:100D2000042B03D00025C4F89851F1E7D4F85431CE
:100D3000002BF7D1D4F85831002BF3D1D4F8BC30C4
:100D400010930A9BD4F8B4201A6094F8B8201A7152
:100D50000AA904F5AC722046FDF754FC05460028AC
:100D6000D6D1D4F85831002BDCD1D4F8B4000DF131
:100D70002101FFF7BFFD04F5AA720AA92046FFF77B
:100D8000D9FD05460028CDD02046FFF7D4FEBFE7A9
:100D900094F8A430022B01D0042B25D1727D22B906
:100DA00005233376F6691C3E6BE7042B1CD1D4F87F
:100DB000942112B1F268002AF3D17368002BF1D1AB
:100DC000B368002BEED1F36810930A9B32691A6066
:100DD000327D1A710AA906F108022046FDF712FCBD
:100DE000054628B10223DCE7F26842B30323D8E7C3
:100DF000B3680BB10623D4E730690DF12101FFF789
:100E000079FD321D0AA92046FFF794FD054600280A
:100E1000E8D10723C5E71B7E013B042B06D80190D0
:100E2000FDF7B4F9019803A9FDF7A3F9F269334678
:100E3000A2F11C062FE7002D7FF46AAF72E7022BA8
:100E4000BBD0AFE72DE9F041C36892B004460F462E
:100E5000154600211C220BA85E690FF007F807F168
:100E600010030A9394F83A2094F8A40031688DF89E
:100E70002C0005AB0C9311230D93236E002A54D044
:100E8000062A52D04FF47A76734391FBF6F193FB26
:100E9000F1F35BBAADF8183094F8A1308DF81A3040
:100EA00094F89C308DF81B30D4F898308DF81C30B5
:100EB00094F89E308DF81D3094F8A0308DF81E30D7
:100EC00094F89D308DF81F30032304F1A5018DF8AF
:100ED00014208DF8203094F83B20D4F894310E91F2
:100EE0008DF8162004F1A701D4F894200F918DF805
:100EF00015008DF81720C3B3BB4236D10023C4F8C8
:100F00009431A5B9E0690DF12101FFF7F3FC04F577
:100F1000C8720AA92046FFF70DFD054638B9C4F886
:100F20009801002012B0BDE8F0810023B1E794F8E9
:100F30003830012B0CD1D4F8700104F5B8721C388C
:100F400000F11C039A420AD11146204600F024FD0C
:100F50002046FFF7F0FD2846FBF74DF9E2E729466A
:100F6000FFF710FDC0691C38EAE794F83830EBB998
:100F7000D4F8582142B3BA4226D1C4F858312DB121
:100F800015F1A10F08BF6FF0A105E4E7D4F8B40094
:100F90000DF12101FFF7AEFC04F5AA720AA9204663
:100FA000FFF7C8FC05460028BBD0D4E7012B0BD1C6
:100FB00094F8783143B1D4F8706104F5B8781C3EE8
:100FC00006F11C03984502D16FF00F05C3E73B699A
:100FD000306998421BD0F6691C3EF1E7072325E0F3
:100FE0001D7EDB69062D08BF01311C3B25E0137E09
:100FF000013B042B06D80190FDF7C8F8019803A91E
:10100000FDF7B7F8EB692A46A3F11C0521E00023A0
:10101000B36055B90DF12101FFF76CFC321D0AA92F
:101020002046FFF787FC0028D8D002233376D4F877
:101030007001A0F11C021346002103F11C05A84514
:10104000CED100297FF46DAF03AB0568CDE9033342
:101050001C3D02F11C008045C9D1204603A900F0C7
:101060009BFCD4F8700180450CBF3320002059E769
:101070002DE9F04190F8A43004464BB390F8C0300D
:1010800033B3026990F8C110956A6B1C01258D403D
:10109000D0F89811581AA84201D2994218D96D4235
:1010A000D4F890011D40D2E90B37C16E97FBF3F7DE
:1010B0006F433944FDF7F0FA94F8383053B9D4F857
:1010C000540118B1C16E3944FDF7E6FAC4F89851DD
:1010D000BDE8F081012BF9D194F87831002BF5D0DF
:1010E000D4F8706104F5B8781C3E06F11C03434542
:1010F000ECD0706818B1C16E3944FDF7CDFAF669CD
:101100001C3EF2E72DE9F3410446DDE9086790460D
:10111000C1B10D7801932046FFF7F4FB294694F8FE
:10112000A450019B35B1257D033D022D0CD8D4F888
:10113000D04121444246CDE9086702B0BDE8F04104
:10114000FDF79CBB0D46E5E7D4F810C0D4F82CE1C0
:10115000A46EDCE90B52DCF828C092FBF5F504FB29
:101160000EF40CFB05452944C46EE2E738B5047D56
:10117000B1F90050033C022C024603D8D0F8D0014C
:10118000284438BDFFF7BEFB1169C06ED1E90B439F
:1011900093FBF4F38C6AD2F82C11926E02FB01528D
:1011A00004FB03231844ECE790F8CF30012B04D064
:1011B000022B14BF2020802070474020704708B5C4
:1011C000FFF7A0FBBDE808401146FDF76BBC2DE919
:1011D000F34104469846BDF8203001931646FFF7C8
:1011E00091FB94F8A450B1F90010019B35B1257D15
:1011F000033D022D0AD8D4F8D0412144089142463B
:10120000314602B0BDE8F041FDF76DBB2769D7E973
:101210000B52D7F828C0D4F82C71A46E92FBF5F5C8
:1012200004FB07110CFB0511C46EE6E7F7B5064693
:1012300014461A46BDF8203001930D46FFF762FBB5
:1012400096F8A410099F019B09B9B5F90070089799
:10125000214603B0BDE8F040FDF799BB37B590F8E3
:10126000A45014461A46069B019345B1FFF74AFB6A
:10127000019B214603B0BDE83040FDF7F2BB284694
:1012800003B030BD37B590F8A45014461A46069BFB
:10129000019345B1FFF736FB019B214603B0BDE842
:1012A0003040FDF7BCBB284603B030BD0023C0F87A
:1012B0004C314FF48073A0F850310123C0F8343121
:1012C000704730B5C3688BB05D6990F89F308DF87A
:1012D00026300446FFF768FF236EADF8240004F5BE
:1012E000907101AA2846F9F7FAFE94F839302E38A1
:1012F000012B81B2204605D102F051FEA4F89C01D9
:101300000BB030BD02F09EFEF8E700F5B872C0E900
:101310005C2204F03ABF10B590F83A104C1EE4B2CB
:10132000012C024613D990F88A3083F00403C3F3EA
:101330008003042914BF581C981C92F88430012C97
:1013400098BF013013B1032908BF013010BD01233C
:101350000229EFE710B490F83810A1B190F8EB1023
:1013600089B1D0F8703100F5B8721C3B082403F144
:101370001C00904202D15DF8044B704799761C76B0
:10138000DB691C3BF3E75DF8044BFDF7A8BFC368BE
:1013900010B5044623B100221A70C068F1F766FE4A
:1013A0002046BDE81040F1F761BEF8B5D0F87051A5
:1013B00055F81C6904461C3E00F5B87705F11C0081
:1013C000B84204D12046BDE8F84004F0E0BEFCF786
:1013D000DDFE2846FFF7DBFFF3693546A3F11C0667
:1013E000ECE7D0F8703100211C3B00F5B87203F136
:1013F0001C00904201D108467047187E072801D092
:10140000092800D10131DB691C3BF0E72DE9F047E9
:10141000044604F05FFE054600283FD194F838A04A
:10142000BAF1010F02D194F87831E3B394F83B306C
:101430001BB994F87831012B37D894F89C60012EB1
:1014400004D094F83A30013B012B30D894F88B301B
:10145000012B2ED194F88A8018F0040F07D094F84D
:101460003A30013B012B02D994F8A4301BBB204633
:10147000FFF751FFA76E8146BAF1000F11D0204649
:10148000FFF7AFFF08F0010303FB000303EB0900C4
:10149000874212DB16F0FD0F08BF25252846BDE860
:1014A000F0870120EEE73325F8E73525F6E7252517
:1014B000F4E7FB25F2E72425F0E72125EEE738B530
:1014C0000446FFF728FF05462046FFF78AFF03463C
:1014D00094F88A0000F0010000FB0333581938BD6E
:1014E00038B50446084694F87831082B24D0D4F84F
:1014F000703104F5B8711C3B03F11C02914214D108
:10150000637D022B05D094F8A430022B01D0042B6C
:1015100001D1002303761C30FCF746FE94F87831A5
:10152000013384F87831002038BD05881A88954247
:1015300004D0DB691C3BDFE70120F5E70820F3E777
:10154000F8B590F8783105460E46002B3ED0D0F81D
:10155000704154F81C3900F5B8721C3B04F11C07AB
:10156000974201D1072013E030882188884228D192
:101570006B7D022B16D1237E082B0BD10A232376F9
:1015800006F11C00FCF702FE3046F1F76FFD00206B
:10159000C0B2F8BD0A2BF3D00923237695F8EB30BF
:1015A000A376EDE72046FFF7B7FA3846FCF7EEFDE5
:1015B0002046FFF7ECFE95F87831013B85F878314D
:1015C000DEE7D9691C46A1F11C03C7E70720E0E765
:1015D0002DE9F04F8BB0072905460F46039307D836
:1015E000052939D86FF00A0B58460BB0BDE8F08FCB
:1015F0000C29F7D1D0F80C804FF480624046FAF7FE
:10160000A1FC0446002800F0FE802B6A0693042209
:1016100006AB1721FCF719FC002840F0EE800321EF
:101620002046FCF73DFC0746002800F0E680D5F890
:10163000706105F5B8791C3E06F11C034B4540F07E
:10164000B98039462046FCF7F1FBD8F81400214652
:10165000FCF7DFFD8346C7E7D668C3680293002E18
:10166000C0D00DF1100A36F8048BCDE904AA00248D
:10167000A8F10408A146B8F1030F6FDD3388032BEE
:101680006CD943456ADC039B1B6800933246654B6B
:10169000032106A8FCF75AFD834618B9079B83B9B6
:1016A0006FF00A0B049850F81C491C3C00F11C0315
:1016B0009A4599D0FFF76BFEE3692046A3F11C041D
:1016C000F4E7089B13B9099B002BE9D124210120E1
:1016D000F1F7A8FC0446002869D0079B9B8803808B
:1016E000089BCBB1072F02D1F1F7C0FCD8E70999CD
:1016F0005B6803610122427579B131F8043B043B18
:1017000000F11402DBB20C30FDF7DBFB834620B1A5
:101710002046F1F7ABFCC5E7437507232383049B01
:101720001C3B03F11C0292450ED1514604F11C00F2
:10173000FCF725FD3388033323F0030309F1010986
:10174000A8EB03081E4496E721881A88914203D12A
:101750002046FFF71CFEA3E7DB69E1E7B9F1000FC4
:101760003FF440AF6B7D022B50D1062F06D195F888
:101770003B30002B4CD16FF0120B93E7B9F1010F06
:101780008ED121462846FFF7DBFE8346002889D10B
:101790006B7D022B86D0029B5B699A6C002A81D0FC
:1017A0000146D200D5F88C010EF060FB7AE76FF0AD
:1017B000100B77E701212046FCF772FB0546E0B1EC
:1017C0003388ADF81830022206AB01212046FCF721
:1017D0003CFB90B9737D33B929462046FCF726FBC4
:1017E000F6691C3E28E733690693042206AB022102
:1017F0002046FCF72AFB0028EED02046F4F7A6FB93
:101800006FF00E0BF0E66FF0100BEDE6062FB5D182
:10181000B9F1010F7FF444AF21462846FFF760FE7F
:10182000B3E700BF74D6030090F8A420022A11D0B9
:10183000131F5A425A41D0F87031002AA3F11C03F9
:101840000CBF0721002100F5B87003F11C02824291
:1018500002D170470122EEE71A7E093A012A88BFB9
:101860001976DB691C3BF0E710B50446FFF7DCFF97
:101870002046BDE8104004F08ABA00000B682DE94C
:10188000F74F0F4653F81C1906461C3900221C332B
:101890009F42D5B202F101023CD11C226A43403280
:1018A00014213046FAF760FC044680B3336A019392
:1018B000042201AB1721FCF7C8FA002865D196F87D
:1018C0007831C3F108031D44012201AB13212046E6
:1018D0008DF80450FCF7B9FA002856D1142120469F
:1018E000FCF7DEFA814600284FD03D6855F81C39D8
:1018F000A3F11C0805F11C039F4210D14946204664
:10190000FCF794FAF36821465869F9F7FFFE03B033
:10191000BDE8F08FC8690B46A0F11C01B7E72B7E2C
:10192000013BDBB2042B98BF1A4A4FF0010120465D
:1019300094BF12F803B04FF0000BFCF7B1FA8246E7
:1019400018B32B88ADF80430022201AB01212046E8
:10195000FCF77BFAC8B92B690193042201AB022181
:101960002046FCF772FA80B901AB01220321204620
:101970008DF804B0FCF769FA38B951462046FCF7F7
:1019800055FA4546D8F81C30B2E72046F4F7DEFA9F
:10199000BDE700BF2CD603000B6899422DE9F0414A
:1019A00007460C4609D0FFF769FF256855F81C6902
:1019B0001C3E05F11C08444501D1BDE8F0812846D4
:1019C000FFF7AAF84046FCF7E1FB2846FFF7DFFCEB
:1019D00097F87831013B87F87831F3693546A3F100
:1019E0001C06E6E72DE9F347C368CDF804D0D3F829
:1019F000148090F83830CDF800D0012B05461BD16B
:101A0000D0F8704154F81C7900231C3F00F5B879D8
:101A10004FF00A0A04F11C064E4510D143B1D8F824
:101A200048202AB1D5F88C01D20000210EF01EFA10
:101A300069462846FFF7B0FF02B0BDE8F087227E76
:101A40000A2A34D8DFE802F0063333333333332441
:101A5000383C460095F8A430022B03D0042B01D06B
:101A6000072312E021462846FEF7E6FF48B102238D
:101A700023763046FCF78AFB69463046FCF779FB53
:101A800004E0A368002BEBD00623237601230EE0AD
:101A90002A6992F83E202AB9E96F41B1D5F8882128
:101AA000914204D895F8EB20A27608222276FA69B2
:101AB0003C46A2F11C07ADE7A27E013AA276F6E70A
:101AC00094F91A2084F818A0002AF0DC2046FFF7C9
:101AD00023F8CEE7A27E013A52B2A276F4E72DE9CE
:101AE000F843D0F890600D461F46F168D6F8C4312F
:101AF00001F1B808ABB11C7901EB84013046D1F893
:101B0000C890214602F0B7FA3A4649464046FCF7EB
:101B1000B9FC5FB92A4621463046BDE8F843FDF7D7
:101B200052BB91F8B840013CE4B2E5E725B1284644
:101B3000BDE8F843F4F70ABABDE8F883F0B5D0E998
:101B40005F3290F83850C168681E4542C2EBC2024D
:101B5000B1F9B840B1F9BA604541134401F1C80088
:101B6000A64200DCF0BD50F824100F798A79AF420C
:101B700008D1022A94BF93F9072093F90620CA706E
:101B80000134EDE7022A02D993F90320F7E75F78E1
:101B9000042F02D093F90420F1E7022A14BF1A4659
:101BA0005A1C92F90420EAE7F8B506460846D6F82A
:101BB000C811C5684988D6F8A0415B1B641AA7B252
:101BC0009DB292B9123DACB28FB1BC4228BF3C4627
:101BD00023460A4606F5D27102F00FFDD6F8C82159
:101BE00053881C4454800120F8BD143DEBE738466F
:101BF000FAE72DE9F347D0F8904094F83A30D4F85A
:101C00000C80D4F8C461D8F8145094F838A0013B83
:101C1000012B88BF94F88A70236E88BF87F0040771
:101C200008F1680204F5907128468CBFC7F380075D
:101C30000127F9F754FA814686B1337908EB83031B
:101C4000D3F8C86094F89C30032B0BD1B379022BE6
:101C500008D80025284602B0BDE8F087B8F9B830AA
:101C6000013BEBE7284600221FFA89F1F9F73FF91B
:101C700005460028EDD002463146204603F0BEFD61
:101C800018B12846F4F762F9E3E7B379062B0DD8CB
:101C9000DFE803F004232305282E3400A7BB2A46DF
:101CA0003146204602F078FE0028EAD10127D4F818
:101CB000C8311B7853BB002FE3D00021284601F028
:101CC00017FFB8F8C420009203462A463146204642
:101CD000FFF77DFA0028BDD0D3E794F83A30013BF6
:101CE000012B11D92A463146204603F023F9DDE7BE
:101CF0002A463146204603F067FCD7E72A4631469C
:101D0000204602F0D1FDD1E70027D0E7BAF1000F5D
:101D100002D1B379012BCED11FFA89F387F00102EA
:101D200029462046FFF740FF0028C4D0C5E7000041
:101D30002DE9F04FC4688FB00E46079304F14803B5
:101D40000593B1F90030039390F8383096F8068087
:101D5000D4F814B096F804A0591E4B424B41069398
:101D600090F89C30049310230546174600211A462C
:101D70000AA80EF07BF8B8F1020F4FF0100365D8F7
:101D800004F1780204F16809009201934A46314651
:101D90002846FFF7B7F9002840F0AA8095F89F3051
:101DA00084F88A302846FFF7FFF9A4F88800069BDC
:101DB000039A9A4596F903A004F148034BD12AB13E
:101DC000DBF800204C4992FBF1F21744B8F1020F06
:101DD0003FD896F90220039304EB82020AA9D2F8B5
:101DE0007051226C0A92E26B8DF836A0CDE90B2778
:101DF000584608AAF9F766F9B279049BDDE90801AB
:101E000005EBC205032BC5E912010CBF6025202597
:101E1000B8F1020F0CBF002208221543039B45F0C6
:101E2000050518462022002196F903600EF01EF8E1
:101E3000012384F84830E76484F8585084F85960E6
:101E4000C4F8609005980FB0BDE8F08F4FF000091E
:101E5000ADE70125E5E7B2FA82FB95F8CE204FEA1F
:101E60005B1B120748BF4BF0200BB8F1020F3DD8A7
:101E700004980328D5E95F1231D07079002814BF87
:101E80006FF05F062026C2EBC202B8F1020F0A44CF
:101E90000CBF002008200643527846F00506F6B233
:101EA000FAB94BF4007BAA6B02F0FF12B2F5803F47
:101EB0004BF0020B02D011498A4201D14BF0200BAA
:101EC0001846202200210DF0D1FF079BE76423650F
:101ED00084F8586084F859A0A4F85CB0B0E7602694
:101EE000D1E746F010064BF4307BDCE70126E7E74C
:101EF00000230593A6E700BF20A10700010003000F
:101F0000D0F8900038B5C468B4F9B83094F8BA2065
:101F1000934219DA04EB83030269D3F8C810D26A3A
:101F2000B1F90030D4F8BC5002FB035253B9D4F8D5
:101F3000C030FFF7FDFE20B1B4F8B8300133A4F88B
:101F4000B83038BD0023F4E70020FAE7F0B50569A2
:101F5000866ED5E90B7494FBF7F3D0F89041E46EEC
:101F6000091BB1FBF3F403FB1413012185F83F10A7
:101F700093FBF6F6002107FB132380F85111AC62A6
:101F8000C0F84C41C0F82C61AB63F0BD2DE9F04FB7
:101F9000D0F8C4B18DB0DDE9164507460E4691462E
:101FA0009846BBF1000F13D09BF804206CB1FB687E
:101FB00003EB82034046D3F81CA1FCF729FA50B981
:101FC000327824212046FCF734FA0DB0BDE8F08FBA
:101FD000B1F90020EAE7B8F83000830702D432787C
:101FE0002321EFE7D8E90223BBF1000F61D097F876
:101FF0003A1007295DD1318801F001010A3104EB63
:10200000C101C1E9002341062DD5AB6ADA062AD504
:10201000D5F800E0BEF1000F25D00AF108030293C5
:1020200004F10C030393231D049304F114034FF0F4
:10203000000C059341F6221BE64540DCBAF1000F87
:1020400001D08AF828E0237F6BB9A37C5BB1A37E23
:102050004BB1B4F91610B4F90E0004F10E0201F000
:1020600077FB01232377B8F830309B060CD5BB6B88
:1020700003F0FF13B3F5803F02D03C4A934203D1F3
:1020800041462046FCF75BFAB9F1000F9DD01022C3
:10209000002108A806AD0DF0E9FE009508AB4A4600
:1020A0003146384603F020FD002854D032782621EE
:1020B00088E7B17904EBC101C1E91223A3E7BAF1C2
:1020C000000F06D0D5E90101029B03EBCC0383E8A6
:1020D0000300EA7A92B3012ADDE9042318BF13460C
:1020E0004FF001029A71F2785A71B5F90620204832
:1020F000C2EBC232824292FBFBF122DC1D488242DB
:1021000022DB09B2B5F9082019481980C2EBC232A6
:10211000824292FBFBF119DC1648824219DB09B2BC
:10212000A87A598064227F2112FB00120CF1010C65
:10213000FF200835B2FBF0F21A717DE7039B22778E
:10214000CEE747F6FF71DDE70B49DBE747F6FF71A6
:10215000E6E70949E4E7009508AB4A4631463846C8
:1021600003F000FD00287FF430AF9FE7010003007B
:10217000FFFF900CDFE66EF30080FFFF2DE9F04FCC
:1021800098468DB0C468DDF8589005460E4617464F
:102190000021102208A80DF069FEB8F83030DB07E6
:1021A00005D4327822214846FCF743F955E0D8F8A7
:1021B0000020236AD7F808A0D31A039305AB009335
:1021C0003A4608AB3146284603F063FC002855D058
:1021D000D4F8A8500599D5F88C31D5F810B0C9F8C5
:1021E00020302B7D033B022B3AD8C5F8D011B4F830
:1021F000C6200599BB68ADF81820CDE90021A3EBF6
:102200000A033A4631462846FFF710F8824600286E
:1022100034D106AB019304AB00933A4608AB314688
:10222000284602F087FC48B395F8CC30F3B90499FE
:10223000DBF82C3003984A1E5A43636A1B1A9A42F1
:1022400026D33278FF214846FCF7F3F8AB6EDBF873
:102250002C20039902FB031363620DB0BDE8F08FDD
:10226000D8F800202846FFF771FEC0E7049A5146CF
:1022700004F1B80002F01FF90028D8D0D4F8A83033
:10228000039A1B69DB6A13446362327826218AE76A
:102290009BF84430002BD9D1D8F80030A4F8BA10FC
:1022A000C4F8BC302846FFF749FCCFE72DE9F041E0
:1022B00088B01646DDF83880102205460C460DEB36
:1022C000020000210DF0D2FDB8F1000F1AD002AFCC
:1022D000009704AB32462146284603F005FC28B19E
:1022E000262122784046FCF7A4F808E0009704ABCA
:1022F00032462146284602F051FF0028F0D008B0AF
:10230000BDE8F081FF21ECE7F0B5164689B0102258
:1023100005460C460DEB0200002102AF0DF0A6FDB4
:10232000009704AB32462146284603F0DDFB30B16E
:1023300022780E982621FCF77CF809B0F0BD0097B2
:1023400004AB32462146284603F0DEF90028F4D1DA
:10235000EEE72DE9F047164696B0C2681E9DD2F80A
:10236000148089461C465BB31F6A0DF1040A54228F
:10237000002150460DF07AFD34B1627F96F832307C
:102380000AB1012B00D1637799F88F3043B13CB18A
:10239000F26A2AB1AB6AC5E9072A43F00803AB62C7
:1023A000328EAB6A52060DD543F01003AB622A465B
:1023B00039464046F8F78CFE48B10023AB6203E093
:1023C0001F46D2E7002BF2D116B0BDE8F087AB6A0A
:1023D0001B07F9D5EA6903460E219A4208DCA56B72
:1023E0006B1CA36301F00CFB2C4484F83C00EBE76E
:1023F00001FB03F62F6ABE5BB04238BF30460133A3
:10240000EBE72DE9F04FD0F8904099B017460493D0
:10241000E368029394F83A30029A013BDBB2012B55
:102420000393029B88BF94F88AA0B3F9B83003F1F4
:10243000FF3B02EB83030593D3F8C45095F90230B8
:1024400002EB830388BF8AF0040AD3F870612A780C
:1024500081468846304604998CBFCAF3800A4FF003
:10246000010AFBF7FFFF002800F096800DF1340908
:102470002C22002148460DF0F9FC3346CDF800909F
:102480003A4604F138012046FFF763FFAB79062B8B
:1024900017D8DFE803F0043F3F524A5A6200BAF10E
:1024A000000F32D13B464246009629462046FFF7B0
:1024B00065FECDE900693B46524629462046FFF7B6
:1024C00065FD029BD3F8A840424659462046FCF7DA
:1024D0007AFE059BD3F818314BB1049B3288CDE9C5
:1024E00000730FFA8BF1336A204601F0E9FDB378EF
:1024F00043B194F83830E268002B56D1B2F8B830C6
:10250000A2F8BA3019B0BDE8F08FCDE900693B46BA
:102510004246D2E7039B012BCDE900693B46F7D940
:10252000002229462046FFF731FD00963B464246F1
:1025300029462046FFF7BAFEC3E700963B464246CF
:1025400029462046FFF71AFEBBE700963B46424667
:1025500029462046FFF7D8FEB3E71022002109A83C
:102560000DF118090DF082FCCDF8009009AB424640
:102570002946204603F0B8FA28B12A7826213046A9
:10258000FBF757FF9DE74B4609AA4146204602F05C
:10259000A9F9002895D1F0E7BBF1000F91D1049B78
:1025A000012B18BFC9F80CB08BE7AB79022BA9D867
:1025B00092F8AD31013BDBB282F8AD31002B9DD0FA
:1025C000A0E770B5D0F8C421C6689579D378EC003F
:1025D000E4B2A34228BF23465C1C4C7490F83A40F6
:1025E000022C01D0042C0BD10233DBB24B7490F8D7
:1025F0008A20520603D596F8AD2113444B7470BD62
:10260000537813FB05F30133F8E72DE9F043C56870
:1026100089B004460E4605F1B8089146002A4AD012
:10262000016991F83E30002B00F0818091F83C3038
:10263000022B78D12046FCF7A4FD4F462046FFF739
:10264000D1F9002F37D0D4F8C411002E79D0022E42
:1026500040F09980002385F8AC31D4E9032302F5DA
:10266000DE70019092F8CD01029002F5B8700390EF
:1026700002F58E70049093F8443002F1C800059082
:1026800001A80690002B40F08C8092F8AC318DF8B8
:102690001C3092F8BA30B2F9BA008DF81D308DF8BE
:1026A0001E3021B118B103A92046FFF78AFF03A904
:1026B000204603F0EEFBD4F8C8311A78EAB1002EB8
:1026C00071D15A88D4F8A0319A420CBF0123042357
:1026D00084F8B03194F8B021B4F8AE11012320464B
:1026E000FCF766FB204601F0E0FB0123A4F8B231C1
:1026F000D4F8C83100221A705A80002E0CBF31461F
:1027000002212046FCF742FC4046FBF74DFE4046C6
:1027100001F0EBFE4046FBF76BFE4046FBF7FDFE8B
:1027200009B0BDE8F08390F8EB30002B82D0324640
:1027300005F11800FBF7CBFE074600287FF47AAFBF
:102740007CE759B994F83830012B07D195F8CC3192
:1027500094F878219A4208BFC4F8346195F8AC0126
:10276000002305F5B875984205DD55F8042B9278DD
:102770003AB9C4F8342100293FF46FAF0123CB717B
:102780006BE70133EFE795F8AC31002B3FF465AF11
:10279000D5F870319A78002A7FF45FAFFF229A70E3
:1027A0005BE7002373E7022392E72DE9F041C56858
:1027B000066904460F4605F11801FBF77AFE002171
:1027C000B4F84830A5F8CC11A5F8C6303B68A5F898
:1027D000C400FA68B363B36A1344B36205F1B8087E
:1027E00094F8843084F850314046FBF78EFE18B9D7
:1027F0006FF01000BDE8F081012685F8AC61D5F8D6
:102800007031B4F848201A8094F83A30E068013BFF
:10281000B34288BF94F88A6000F1B80088BF86F0A0
:1028200004064FF001024FF0000188BFC6F3800696
:10283000FBF795FD0028DBD000218E4214BF032357
:102840000B468170837194F8CC30018001220271B3
:10285000816063B97A687B69C5F8C0304FF4803114
:102860002046C5E92E12FFF769F90020C2E740466D
:1028700001F021FE0028EDD0BAE700002DE9F74F66
:10288000C668CE4BF361D0F828315A1CCB6893FB55
:10289000F2F2D0F834311344C0F8343190F8B33147
:1028A00004460F461BB1D0F8C83101221A7094F8C3
:1028B0003830012B40F08C8106F118012046256943
:1028C000FBF7F7FDA6F8C40094F87831A96A94F8EC
:1028D00084003A69012B0ABFD4F870314FF6FF73B8
:1028E00033F81C3CA6F8C6303B68AB63FB680B446E
:1028F000A16FAB62C4F828110131194406F1B8097F
:10290000C4F82C21C4F8601110B1204601F043FE38
:102910000023C4F83001A6F8CC31D4F8703104F5A6
:10292000B87A1C3B03F11C02924510D12046FEF7F9
:1029300058FD002186F8AD014846FBF7E6FD00286A
:1029400040F0E6806FF0100003B0BDE8F08F1A7E13
:1029500002F0FD02082A2BD196F8CC0193F91A2037
:102960001D8800F1010E002A5FFA8EFE00F1800240
:1029700009DC96F8CD1101F1010C88425FFA8CFC5C
:1029800008D186F8CDC106EB420286F8CCE1A2F868
:10299000BC500DE006EB410106EB4202B1F8BC0170
:1029A00086F8CCE1A2F8BC0086F8CDC1A1F8BC51F4
:1029B000DB691C3BB6E729464846FBF7A6FD10B984
:1029C00086F8AC51BEE7013596F8AD319D42F2DB99
:1029D00086F8AC31D4F80CB094F83A800BF1B80317
:1029E00008F1FF3801935FFA88F8DBF814300093A0
:1029F0002046FEF764FDB8F1010F88BF94F88A50B5
:102A0000019B88BF85F0040502464FF0000118467F
:102A10008CBFC5F380050125FBF7A1FC002891D0F0
:102A20000021DBF8C8308D424FF0010214BF0320B3
:102A3000084619801A719970987199609BF8AC31A9
:102A4000002B00F0B9800BF5B8730193002D61D015
:102A5000DBF8CC3002251A801A719970997199604F
:102A6000D4F870011C380BF1C80184464FF0000EF9
:102A70000CF11C039A454FD194F83AC0BCF1020FF7
:102A800002D0BCF1040F0CD151F8253001221A718B
:102A90004FF0020E00221D809A7083F806E09A60C3
:102AA0000135B8F1010F0CD851F8253001221A7107
:102AB0004FF0040E00221D809A7083F806E09A60A1
:102AC000013594F88A30DB0771D494F884306BB107
:102AD000BCF1030F0AD151F8253001221A710621E9
:102AE00000221D809A7099719A60013594F8CC305B
:102AF000002B65D17A687B69A6F8BA50002720467A
:102B0000C6E92F23A6F8B870FFF718F838461BE778
:102B1000012559E71546A3E79CF81830072B01D08B
:102B2000092B2AD1019B53F82EB0BCF80030ABF82A
:102B30000030009B9B6C1A46D4F88C3102FB0E339C
:102B4000CBF8203051F825306A1C1D804FF000056D
:102B50001D71B8F1010F4FF001050EF1010B83F863
:102B600002E09D71C3F808C000D85D71DCF81C302C
:102B7000DE46A3F11C0C15467AE7F3462A46F5E734
:102B8000037E072B01D0092B0AD151F825301D8077
:102B90009A7083F804E083F806809860013201356A
:102BA000C0691C3800F11C039A45E9D18DE7002269
:102BB00096464FF00508F5E7154697E7A4D60300BB
:102BC0002A460021484601F076FC002892D0B9E65A
:102BD0003946204603B0BDE8F04FFFF7E6BD00BF21
:102BE00070B404690D68CE68A563A56A0A693544A6
:102BF000A562C0F82C21002270BCC0F8302100F082
:102C00003DB90021FCF76BBB90F83A20034682B92E
:102C100090F8A40078B993F89C20012A0DD1D3E94B
:102C2000412191420BD893F83B30012B18BF3A2039
:102C300070473920704724207047252070471D2099
:102C4000704770B51C4606691A460546F9F72AFA18
:102C500023686360F36AA3600023236196F83D3024
:102C600073B1D5F808315BB110F064FCD5F80831C8
:102C70000133B0FBF3F202FB1303606803446360AB
:102C8000012070BD10B50446006918B1F0F7EEF9E7
:102C900000232361D4F86C01F0F7E8F90023C4F8AD
:102CA0006C3110BD70B54421C66805460120F0F7AF
:102CB000B9F90446C0B195F8882001462846F9F7CD
:102CC000CBF9012384F83C3084F83F30D5F8043147
:102CD000236373695A694FF496635343E362D5F8EB
:102CE0006C310020186070BDF520FCE710B50421A0
:102CF00004460120F0F796F90028C4F86C010CBFD7
:102D00006FF01000002010BD10B504460069F0F708
:102D1000ADF90023236110BD2DE9F043D0F89050A8
:102D2000EE6891B0D6F81490D6F8C8801022002131
:102D3000074602A80DF09AF800227F214846F8F7CE
:102D4000D6F8044690B3D5F86C211368591C11606D
:102D5000069395F80E318DF82030D5E94423CDE95E
:102D60000A2395F80D318DF830309BB1D5E95F23FA
:102D7000B96A0291C3EBC303796A03911344D6F88D
:102D8000BC10DB7904910EAA02A948468DF81630D2
:102D9000F8F798F9B6F8C410224606A803F018FD13
:102DA000014638B12046F3F7D1F80024204611B08F
:102DB000BDE8F083204600F09BFEB6F8C4200092E8
:102DC0000346224641462846FEF701FA0028EDD088
:102DD000E8E72DE9F347D0F89060F468B4F9B8104B
:102DE0004B1CA4F8B83021B10027384602B0BDE82A
:102DF000F087102304F1780204F16808D4F8C8A021
:102E0000D4F8BC900092019342463046FEF77AF91E
:102E100005460028E8D196F89F3084F88A3030467D
:102E2000FEF7C2F904F14807A4F8880020222946D9
:102E300038469AF903600DF019F8012384F84830F8
:102E40002523C4F84C9084F8583084F85960C4F8AD
:102E50006080CAE7084609B1F3F778B8704710B543
:102E6000C468022904F1B80402D00121FCF77AF801
:102E70002046BDE81040FBF797BA00002DE9F0416D
:102E8000C5681B4BEB6100240F466C7605F11801F9
:102E90000646FBF70EFB4FF6FF73A5F8C630D6E9E2
:102EA0005F23D6F80C80A5F8C400C3EBC30313441A
:102EB0002146012208F1B80093F90760FBF74FFAA9
:102EC00098B1D8F8C8300722DA80DE701C809C6088
:102ED00001227B68C5F8BC30C5F8B840C5F8C040D1
:102EE000A5F8BA202046BDE8F0816FF01000FAE79F
:102EF000F8D60300406F7047003B18BF0123826D76
:102F000080F8E030D0F884301344C0F88430704743
:102F10002DE9FF4790F881500446A0F11808002DD4
:102F20005CD190F89060C76F012E18D1102229460D
:102F300068460CF09BFFD4F884300193636D8DF8E4
:102F400000609F4248D24046694603F099FC04F174
:102F50009400E36F0133E36704B0BDE8F087F31E2C
:102F6000D3F1000949EB030950F8043C1C4A1868E6
:102F70003C21002380FB010128F002F9032E14BF3D
:102F8000636D0123BB4227DD022E02BFD4F8E83077
:102F90000133C4F8E83094F880309BB1D4F88460F1
:102FA000361A83F0010A7BB1E56D05441022002139
:102FB00068460CF05BFFCDE901658DF802A08DF845
:102FC0000390C0E71E46ECE71FB1D4E916351D4457
:102FD000EBE74FF0FF35E9E70020BAE70020BBE759
:102FE00040420F002DE9F04F022B97B004460F46E8
:102FF00015461E46A0F1180B07D106A9584603F046
:103000008DFD00284DD1069F08AD94F89030022B1D
:1030100040F01581D4F87490002D00F095802B8E2F
:1030200094F844A0D80741BF012284F880202A6880
:10303000C4F88420990614D5A9696A69CB174FEAA8
:10304000836C8806D3174CEA911128F099F8D4F8CC
:103050003C311844D4F84031C4F83C010133C4F881
:10306000403106F0FB03012B53D000230DF1100873
:10307000009342462946584603F08AFC9DF81030DA
:10308000002B46D094F846212AB984F84631BDF881
:103090001630A4F8443104F5907C012204F5967EA4
:1030A0002DE00626B1E7B4F87230B3B15EF8221015
:1030B00099B138F81230B3F5C84F28BF4FF4C84360
:1030C000B3F5205F38BF4FF42053A3F51F53DB1136
:1030D00031F81300013021F8130038F81200DCF841
:1030E0000030C3180293DCF804304FF0000141EBCC
:1030F00003030393DDE90201ECE80201013294F8D5
:103100004611531E9942CEDCD4F838310133C4F84D
:103110003831BAF1000F15D0284603F0EDFC2D8EA2
:1031200000F00100C5F34035D4F88430A26D13449B
:10313000C4F88430072E2CD8DFE806F0087B085648
:10314000564B56565046EAE72846EDE7D4F8EC30A1
:103150000133C4F8EC30D4F8F8300133C4F8F83057
:10316000D4F800310133C4F80031D4F818310133F8
:10317000C4F8183120B1D4F814310133C4F8143133
:1031800094F86530AB4208D0D4F808310133C4F864
:103190000831D7B917B0BDE8F08F002FFAD0B9F1D8
:1031A000000F0DD0FA68D9F80C309A4208D194F883
:1031B000643053B9D9F80810B8680CF039FE20B162
:1031C000D4F810310133C4F810313846F2F7BEFE9E
:1031D000E0E7D4F8EC300133C4F8EC30D4F8FC303C
:1031E0000133C4F8FC30D4E7D4F8EC300133C4F830
:1031F000EC30D4F8F8300133C4F8F830D4F80031AA
:10320000072E03F10103C4F800310BBFD4F80431D9
:10321000D4F80C31013301330CBFC4F80431C4F8C5
:103220000C310028B5D0D4F814310133C4F814316E
:10323000AFE7D4F8F4300133C4F8F430A9E73046EE
:1032400003F09CFB84F8E0002B8EC4F808719A0709
:1032500014D5D5E9022323F00103C4F8E830A4F81B
:10326000EC2086B904F1F403009304F1FE0204F1AA
:10327000EE032946584603F08BFB06E01EB90423F3
:1032800084F8E030EEE7022EECD02B8E9B0681D541
:10329000A9696A69CB179E068806D31746EA911179
:1032A00027F06EFFA4F8060174E70346183893F878
:1032B0009020022A06D1012902BFD3F8F42001325E
:1032C000C3F8F420F2F77FBC90F8A830022B04BFBB
:1032D000002380F8F83003230376044BC3610023F6
:1032E000C0E9081300F1F003036470470CD7030032
:1032F000F0B5182599B0A0F11806002104462A4619
:1033000002A80CF0B3FD08A9304603F007FC002822
:103310005BD100952E4954F8040C02AB0222F7F75A
:10332000EAFE0546002838D19DF80830002B48D029
:10333000089B616FDA68C868824235D189689868ED
:103340000CF076FD003818BF0120002384F8E0005F
:1033500004F1E8020AA90093304603F019FB0F9A22
:103360001099B2F1806F21D1A4F8FE10049B059949
:103370005A0AC3F30803A4F8FC30069B42EAC15280
:103380000799C4F8F8205A0A42EAC152C3F3080365
:10339000C4F8F020A4F8F4300125089808B1F2F739
:1033A000D5FD284619B0F0BD0120CEE7CF17BD06E8
:1033B0008806D31745EA911127F032FFA4F8FE00E2
:1033C000D4E7012384F8E030D0E70125E9E700BF26
:1033D00000EEB1C870B5044688B014252A4604F141
:1033E000B406002103A80CF041FD04F13001304681
:1033F00003F0F4F994F844308DF80D3094F8373038
:103400008DF80C30636F0693054954F8040C009551
:1034100003AB01220796F7F76EFE08B070BD00BF40
:1034200000EEB1C80346183811B1FF2283F8E0203E
:10343000F2F7C9BB04230376044BC3610023C0E940
:10344000081300F1F0030364704700BF20D70300A6
:10345000406F7047003B18BF012380F8E030704791
:10346000F0B5102289B0044690F83050D0F884703E
:1034700000210DEB02000CF0F9FCE66F002E3FD1AD
:103480001022314668460CF0F1FC6B1E5D425D4136
:103490004FF0FF3201238DF800508DF80330019773
:1034A00002928DF80C309DF80030002B14BF0122E1
:1034B000022284F8E02094F881201ABB7BB1A36A31
:1034C0000493636A54F8040CCDE9053704F1E8026B
:1034D00094F837308DF81E3004A9F7F7F3FDA4F106
:1034E0001800694603F0CCF9D4F88430A26B134479
:1034F000C4F88430E36F0133E36704F1940002E021
:10350000012E02D0002009B0F0BD10220021684633
:103510000CF0ACFC013D94F9E0308DF8036018BF6D
:1035200001258DF800500197002BBCD0EAE7F7B5D4
:1035300004460E461F46154672B3138E99070AD4E9
:10354000042384F8E030002E3FD0304603B0BDE8BD
:10355000F040F2F7FBBCDA0701D40323F1E7284679
:1035600003F0CAFA08B90523EBE72B8E9B060CD5AE
:10357000A9696A69CB174FEA836C8806D3174CEAAE
:10358000911127F04DFEA4F810012B68C4F8843087
:10359000D5E90223C4E93C235FB904F581730093A4
:1035A00004F5847204F1FC032946A4F1180003F029
:1035B000EFF9D4F88430A26B1344C4F88430384651
:1035C00003F0DCF984F8E000BDE703B0F0BDF7B527
:1035D00090F9E0300446A0F1180653B130220021E2
:1035E000E8300CF043FC304603B0BDE8F040F2F7A1
:1035F000EABA94F8307050F8040C012FD4E93A2359
:10360000D4E93C5105D1AC460F46154619466246F1
:103610003B46CDE90051F7F758FDC4F8F800E2E762
:1036200003230376044BC3610023C0E9081300F1B0
:10363000F0030364704700BF44D703006FF00A0033
:10364000704700207047000010B50446F2F729FCCF
:1036500028B120460249BDE81040F2F771BA10BD0A
:10366000A0C0030008B50249F2F76AFA002008BDBD
:1036700074C00300D0E9013200691844824234BFAB
:1036800010460020704739B10B881068033323F0CF
:103690000303C01A1060194408467047B0F900309F
:1036A000934230B502DBB0F9020030BD013900EBC6
:1036B000810330F92140944222DCB3F90200F4E79F
:1036C000631803EBD3735B1030F92350954219DC78
:1036D0005C1C8C42F4D1A500043D30F9241000EBB1
:1036E000840344195B886488405B1C1B521A24B213
:1036F000091A624309B292FBF1F2981800B2D4E7BA
:103700000024E6E71946E4E7B0F5804F08B509DB89
:10371000C0F5004212B218210C48FFF7BFFF40422B
:1037200000B208BD002806DB0246BDE80840074895
:103730001821FFF7B3BF10F5804F82B202DB52426F
:1037400012B2F2E7A2F50042E4E700BF00D803009E
:10375000F8B50646400000B20F461546FFF7D4FF05
:103760000446780000B2FFF7CFFFC0F5804304F5B0
:10377000804403EBD37304EBD4725C10C4EB62049B
:1037800024B2002C08DA002EB4BF4FF440434FF4AB
:1037900080432B800020F8BD3846FFF7B5FF074671
:1037A00008B92880F6E7224623211548FFF776FF5F
:1037B00007EBD77283037840010442F34F0254BFF2
:1037C0009B189B1A93FBF7F000B2B0F5804F0246AE
:1037D000A8BF4FF48042002808DB0A481F21FFF7EA
:1037E0005DFF002EB8BF40422880D3E75242054813
:1037F00012B21F21FFF752FF00F5804000B2F0E740
:1038000060D8030084D70300024682B052F8483FD4
:103810000193019B93420CBF012302230376024BC9
:10382000C361183002B07047ECD80300012B10B50B
:103830000A46044650F8040C20D1E36B0133E363DD
:1038400090F9FD108B4206DC04F130001146BDE812
:103850001040F2F799BB0023E363A4F11801383458
:10386000F7F7F8FFBFF35B8F54E8003F013B44E8F4
:103870000032002AF8D1BFF35B8F10BD022BE3D0DA
:103880000023E363A4F1180101233834F7F7E2FFC2
:10389000BFF35B8F54E8003F013B44E80032002A4D
:1038A000E9D0F7E73030F2F77BBB92F826300A46D2
:1038B000A0F1180150F8040CF7F7E0BF10B504466A
:1038C0004830F2F77FFBBFF35B8F00232365BFF324
:1038D0005B8F10BD10B504464830F2F773FBBFF3A1
:1038E0005B8F002323652046BFF35B8FBDE810404C
:1038F000EFF7BCBB10B504464830F2F74BFBBFF303
:103900005B8F04F1500353E8002F013243E800219C
:103910000029F8D1BFF35B8FBFF35B8F236DBFF33B
:103920005B8F012B04DC606900222146F7F78FFFD3
:10393000012010BD10B5582104460120EFF772FB9D
:1039400048B10346044A446143F8482BC0E91233A6
:1039500000230365436510BD00D903000148F7F754
:10396000E1BE00BF480400200148F7F703BF00BFD5
:10397000480400207FB50C4600258068039503A904
:10398000F8F797F8A8B1039B21681E682046F8F75E
:1039900015F8043E4FF0FF3229462046F8F719F893
:1039A00000952B462A4631462046F8F739F804B0F0
:1039B00070BD6FF00F00FAE7EFF758BB10B5044683
:1039C0000C20EFF715FB10B101238460036010BDDC
:1039D0000148F8F775B800BF7C0400200148F8F7EB
:1039E00095B800BF7C0400200148F8F769B800BF13
:1039F000540400200148F8F789B800BF540400209F
:103A00004030C009FF2828BFFF20C0B27047002304
:103A100080F82030C368838470477F2A70B50546DC
:103A200029D88368C0681C18E869961C001B864268
:103A300021D895F8200048B91C78587804F007047C
:103A4000052C0CBF8024022420435870012385F8E4
:103A50002030CB0103F4FF433146284643EA0204F9
:103A6000F2F77BFA24B20470C4F307244470EB68C5
:103A7000AB84023070BD0020FCE770B5B2F5006F7A
:103A800090F8203005460C4616462FD2D0E9022188
:103A90005018E969022BA1EB000134BF0420022079
:103AA0003044884222DC4BB9537843F00203537010
:103AB00000227E212846FFF7B0FF01E0012BF7D955
:103AC000022385F82030E30203F4F04333436FEA26
:103AD00043436FEA5343B11C28461CB2F2F73DFA48
:103AE000C4F3072304704370023070BD0020FCE76C
:103AF00010B5044609B9A08C10BD90F82030012BF8
:103B00000BD100227F21FFF788FFB0FA80F0400937
:103B10000028F0D06FF00E00EEE7ECD900220F2164
:103B2000FFF7ABFFF1E7C368012B70B505460C4604
:103B30000BD8CA68002A56D113B16FF0040070BDCB
:103B40000120C1E901330880F9E7836802211E885A
:103B5000F2F713FAE36831B2C3B100294FF0030260
:103B60006270B5BFC6F3C3223212C6F30A06F6B2BC
:103B7000A660B4BF62606260A268911C8B42DCD315
:103B8000023B9B1AE36000231846D8E72078CA431B
:103B9000D20F80F001008242CFD1002915DBF11154
:103BA000012006F07F067E2960706160A66005D165
:103BB0002070E968A2689142E6D2BEE77F2901D071
:103BC0000023F6E720700123F3E7C6F3C3210222A6
:103BD000C6F30A060F2962706160A660F3D001295E
:103BE000EED1E660E5E76FF00A00A8E702292DE9CB
:103BF000F843D0F8905004460E4607D02846F8F710
:103C000011FDA3680362AB690133AB6194F8BE2177
:103C1000AB6882F001029B6B314628469847022E22
:103C200003D0A4F11800F8F767FD0023022EC4F8B2
:103C300090300CD194F8BE316BB32846F8F735F8C4
:103C40000023A4F8BC3184F8BE31BDE8F8832746D0
:103C5000012E57F8886FD4F8088018BFE368D6F8AB
:103C6000009018BF9844BE42E4D0B5420FD03369EB
:103C700093F83D305BB1737D022B08D1B368DB6BE9
:103C80002BB1414630469847B3691844B0614E465F
:103C9000D9F80090E7E72B69002BD1D094F8BD311B
:103CA00013B12846F8F73EF894F8BC31002BC7D082
:103CB0002B6993F83E30002BC2D101212846F8F73A
:103CC00027F8BDE710B40B46C0F8A81089684C6B04
:103CD0001846114623465DF8044B184770B590F816
:103CE0003A3090F83950022B06460C4641D05A1E05
:103CF000012A01D9012D19D096F88B209ABB03F027
:103D0000FD00012802D0073B5842584196F8C430C4
:103D100096F8C5201A4496F8C63013FB02F302EB5E
:103D20004000053303EB400398B217E0002596F8F6
:103D30008B30B3B13046FDF754FB012D23D1002366
:103D400096F83A20042A04BF00200346033505EB09
:103D5000430500EB4003E818400080B2211A88B206
:103D600070BD0820E9E7012DE1D0002001230546C0
:103D7000E6E7012DDAD00020024600EB40031344B1
:103D80005B000933D0E70122F7E700F5DA73C0E9F9
:103D90006D3300F5D273C0E9693370472DE9F04106
:103DA000D0F8B45106468846174600F5DA739D42AE
:103DB0001CD120210120EFF735F9044640B3B8F8B3
:103DC0000030038100F11008C0E904882946FAF7A1
:103DD000D6F996F8BC31013386F8BC3138684146D3
:103DE000FAF7CDF9237E013323760CE02989B8F860
:103DF000002091420AD1386805F11001FAF7BFF9A5
:103E00002B7E01332B760020BDE8F0812D68CEE7B4
:103E10006FF01000F8E770B504460D460120102140
:103E20001646EFF7FFF860B10681C56004F5D27160
:103E3000FAF7A5F994F8AC31013384F8AC310020DD
:103E400070BD6FF01000FBE7F8B504682668054602
:103E50000027AC4200D1F8BD2046FAF797F9E36895
:103E60001BB11F70E068EFF701F92046EFF7FEF88D
:103E700034463668EDE7F8B5D0F8B4412668054613
:103E800000F5DA77BC4203D1002385F8BC31F8BDD8
:103E90002046FAF77BF904F11000FFF7D5FF204622
:103EA000EFF7E4F834463668ECE738B590F8A2301E
:103EB000002B90F8AC3104460CBF0325112583B1CB
:103EC00000F5D270FFF7C0FF94F8AC31AB4203D1DC
:103ED00001212046FAF7BDFF0023C4F8A03184F881
:103EE000AC3138BD2DE9F843984690F8A23090F8EF
:103EF000B2519DF82090002B04460F4616460CBF89
:103F00000323112355B92B4606224146FAF750FFE9
:103F10003846EFF7ABF82846BDE8F883427D022A21
:103F200009D0002304224146FAF742FF0025384613
:103F3000EFF79CF822E090F8AC219A4202D10023DE
:103F40000322F0E790F8B3310BB1FFF7AEFF324632
:103F500039462046FFF75FFF05460028E7D1D4F831
:103F6000A021B4F89C3116449E42C4F8A06109D93E
:103F70000346042241462046FAF71AFF2046FFF77F
:103F800094FFC8E719F0010F18BFA4F8AE8119F02B
:103F9000020FC0D04FF48073A4F8B231BBE72DE913
:103FA000F04190F88B3090F83A7006460D467BB998
:103FB000A1F11B04022FA4B201D0042F05D1294680
:103FC0003046FFF78BFE204484B22046BDE8F081E6
:103FD000013FFFB2012F83BF90F88A8088F0040868
:103FE000C8F380084FF00108FDF769FAEB1FA3EB57
:103FF000800096F89C30032B84B215D0B8F1000FE6
:1040000001D02C44A4B296F83A30022B01D0042BF4
:104010000AD1012F01D82C44A4B229463046FFF71B
:104020005DFE204484B201E0012FF6D996F8843079
:10403000002BCAD096F83A30032B02BF063D641914
:10404000A4B2C2E7FFF74ABE70B5054600240C26AD
:10405000EB69686AA34203DCBDE87040EFF706B87D
:1040600006FB040301349868EFF700F8F0E7014617
:104070000120EEF7D7BF30B5C46804EB8101D1F859
:104080001C31E3B17AB15968128841F001055D60D5
:10409000D50744BF41F003015960950703D55A681D
:1040A00042F004025A605A68D20706D590F8CE2032
:1040B000D10644BFB4F8C4205A8501221A7030BD1D
:1040C0002DE9F04F2DED028B08EE103A8FB0D0F8AD
:1040D000C4311A9D9DF86CA0C7680646904603B18E
:1040E000197907EB81012C22D1F81C4103A800218A
:1040F0000BF0BCFE002396F8CE6084F82930002D2A
:1041000000F09180BAF1000F03D1636843F001031E
:1041100063602B8E190542BF626842F00202626042
:10412000DA0403D5626842F0040262606268D20772
:1041300079D59B060DD530070BD5A9696A69CB17D0
:104140004FEA836C8806D3174CEA911127F018F8D0
:10415000A085F10648BFA4F82A8006F0400816F0B2
:1041600020063CD1B8F1000F5DD095F82CB0BBF122
:10417000000F61D00C2505FB0BF0D7F81490CDF89B
:1041800028B0FFF774FF0C9020B34FF0000A2B46C5
:104190000C9DB9F82E00B9F830C003FB0AF21544A3
:1041A0000192A880A5F802C099F82CC085F806C035
:1041B0000CFB00F0FFF75BFF019AA8600C9802442B
:1041C0000C239268002A33D10DEB0300CDF828A010
:1041D000FFF73AFF3EB30B98EEF748FF23E095F860
:1041E0002C30C3B90D9B43F008030D93B8F1000FB9
:1041F000BBD118EE101A786903AAF6F769FF00B36D
:1042000016B10B98EEF732FFB8F1000F0BD003A8F0
:10421000FFF71AFF07E00E2058430A93FFF727FF26
:104220000B900028DED10FB0BDEC028BBDE8F08F03
:104230000AF1010AD345ABD10D9B43F020030D9346
:10424000D7E70A9B84F829300B9B63620C9B23629F
:104250002070E8E72DE9F04F824690F8CC008BB053
:104260000026CDE9086693461F46002800F020810D
:1042700009211846F9F714FE019038B309AB0293EF
:104280009BF811309E4213DA9AF83930062B18BF8A
:104290003246DBF8083008BF0022202053F8228085
:1042A000DBF8043053F82650FFF7E1FE044680B9EE
:1042B00007AB042201213846CDE90766F9F7C5FDB1
:1042C000002800F0E6800998FAF70BFC6FF00C006C
:1042D000EEE098F80330C37798F806304377002D66
:1042E00048D02A7882776B68C382DB0742D59AF878
:1042F000CE30D80641BF698DA18201212177002AE5
:1043000038D1190741BFB5F92C2022610122E2768C
:10431000980606D595F8290088BB4FF0000E84F862
:1043200018E09AF8CE30990705D595F828000028AE
:104330006BD1002161769AF8CE305B061AD504F174
:104340000C024FF0000895F82930984510DA0C233C
:1043500003FB08F12B6A0492102003EB010903917F
:104360000093FFF784FEDDE90312009B00287AD159
:1043700084F81A80029B02941C60013680E700EBEF
:104380004000C000FFF773FE80460028C5D0002320
:1043900095F829E0009304F1040C0246009B734554
:1043A00002DBCCF80080BAE700990E2303FB01F989
:1043B0006B6A05934B44D888197B03905889117513
:1043C0000490B3F902009080059811F0070130F8CD
:1043D00009900398A2F8069018BF0121C90320EAAA
:1043E000010189111181998851810499908189096C
:1043F000D1811B891382049B5382009BCCF800203F
:104400000133944600931832C8E700EB4000800067
:10441000FFF72DFE00288CD095F8281004F1080C29
:1044200003462A4605EBC108424502D1CCF80000FC
:1044300080E7B2F90890A3F80490B2F90A90A3F8C3
:104440000690B2F90C90A3F8089092F80E9083F8B9
:104450000A9092F80F9083F80B900832CCF8003055
:104460009C460C33E0E75B5C0371B9F80230C38013
:10447000B9F80430038199F806308372D9F808300E
:10448000C3600023C9F8083008F101081060024633
:1044900059E709AB042202213846F9F7D6FC044655
:1044A00000287FF410AF01993846F9F7BFFC204689
:1044B0000BB0BDE8F08F70B501F1190500EB850573
:1044C0000C468E18A64201DC002070BD55F8043B56
:1044D0000BB10134F6E73020FFF7C9FD45F8040CB5
:1044E0000028F6D16FF01000EFE72DE9F04100F160
:1044F000640400F1B8064FF00C08002754F8043BA0
:1045000003B3586A08B1EEF7B1FD54F8043C1B6AD6
:1045100083B1002505E008FB050301359868EEF737
:10452000A5FD54F8043C186A93F82930AB42F2DC3C
:10453000EEF79CFD54F8040CEEF798FDB44244F8F5
:10454000047CDBD1BDE8F081D0F84821BAB9C36959
:10455000C0F83821C0F83C21C0F840211A0E80F87C
:1045600044211A0C80F845211A0A80F8462180F867
:10457000473100F59C7100F5A4700FF008B80020D9
:10458000704710B50446D0F848010EF0F9FF00233B
:10459000C4F8483110BD70B588B011B9002008B01A
:1045A00070BD0369856ED0F8480109BAD3E90B6480
:1045B0000023CDE900330293039104AB1022694636
:1045C0000EF0EAFF0028E9D1BDF81E0040BA83B220
:1045D00094FBF6F090FBF5F058430014DFE708B5C4
:1045E000024608460221FFF748FAFF23037018230A
:1045F00043705A238370033008BD2DE9F8431746F2
:104600009A1D884692B202211E46FFF736FAFF2312
:104610000370182343705A2383700823C37026FA4B
:1046200003F306714371D8F80090841DC14501D190
:10463000BDE8F8839EB1B9F80850BD4212D9ED1B10
:10464000ADB2B542D9F80C1028BF354639442046E2
:104650002A460BF0FDFB761BB6B22C440027D9F896
:104660000090E3E77A1B97B2F9E70529F8B506460B
:10467000154601D80020F8BD03781B09FAD1B0F81F
:10468000017006398F42F5D110210120EEF7CAFCE6
:10469000044628600028EDD039460120EEF7C2FC20
:1046A000E0602868C4681CB9EEF7E0FC2C60E1E724
:1046B0003A46F11C20460BF0CBFB2B6801201F81F2
:1046C000D9E70000F0B54FF47A73046894FBF3F473
:1046D0000B2381F83A30002381F83C304669C1F859
:1046E00080304FF4166070430866C820604304268B
:1046F000486681F88C6019204FF0090C0A26C1E940
:1047000025C688662E4E2F48C1F88400C1F89C60EB
:104710003220D1F8C86081F888004FF6FF7501207B
:104720000327A1F84050A1F8485081F8CF00A1F824
:10473000900081F8A43081F88B703070B070737085
:1047400081F8C30081F8890081F8D0001E48C1F8C3
:10475000D43044F6206C033AC1E936C002264FF447
:104760000040B24281F88A60C1F8E00000F14020C8
:1047700094BF00220122C1F8E400144881F8EB2024
:104780004FF00112C1E93B024FF4FA625443C1E910
:1047900041430D87002400254FF48072C1E9444550
:1047A00081F8013181F8023181F83B7081F80D31D7
:1047B00081F80E31A1F8182181F81A31F0BD00BF3F
:1047C00003010201000118050080FFFF0000010144
:1047D000030A08704B70030C000E8B70C870704792
:1047E0008378427800781B0443EA02231843704719
:1047F0000068704730B59DF80C402AB1012581F85A
:10480000255030F8025B8D852BB1012581F82650AB
:1048100030F8025BCD8594B1012481F827407AB14C
:1048200010F8012B0BB110F8013B652A28BF0022BC
:10483000652B28BF002381F8292081F82A3030BD5C
:10484000002BF0D11A46F3E7C3688B4210B504463B
:1048500003D3F1F792FBA06810BD0020FCE773B50D
:10486000044600260846114601AA1D460196FFF798
:10487000FCFEB0B1019BA3B1204601AA2946FFF777
:104880008DFA044650B1019BDB6823B11E70019B79
:10489000D868EEF7EBFB0198EEF7E8FB204602B094
:1048A00070BD6FF00404F9E738B504460D461046B4
:1048B00002210622FFF7E1F8FF230370182343705B
:1048C0005A238370AB7994F8842003F00F0343EAF2
:1048D0000213C370D4F830310371C3F3072343715B
:1048E00038BD00002DE9F84F0E462DED028B054630
:1048F0001146304608EE103A1446FFF714F9002727
:1049000081464FF6FF7BBA46B9F1000F0CD02EDB83
:104910006FB3012085F85101C5F830B185F850A179
:10492000BDEC028BBDE8F88FA168D6F80880304650
:10493000FFF78AFF6268022A24D1A168022921D9DF
:104940004046FFF74DFF134B98421BD198F80320C8
:1049500002F00F0006280CD0082819D10A4618EEDC
:10496000103A08F103012846FFF779FF50B1002003
:10497000D6E70629FBD1B8F804B0C2F3001A002F1D
:10498000F5D1012721463046FFF7CDF88146BBE738
:104990004846C5E7FF185A002DE9F04190F88B8092
:1049A0000F4605461146B8F1000F54D0B8F1010F7B
:1049B00040F0BD80C468B4F9BA6094F8CC31013ECF
:1049C0001E44B000073080B2FFF709FEBB790370C8
:1049D000002246708270D5F82831C370061D04F19C
:1049E000CC05B4F9BA30013B93420BDC04F5DE751B
:1049F000002294F8CC31934206EB820122DC0020A5
:104A0000BDE8F08155F8047B97F804C0B7F90010B1
:104A10000132BCF1000F12D0B4F8C400BB794900D8
:104A20005B0601F4FF7103F0F0530B4343EA0C0300
:104A3000314643EA4020FFF7CBFE0436D1E7BB689E
:104A40001888EBE735F8020B400240F00050FFF702
:104A5000BFFE0132CDE7D0F8C441667823789E428C
:104A600028BF1E467600002E14BF0B2009203044BC
:104A700018BF4FF00108FFF7B2FDBB790370D5F8FE
:104A8000C43195F88420DB7843EA023395F88A2014
:104A9000920002F4807213432A6992F83E2043EA9E
:104AA000423343EA8833437000221B0A8370C2708A
:104AB000D5F828310371C3F307234371CEB1867152
:104AC000360AC6716178237899420CD808300123E0
:104AD00061789942024600F102001ED823891370C2
:104AE0001B0A537005E0A3780A302178D5B28D42B5
:104AF00003D300206070A07082E763B1013BDBB29A
:104B0000591C013234F8311000F8021C090A00F86F
:104B1000011C0230E9E74B1EF1E7013334F8332082
:104B200000F8022C120A00F8012CDBB2D0E76FF07B
:104B3000110065E72DE9F04F2DED048B8BB0064693
:104B400008911046194608EE902A0193FEF7EBFFF4
:104B50004FF0000A002805D0B8BF4FF0000A0AF055
:104B6000010A26E018EE903A9C68019B18EE900A24
:104B70009968FFF769FE019B5A680092022A6AD180
:104B80009968022967D92046FFF72AFEBA4B984256
:104B900061D1E378009A03F00F03082B0FD10A4686
:104BA000199BE11C3046FFF75AFE002853D04FF006
:104BB000000A50460BB0BDEC048BBDE8F08F96F8B0
:104BC0008B70012F4DD10629F1D908988079984230
:104BD000EDD1BAF1000FEAD1D6F80CB00BF1B80361
:104BE00008EE103A96F83A3003933369BBF9B8509F
:104BF0000093002F69D0012FDBD123790293072284
:104C000002EB83029142D2D30BEB8502A179D2F859
:104C1000C420B2F90020C6F8281133B30734049336
:104C2000039B013BDBB20693049B9B0009EE103A09
:104C3000049B04EB8303079300230393079B9C428D
:104C40001AD13046FAF7DCFA009B83F844A0189B8F
:104C50004FF0010A1D60019918EE900AFEF763FFFC
:104C600078E7002FB1D10829AEE7009B93F84830D0
:104C70000493009BDC6CD3E72046FFF7B9FD81006D
:104C8000074604F10404C0F34F2306D5BBF8C41053
:104C9000994208BF4FF0010AD0E7C0F34709914598
:104CA00085DDB26E914582DA10F00102C0F34368EF
:104CB000059200F0E380BBF8C4209A423FF477AF3E
:104CC000B8F1060F40F2E1801BE1201D0292FFF7D0
:104CD00087FD8046C0F3003086F85001B4F8070025
:104CE000029AC6F8280118F4404FC8F3403AC8F3B6
:104CF000813318D104F1090C0920384481427FF432
:104D000056AF012B18D17F085FFA88F30293002178
:104D1000CCB2BC420CEB4100A14610D317D1029B90
:104D20009F4214D343E7B4F80970002F04F10B0C31
:104D300014BF0B200920E0E7002BE5D037E7B0F8DF
:104D400000E0BBF8C400864501F10101E0D1039BFE
:104D5000072B46D1029BDB073FF529AF18EE100A5F
:104D60002946F9F7FCFA024600283FF420AF039BDE
:104D7000072B49D0B94536D00480138801331380FE
:104D80004FF001039371013596F83A30042B7FF40C
:104D900058AF18EE100A01222946F9F7E0FA002868
:104DA0003FF405AF029BBDF8084003F1010B02235D
:104DB000837118F4807F4FF00103A0F800B00371F5
:104DC00005F1010155D018EE100A0122F9F7C7FAD2
:104DD00000283FF4ECAE02340523048083710235D1
:104DE0002FE70122BAE703900EF0A4FB5FFA88F1E7
:104DF000A1EB0901000A039AB0FBF1F301FB1300D8
:104E00008144A2F80090B8E7B94505F1040418D030
:104E10000BEB84044FEA4909D4F8B830A3F80090AA
:104E20000BEB85010235D1F8C820D1F8CC101388DE
:104E3000581C023310800B804FF0010393718B716B
:104E4000A2E70EF077FB5FFA88F3A3EB090303EB0D
:104E5000D373000A5B100BEB8404B0FBF3F103FB8C
:104E60001100D4F8B82081444FEA4909A2F8009013
:104E7000D6E70D46E5E600BFFF185A00B8F1060F69
:104E80003FD8BBF8C4209A423BD1012303FA08F271
:104E9000B8F1060F92B203D1059B0BB9520092B242
:104EA000039B93423FF683AE134009937FF47FAE9A
:104EB000039B062D43EA020303933FF778AE18EEF7
:104EC000100A01222946F9F74AFA00283FF46FAE8A
:104ED000099B8370059BA0F8009007F001070771FC
:104EE00080F8068063B1069B012B06D996F88A30BC
:104EF00003F0040358EA030302D14FF001034371A6
:104F00000135029B9BB1009B19EE101AD86CEEF78D
:104F1000DFF8009AD06400283FF449AE1346049AA3
:104F200083F8482019EE102AA11A0AF091FF4A4688
:104F300084E600BF2DE9F04FD0F80CB02DED028BC8
:104F40000D461146DBF814202C7908EE102A95F94D
:104F500002200BEB82020346D2F8707190F8842095
:104F600090F83A0089B00228059284F001046AD0D2
:104F7000421E012A01D9002C68D093F88B20002A08
:104F800076D100F0FD04012C02D0C21F54425441DE
:104F9000BE7CC6B193F8C4200292BA7EAAB193F83F
:104FA000C58093F8C660029AA000053000EB42006D
:104FB00000EB48020298404406FB002000224FF01C
:104FC000020A91466BE00296E7E7002E00F0E380CC
:104FD0009046E6E70022012491464FE005999200B1
:104FE00042EA4902BAF1010F42EA0102427012BFDD
:104FF000851CC51C847067E053F8047BB9780029D0
:1050000000F0AC800134A6E056F824209378ABB9C8
:1050100013882B701B0A6B70D2E91423AF1CBAF1F2
:10502000000F0DD1CDE90023DDE9022318EE100AAF
:10503000F6F74BF83946FFF7CBFB063501349CE019
:10504000CDE90089F2E7002C40F0A1809BF8AD216A
:105050004FF001094FEA490000F109064FF0000A3C
:10506000062000FB0260D0465646CDF808A016E0A8
:10507000002CAFD19BF8AD214FF00109042804BFEB
:105080000022144609F1030002EB420600EB440043
:105090003044002640004FF0010AB046029680B22C
:1050A000CDE90623FFF79BFAA9790170BAF1020F47
:1050B000DDE9062392D10299F20042EA48020A434E
:1050C00042EA8402851C4270B9F1000F06D0D3F881
:1050D00030312B70C3F307236B7002356CB1D7E905
:1050E0001223CDE90023D7E9142318EE100AF5F7AF
:1050F000ECFF2946FFF76CFB0435029B33B1B7F98F
:105100000E302B70C3F307236B700235B8F1000F1C
:1051100006D0FB8A5B009BB22B701B0A6B700235BA
:1051200056B1029B13B13B7C05F8013BB8F1000F6F
:1051300002D03B7E05F8013B24BBB9F1000F21D022
:10514000D7E91623D7E91289CDE902230BF5B87602
:105150009BF8AC213346A2423FF74EAFBAF1000FA5
:105160000BD1CDE90089D7E9142318EE100AF5F721
:10517000ACFF2946FFF72CFB04359BF8AC31A3426A
:105180003FF742AF09B0BDEC028BBDE8F08F0022C3
:10519000012491465EE7B04605E700002DE9F04F97
:1051A0002DED028B91B008EE902A079390F83A30DB
:1051B0000D915A1ED2B2022B83460E921CD0012AA8
:1051C00001D90B79C3B99BF88B30002B14BF012395
:1051D00002230C9314BF062305230799099318EEA5
:1051E000900AFEF7A0FC00278146B9F1000F07D016
:1051F000B8BF002704972CE000230C930923ECE7A9
:1052000018EE903A9D68079B18EE900A9968FFF790
:105210001BFB079B5B68022B40F09580079B9C68FB
:10522000022C40F290802846FFF7DAFAB04B984201
:1052300040F08980EB7803F00F03082B0FD11C9B03
:105240002246E91C5846FFF70AFB00287BD00023C2
:105250000493049811B0BDEC028BBDE8F08F099A5D
:105260009442F4D30E9A012A74D8042BEFD1002F64
:10527000EDD19BF83A3008930D9B28791B7983F088
:1052800001030493089B022B05F105086AD0013B3A
:10529000012B02D9049B002B64D09BF88B60002E5D
:1052A0007FD100F0040500F001020535022717FB4D
:1052B0000257C0F3400300F002053D44C0F3C001B3
:1052C000D71801FB07550596C0F380074FF0020A77
:1052D0000696AC42BBD3DBF80C0002904069029CFE
:1052E00008EE100ADBF8C4010F900D9890F9020047
:1052F00004EB8000D0F870519BF8380040B9002EC4
:1053000052D001208BF8510138F8020BCBF8300154
:10531000BAF1000F50D14046FFF76AFA064608F18D
:105320000600FFF765FA08F10404A0460644544657
:105330000F9800284CD00898072849D1686B00289E
:1053400046D16C630127079918EE900AFEF7EBFB34
:1053500081464AE70C9A013A012A01D8012B85E7D8
:10536000022B83E7BA4600F0010382080593BAF1E5
:10537000010FC0F3400302EB42001E4606924FEAC3
:10538000400040F01B816F7905F1060807F0010726
:10539000DD1C05EB470500EB450500210B460A46E1
:1053A00097E74FF0010ADEE7059880F001008BF8DF
:1053B0005101DBF82C01A9E73FB14046FFF718FA8D
:1053C00008F1040804460026B2E73C463E46AFE733
:1053D000009140462946FFF70DFA069B4FF006085C
:1053E0000699494508FB09020BD00299B2F800E082
:1053F000B1F8C4C0E64527D1901CFFF7F9F94B4638
:105400000446049A002A40F0D0809BF88B20002AA2
:1054100040F0BF809BF83A20042A40F0BA80029AFC
:10542000B2F9BA20042A40F0B480029AD2F8D4200B
:1054300011880B441380069B994540F0AE80029A78
:105440000323A2F8BA3004E709F10109C8E79BF881
:105450003A30042B7FF4FBAE85F82470059B8BF863
:1054600050316FE7049B361B002B00F09B80029BA2
:10547000D3F87031D3E91289D5E9142318EE100A54
:10548000CDE90089CDE90223F5F71FFE0746BAF101
:10549000000F2FD1DDE90223CDE9002318EE100A19
:1054A000D5E91623F5F711FECDE90A0AA6FB00237C
:1054B000CDE90223DDE90A23921943F10003101913
:1054C00043F10001C21941EB0A030299A4FB0789C9
:1054D000B1EB0800039961EB090125F051FE049B33
:1054E00003B140420123686385F82430B6E700BF6A
:1054F000FF185A000F9BCBB3089B072B36D16B6B61
:10550000A3B3CDE9008918EE100AD5E91623F5F703
:10551000DCFD0023D5F834803A46CDE90003064689
:1055200018EE100AF5F7D1FD002307460193224635
:1055300018EE100ACDF80080F5F7C7FD00230246EB
:10554000A7FB080125F01CFE00230246019318EE7C
:10555000100A0096F5F7B9FD02460B46C90F52181E
:1055600043F10003500840EAC370B8E795F82830CB
:105570006BB1B5F93020C2F18062D317B806B90912
:1055800025F04EFE301A00EBD0704010A7E73846E9
:10559000F8E7069B99453FF45AAEBAF1000F3FF485
:1055A00061AF2646D5E9128966E7002F3FF44FAF79
:1055B000BAF1000F3FF456AF264658E700F109054F
:1055C00005EB4305E9E600BF2DE9F84FC36891F903
:1055D000021003EB8103D3F8705195F824600EB1EB
:1055E00090F8C360AB7C002B6ED090F8C490AC7E7A
:1055F0001CB190F8C510002977D1002B68D0002786
:1056000090F8C61000297AD1002C73D04FF0000812
:1056100090F8C61000295DD1002B5DD124B11C4645
:1056200090F8C630002B5BD14FF0000B002E5AD003
:105630006B6B4FEAD37A09EB4600C31909EB0700FD
:1056400010FB0BF000EB430005305044114680B2D4
:10565000FEF7C5FF0146052301F8023B46EA490370
:1056600043EA870343EACB0B4BEA0A1B024680F866
:1056700001B02EB1686B20EAE070FFF7A9F8911D28
:10568000B9F1000F06D0B5F90E300B70C3F3072344
:105690004B70023137B1EB8A5B009BB20B701B0A77
:1056A0004B700231B8F1000F02D02B7C01F8013BA6
:1056B00014B12B7E01F8013BBAF1000F02D06B6BE5
:1056C0005B420B70BDE8F88F994690E7012797E79A
:1056D0001F4699E70124A3E70C46A1E7A0469FE7F0
:1056E0004FF0010BA2E7B246A5E7002BEED198469A
:1056F00001278DE7002BF1D11C46984694E74FF027
:105700000108002C8CD083E72DE9F04F85B080464E
:1057100003911046194616461D46FEF704FA00246A
:1057200082464FF00109BAF1000F05D000DA0024DB
:10573000204605B0BDE8F08FA968B7683046FFF78E
:1057400083F86B68022B4ED1A96802294BD93846E1
:10575000FFF746F8284B984245D1F878042900F025
:105760000F00E4D90528E2D1002C42D197F804E0DB
:105770004FF0040A0EF0010C1AFB0C000EF0020AA6
:10578000CEF38003CEF340025044CEF3C00B02EBC5
:10579000030A00EB43000BFB0A000EF0100ACEF3E5
:1057A000001E70448142C3D30398D8F80C1090F9BE
:1057B000020001EB8001781DD1F87011BCF1000FDF
:1057C00006D081F82490FFF713F8486307F1090029
:1057D000CDF800B0FFF70EF8BAF1000F02D0037851
:1057E0005B424B63012429463046FEF79CF9824612
:1057F00099E754469CE700BFFF185A002DE9F34192
:1058000090F88B30C568012B06460F46144642D1EE
:1058100005211046F0F7A1FB4923037029234370AB
:10582000B5F8C63083701B0AC37020230371D4E916
:105830000223204602EB0308FEF7E9F813220021B9
:105840002046FEF7EAF80546D0B3FF23037018237D
:1058500043705A23837000F10B01C31C082203F824
:10586000012B9942FBD1F069FEF7B2FF3946304671
:10587000FBF77CFC05F10F01FEF7AAFFA3681522D8
:105880000092A8EB0303224639463046FBF7FAFCA8
:1058900002B0BDE8F08107211046F0F75EFBAD23B2
:1058A000037006234370B5F8C63083701B0AC370BB
:1058B000B5F8C43003711B0A437120238371B6E726
:1058C0006FF00E00E4E700002DE9F04F804687B04E
:1058D00089461046194615461C46FEF724F94FF036
:1058E000000B4FF0100A00284FD127782FB10BF092
:1058F0000107384607B0BDE8F08F6368AE68E06026
:10590000002B39D1A168022936D93046FEF768FF4D
:10591000224B984230D1BBF1000F3AD1132938D134
:1059200002AAF31C06F1130E9346186859689446B0
:10593000ACE80300083373456246F6D1CDF800A009
:1059400003232A4649464046FBF788FC08BB06F17C
:105950000B00FEF74DFF119B186006F10F00FEF7DC
:1059600047FF109BA2681860A8685946033A0330A5
:105970000AF06EFA4FF0010BA1682846FEF764FFAB
:1059800021462846FEF7CFF8ADE7B8BF4FF0000B31
:10599000ADE7A1682846FEF757FFAAE7FF185A00AF
:1059A0002DE9F74F1F460C9B00930D9B019390F838
:1059B0008B30D0F80C80D2F80890012B48F2AD6CF7
:1059C0000CBF4FF0050B4FF0070B42F6493A044667
:1059D00018BFE2460D461646FBF7F1FB002854D1EE
:1059E00059463046FEF730FF00284ED0B9F8003057
:1059F00053454AD1B9F80230B8F8C4209A4203D0CE
:105A00004FF6FF72934240D194F88B306BBBB9F8DC
:105A100004104FF6FF73994237D094F83830012BB9
:105A200030D195F9023008EB8308D4F8C431D8F8A6
:105A3000700193F800E0BEF1000F08D09A780132AF
:105A4000B2FBFEFC23F832100EFB1C229A700022DF
:105A500001808270AA79012A07D19A79012A02D09D
:105A60005B79012B01D12B88C370019B0D93009BA7
:105A70000C9332463B462946204603B0BDE8F04F22
:105A8000FFF722BFA8F8C610EFE7002003B0BDE87B
:105A9000F08FF0B585B003ADD0E9036701950A9D9D
:105AA00000950446FFF77CFF054618B900252846F7
:105AB00005B0F0BD0399E3698B4212D097F83F30EF
:105AC000002BF3D13046F6F713FA04460028EDD048
:105AD000037D002BEAD190F83830002BE6D1F9F79E
:105AE0003EFBC6F8A840E2E72DE9F043D0F80C8071
:105AF00091F90270D2F8089085B008EB87070DF194
:105B00000C0CD7F87071CDF804C00DF1080CCDF86D
:105B100000C004460D461646FFF742FF20B96FF05D
:105B2000040005B0BDE8F083E269039B9A42F6D118
:105B300029462046FBF71AFB02998842EFD1B36849
:105B40002A79A3EB09035AB1B8F8C6200C98028051
:105B5000CDE90021204632462946FBF767FBE0E706
:105B60003A88F3E72DE9F8431946074610461646EA
:105B70001C46FDF7D8FFDFF864900025002803D00D
:105B8000B8BF0025284617E0A168D6F8088030463F
:105B9000FEF75AFE6368022B1AD1A168022917D9B1
:105BA0004046FEF71DFE484512D198F8033003F039
:105BB0000F03082B02D00020BDE8F8830A46089B9B
:105BC00008F103013846FEF74AFE0028F3D101250B
:105BD00021463046FDF7A7FFD0E700BFFF185A0067
:105BE00090F8383053B190F884302BB1D0F8603150
:105BF0008B4218D1D0F8303118467047036993F8BA
:105C00003F30002BF8D0D0F84C31D0F82821134485
:105C10000133994203D190F85131002BEAD190F829
:105C20005031002BE8D0FEF7B6BC8B7C4BB1B1F9FC
:105C30000E30D0F8DC20934214DBD0F8E020934201
:105C400010DC8B7E63B1B1F91630B0F9E4209A42D2
:105C500008DCB0F9E6009842B4BF0020012070478C
:105C600001207047002070472DE9F84F1446036863
:105C70004FEAE2790E469046452102692048614389
:105C800000FB0911A4FB00450D44012C75F1000136
:105C900083FB02232CDAD2F1000A63EB430B4FEAB9
:105CA000DB711AEB010A4BF1000B4FEA5A0747EA86
:105CB000CB7020184FEA6B0145EB010125F060FA2B
:105CC000B8F1010F79F10003ACBF05236FF00403B5
:105CD00018440A2390FBF3F0D6F8D43083420DD851
:105CE000D6F8D83098428CBF00200120BDE8F88F4C
:105CF000D90F12EB010A43F1000BD6E70020F5E7BC
:105D000038F2A9C738B591F8D030023B0D46144699
:105D1000052B28D8DFE803F003101B03101BA37822
:105D20001BBB94F8243003B3626BFFF79DFF002880
:105D30000CBF0220012038BDA378B3B9A37C0BB9F6
:105D4000A37E73B121462846FFF76FFFEFE7A378E4
:105D50005BB994F8243043B1626BFFF785FF0028EC
:105D6000F0D10220E7E70020E5E70320E3E738B5BC
:105D7000502105460120EDF755F9044628B10146AA
:105D800095F888202846F6F767F9204638BD38B5DB
:105D90000569044615B1E86CEDF768F92846EDF79A
:105DA00065F90023236138BD2DE9F0471C46037DCA
:105DB000033B022B07460D46164602D80020BDE8DD
:105DC000F087D0F81080D0F86890D8F82CA0224640
:105DD000F6F768F998F83F303BB923463246294632
:105DE0003846BDE8F047F6F795B9E368D8F82810CB
:105DF00038461944FFF7F4FE21680AFB09F900FB55
:105E00000912626098F83C30022B04BFD8F8343095
:105E1000D218521B002A10DAD8F83020E3680A445E
:105E2000D8F8281022600133E36019443846FFF7A0
:105E3000D7FE236800FB093363602061C4F8089033
:105E400097F8393073B92346324629463846F6F773
:105E50004DF90028B2D0224629463846F6F772F9A5
:105E60000120ACE736B1616835446D1AA5EB090530
:105E7000002DA3DB98F83D30002BF1D1002EEFD0A0
:105E800063682268A6EB0906334416446360266003
:105E9000E6E7F8B5044605690E46F9F701FBE26F3F
:105EA00020692AB1D4F888319A428CBF002201229D
:105EB000D4F880301BB1D4F834118B423ED990F81D
:105EC0004430002B3CD194F83870012F1DD194F848
:105ED0008B30012B02D194F878319BB390F83E308F
:105EE0009BB194F8EB3083B190F84530013BD9B2C7
:105EF00080F8451049B902B10221012380F83E30F3
:105F00002046BDE8F840F9F7EAB9EAB101239F421B
:105F100080F83E30F0D194F8EB30002BECD02046E6
:105F2000FBF7A6F8B27CD4F8D0311344C4F8D031D2
:105F300020460121BDE8F840F9F714B80121DCE75B
:105F40000521DAE73321D8E7002FE8D1D4F84C1146
:105F50002046F8F7E3FF85F83F0018B12046FBF72D
:105F600087F8E5E7C4F82871E2E72DE9F04FD0E9BA
:105F70000389836ED9F82C60D9F838405E43D9F88C
:105F800030308BB00D46D9F8281007461C44FFF777
:105F900027FED9F8383000FB063097F8383033B98F
:105FA00099F83F30002B4CD0D9F834301844401BBE
:105FB000002880F28B80621BD7F82831002AB8BFF6
:105FC0002C1B03F10103AEBF0024D9F83050B4FB01
:105FD000F5F49C427CDB94FBF3F4D7F880302BB1D2
:105FE000D7F8342111198B4238BF9C1A2146384604
:105FF000F8F7B8FF1422002529460DEB020003AE86
:10600000CDE9035509F032FF38460896FBF7EAFC64
:1060100097F8386008F5B87308F1B809059396B990
:1060200031464846F8F771FA38B3D8F87031B7F806
:1060300048201A8021225A805E7701238DF824306F
:1060400011E0601EB3E7D7F8706108F5DE7A1C3EF8
:10605000294607F5B87B06F11C00584511D1CDE95A
:1060600003A58DF8241005A93846FFF712FF48460E
:10607000F8F7BEF94846F8F750FA20460BB0BDE8ED
:10608000F08F307E072801D0092816D148460191AB
:10609000F8F73BFA0028F0D00199B6F800C008EBF9
:1060A00081002023D0F870010022A0F800C04380B6
:1060B00042770131F6691C3ECDE796F91A000028B7
:1060C000DEBF30882AF815000135F3E70024D4E755
:1060D00000248FE7034690F8380093F83920B0FA8F
:1060E00080F1B2FA82F249095209914214D1196E33
:1060F000A1B19A6E4A4311D0596E91420EDB78B924
:1061000093F8A420022A01D0042A0AD193F85C3122
:10611000002B08BF36207047F420704723207047BB
:106120000020704738B590F89F3004465BB3FFF706
:106130001EFE054668B1D4F8C801ECF797FF0621AA
:106140000120ECF76FFFC4F8C80120B92046FFF723
:106150001EFEF52012E0626E0023037043808380F0
:106160002A63226EEA6294F8EB2085F8452094F8C1
:10617000380020B1012285F83C20184638BD0223A2
:1061800085F83C30FAE73220F8E7FEF7DDB903691D
:1061900010B504460BB1FFF7FAFD2046FEF7F1F902
:1061A000D4F8C801ECF762FF0023C4F8C83110BD71
:1061B0002DE9F04F9846D36891F8D0705C68137C55
:1061C000924691F83820003C18BF0124012A85B07E
:1061D00083460E4646D1D1F8C4211AB1D279002A9D
:1061E00018BF144606F5B87201927A1FD2B24FF06A
:1061F000000902922CE0DAF80020D6F8705152F82B
:106200002920108801991C3D05F11C0C8C4509D1F1
:10621000B8F80010012202FA09F20A43A8F8002097
:10622000012413E02988814240D0ED69EAE700F0BB
:10623000FD02511E4A424A41B8F800C002FA09F173
:1062400041EA0C01A8F800101443687609F101092D
:106250004B45D0DC204605B0BDE8F08F121A18BFC0
:106260000122E9E7002BF5D0DAF800301A68FFF7D1
:1062700049FD042F96F8524109D8012F0CD80CBFC4
:1062800001240024A8F8004086F85201E2E7053F07
:10629000022F07D90024F5E700F0FD04631E5C42DD
:1062A0005C41EFE7241A18BF0124EBE7314658465A
:1062B0000393FFF727FD042F6A7E039B05D8012F68
:1062C000B5D80CBF01220022B6E702990229C5D930
:1062D0000022B1E72DE9F04F1C469B7885B081463E
:1062E00088461546002B40F0908091F8C770002F2B
:1062F00000F08E80A66B5EB16FF03B0004F13C02B3
:10630000001B8118B1427CDB26EAE676B3FBF6F689
:106310002046F9F766F92388ADF80C30824603ABC6
:10632000022201212846F7F790FD002866D1A378C4
:106330008DF80C30012203AB03212846F7F785FDC9
:1063400000285BD103AB0122052128468DF80CA063
:10635000F7F77BFD002851D1A378002B5AD1D8F84C
:10636000C431002B56D194F82430002B64D0606BDC
:10637000DFF8A0810246C317CDE90023452101FBC8
:1063800000FC0199D9F80030D9F8102008FB01C1B0
:10639000A0FB08898944B8F1010F79F1000183FB62
:1063A000022380F2AD80504263EB43014FEAD17C7F
:1063B00010EB0C0041F100014FEA500E8B464EEA03
:1063C000C17118EB01004FEA6B0C49EB0C0124F092
:1063D000D7FEDDE90023012A73F10003ACBF0523DA
:1063E0006FF00403184404220A23082190FBF3F001
:1063F00003AB03902846F7F728FDE8B16FF00C00D7
:1064000017E012F8011B0B447BE7002637467FE7B5
:106410003E467DE7E3788DF80C30012203AB042182
:106420002846F7F712FD0028E8D1A378002B9AD070
:10643000002005B0BDE8F08FA37A33B1221D0921F9
:106440002846F8F7ADFF0028D8D1A37C3BB104F172
:106450000C020A212846F8F7A3FF0028CED1A37E1C
:106460003BB104F114020B212846F8F799FF0028EC
:10647000C4D194F82530CBB1A38DADF80C300222F5
:1064800003AB0C212846F7F7E0FC0028B6D194F8BE
:1064900027305BB194F829308DF80C30012203AB22
:1064A0000E212846F7F7D1FC0028A7D194F8263012
:1064B000CBB1E38DADF80C30022203AB0D212846A1
:1064C000F7F7C3FC002899D194F827305BB194F812
:1064D0002A308DF80C30012203AB0F212846F7F744
:1064E000B4FC00288AD1002FA2D003AB01221021D6
:1064F00028468DF80C60F7F7A8FC002898D07DE7B7
:10650000D90F12EB010A43F1000B4FEA5A0141EA9D
:10651000CB7156E738F2A9C72DE9F04F2DED028B6C
:10652000D2F80CA085B008EE100A08EE901A109C64
:1065300001931646BAF1000F13D0DAF80490012245
:106540000DF10E03042120468DF80E20F7F77DFC97
:10655000054640B16FF00C0005B0BDEC028BBDE804
:10656000F08FD146EBE7327C03469A4216DC10EB03
:106570000900F1D005212046F7F792FC804600285B
:10658000E8D00027337CBB420FDC01274D4529DBD7
:1065900041462046F7F74AFC0020DDE70199194102
:1065A000C90748BF01300133DFE7019B3B41DB07EF
:1065B00016D501212046F7F773FC83460028C9D081
:1065C000336818EE901A53F8273018EE100A224656
:1065D000FFF780FE0028BDD159462046F7F726FC7C
:1065E0000137CFE701212046F7F75AFC064600287D
:1065F000B0D0DAF8003033F81530ADF80E300222A2
:106600000DF10E0301212046F7F71FFC0028A1D150
:106610000DF10E030122022120468DF80E70F7F7CE
:1066200014FC002896D131462046F7F7FFFB0135D0
:10663000ACE72DE9F84390F878310546BBB190F806
:106640003830012B13D0D0F8704134F81C3C54F88A
:106650001C69A0F848301C3E00F5B8784FF00009DE
:1066600004F11C07474504D1002385F87831BDE8C3
:10667000F8832046FAF750FA3846F7F787FDE368C3
:1066800023B183F80090E068ECF7F0FC2046ECF7CB
:10669000EDFCF3693446A3F11C06E1E7F8B50C46BE
:1066A00005460521184617461E46EFF756FC8D2372
:1066B000037086234370877020233F0AC7700371DD
:1066C0003046FDF7A4F9217A227E03291ABF49003A
:1066D000093111211AB1012A0CBF052208220A44EE
:1066E00030460221FDF7C9F900286FD0FF2303705F
:1066F0002D011823437045F007055A238370C57098
:10670000237E227A9B0002F0030203F00C03134362
:106710000371236843711A0A82711A0C1B0EC2712D
:106720000372237A022B16D0032B1FD0012B01BF3B
:1067300023694372C3F30723837214BF00F1090373
:1067400000F10B03207E012823D002282DD0002841
:1067500018BF2020F8BD236943721A0A82721A0CEE
:106760001B0E0373C27200F10D03EBE7D4E904239F
:10677000110A42728172110C120E02731A0A4373CB
:1067800082731A0C1B0E0374C172C27300F11103E1
:10679000D8E7226A1A70110A5970110C120E9970FA
:1067A000DA70626A1A710020D4E7D4E90812080A84
:1067B00019705870080C090ED970110A1A715971A4
:1067C000110C120E98709971DA71ECE72020C1E774
:1067D00013460A4601460020FFF760BFF0B5264A7F
:1067E00085B06E4603460D4602F1100C3446106823
:1067F0005168374603C7083262453E46F7D195F8DF
:106800002020022A36D0002A0CBF20224022E97D17
:106810001A8436221A702E225A70EB229A70342271
:10682000DA7083F82210E969144A0A44110E1971CA
:10683000110C5971DA71110AD3221A727E225A721E
:10684000C3229A72CA22DA721F221A739A225A73C8
:106850003D229A73E4229971DA7304AD1033224613
:1068600003CAAA4218605960144603F10803F6D11E
:1068700005B0F0BD8022CAE73CD90300FBA84FC495
:106880002DE9F84F90F85C8005460E46B8F1000FF0
:1068900034D000F1CC0700F148013846FFF79EFFE5
:1068A000B4783278337BD6F8049084F0010405F193
:1068B000AC0062B30BB144F00804B8F1000F05D08E
:1068C00095F85C30032B1BD144F0600495F87D30C3
:1068D0000BB144F004042022002195F94F6009F027
:1068E000C5FA012385F8AC30C5F8B09085F8BC40F6
:1068F00085F8BD60C5F8C470BDE8F88F4746CFE79E
:10690000022B0CBF44F0400444F02004DEE70BB13E
:1069100044F00804B8F1000F2CD0F378F3B944F038
:10692000040440F2232895F85C30032B1BD144F07B
:106930006004D6F808B0D5F878A095F94E6020220A
:10694000002109F093FAC5E92C9BC5F8B8A085F899
:10695000BC4085F8BD60A5F8C080CBE744F01404C6
:1069600040F26328DFE7022B0CBF44F0400444F000
:106970002004DEE74FF02308DBE7000007289ABF7A
:10698000024B18564FF0FF30704700BF4DD903003F
:106990002DE9F0470F468CB000218046144601A82F
:1069A0002C221D46149E09F061FA3B8E590644BF05
:1069B00010230B93FB6A08935BB10B9A0E2142F0F4
:1069C0000802594301200B92ECF72CFB002847D01A
:1069D0000990D8F8140001AA0021F4F779FB0028E7
:1069E0003BD10B9F3A0750D5DDF82090B9F1000F4D
:1069F0004BD0DDF824C020706346024686468046B0
:106A0000014689452FDC42B101232370A4F802809E
:106A100018B102232370A4F804E0BCF80230E3802C
:106A2000FB061AD5019CC4B1DFF8C0C0DFF8C0E096
:106A3000DFF8C08001AA00204FF0010941F62217BB
:106A4000844225DC2B7943B1337933B1B6F9021096
:106A5000B5F90200AA1CFCF77BFE0998ECF706FBCF
:106A60000CB0BDE8F08793F80CA01AF0080F06D020
:106A700012B9B3F80080012201310E33C1E70028BA
:106A8000FAD1B3F800E00120F6E700232370C6E74F
:106A9000D17AB2F90630012914BF29463146C3EB39
:106AA000C333634581F8049093FBF7FA14DC734514
:106AB00015DB0FFA8AF30B80B2F90830C3EBC3334E
:106AC000634593FBF7FA0CDC73450DDB0FFA8AF391
:106AD0004B8001300832B3E747F6FF73EBE74346DC
:106AE000E9E747F6FF73F3E74346F1E7FFFF900C52
:106AF000DFE66EF30080FFFF038E13F400730AD00D
:106B000000F127032B3013F8012B982A03D9834275
:106B1000F9D10120704700207047000007B5B0F898
:106B2000C03043F020030B874023009303220B4621
:106B300040690349F4F7DFFA03B05DF804FB00BFD6
:106B400000EEB1C829B14B1E022B08D9480380B210
:106B5000704743680648197800EA01207047436887
:106B60000348197800EA012158780843704700BFAC
:106B700000EFFFFF40F2011383620023838570471B
:106B80000068036810B51B681446984718B10023C5
:106B900003608360847310BD38B5044601B938BD05
:106BA0008B7B0D689A0704D5D1E9043098472946B4
:106BB000F4E7DB07FBD4206803685B68F6E710B5F1
:106BC000002205210446FFF7DBFF38B18389042B3F
:106BD00005D801462046FFF7DFFF002010BD042343
:106BE00083738360FAE770B5044616460D46C9B153
:106BF0000CF07CFA6063C0B10123256084F8243076
:106C0000002540F20113C4E901552561A56184F80E
:106C100020606584A362A5852046FFF7D0FFE06170
:106C2000284670BD6FF00F00FBE76FF01000F8E72B
:106C300070B579B14D688E682B88C3F303220123A8
:106C40009E4208D843680B6001239340428C416008
:106C50001343438470BD35F83340C4F30324A24288
:106C6000F8D10133ECE7034610B59C69084634B906
:106C70000A689961126819469047204610BD6FF066
:106C80000500FBE738B50446806980B1036800253C
:106C90005B689847A168A5612046FFF77DFF204605
:106CA0002169A560FFF778FF2561284638BD6FF0A0
:106CB0000A00FBE710B50446FFF7E4FFE16919B1EC
:106CC000206803685B6898470023C4E90033606B61
:106CD000BDE810400CF01CBA2DE9F04104460E4608
:106CE000406B4FF0FF3115460CF01EFAA36943B913
:106CF00029462046FFF750FF606BBDE8F0410CF0DD
:106D000037BA25B9E569002D44D00023E361710B42
:106D100001F1FF3E6A89300A2B465FFA8EFE4FF082
:106D2000000C9F7B7F071BD5BEF1020F3BD8FF2ACB
:106D30005F6894BF4FF000084FF0010840EA081860
:106D400087F800805F687E705F6887F802C05F68C0
:106D5000FF2A904628BF4FF0FF0887F803800432CF
:106D60001F89D21B1F6892B2DFB92269002A34D072
:106D7000626915606361E3691BB92046FFF71FFF75
:106D8000E061606B0CF0F4F9A0690368BDE8F041C4
:106D90009B6818472046FFF712FF05460028B6D12A
:106DA000AAE73B46BDE70029D9D1FF2A5F6894BF17
:106DB0004FF000084FF0010840EA081887F80080FB
:106DC0005F6879705F68FF2A904628BF4FF0FF0820
:106DD00087F802805F68F970C1E72561CAE7F8B5F6
:106DE00004460E46406B4FF0FF3117460CF09CF9FD
:106DF000A36923B9606BBDE8F8400CF0B9B9E56947
:106E0000B5B10023E3616B681F712B89606B01339F
:106E10002B816B8901336B810CF0AAF9C6F30B014E
:106E20002A46204641F48041BDE8F840FFF754BFB0
:106E30002046FFF7C4FE05460028DBD0E3E72DE936
:106E4000F84F0B89032B04460D4608D9D1F804905E
:106E500099F80020BF2A02D8B3F5827F05D32946CE
:106E60002046BDE8F84FFFF797BE8B7B43F0040345
:106E70008B7399F80020520911462846FFF762FEED
:106E800099F80380064612B1131F012B22D899F8F6
:106E9000023043EA0828032AA5F80A801DD8A7680B
:106EA000BAB340F201130022A362A28599F80090C0
:106EB000C9F300195FB17B68197838464909FFF7B3
:106EC00041FE864239D039462046FFF765FEC4E9C7
:106ED00002553AE01FFA88F8DDE7043A012A3ED964
:106EE00094F820E0C6F34F32C6F34735BEF1000FE9
:106EF00041D16B1E022B3ED894F82430FF2B3AD19F
:106F0000B6F5005F37D0012231462046FFF767FF14
:106F100068E01FB139462046FFF73EFE94F828305E
:106F200084F829306B681B78C3F3001383F00103E6
:106F300084F82830C4E90255D2E7E3681D607B89F4
:106F4000E5609844A7F80A806A81E3681B6823B962
:106F5000B9F1000FC4D0BDE8F88FE360F5E740F267
:106F60000113A168A3620023A3850029E2D0204673
:106F7000FFF712FEDEE76068C6F3032C06F03F0859
:106F800088B96B1E022B2DD8BEF1000F2AD1023A10
:106F9000012A27D9638C23FA0CF313F0010F14BFD5
:106FA00008220722B0E747683988C1F303218C45DE
:106FB00004D1D0F8089000234B4501D10068DFE7E9
:106FC00037F8331001F03F0BD84507EBC30AF5DB68
:106FD0008E420ED1C368DAF80470A26831462046AA
:106FE000B84740B9A1682046FFF7D6FD0023A3604B
:106FF000B1E70133E0E794F82030002BF2D16B1EAB
:10700000022BEFD802227FE738B504464FF0FF315C
:10701000406B0CF089F82569002323612B463BB1B6
:107020001A682AB1917B490707D5226100221A60AC
:10703000606B0CF09DF8284638BD1346EFE790F8DA
:107040002400704710B588B00023CDE90333CDE9A3
:1070500005338DF81E3090F820300290052204464A
:10706000ADF81C20ABB990F82430FF2B11D08B4227
:107070000FD080F824108DF8071001220DF10701C0
:1070800002A800F0B7F8039A46F201012046FFF784
:1070900023FE08B010BD10B588B00023CDE903333E
:1070A000CDE905338DF81E3090F82030029005228E
:1070B0000446ADF81C207BB9012280F824200DF194
:1070C000070102A88DF8072000F094F8039A46F211
:1070D00001012046FFF700FE08B010BD38B5154687
:1070E0000446FFF759FD2DB121692046FFF754FDF5
:1070F0000023236138BD10B5838A827D0431994213
:10710000044638BF19460068FFF73AFD38B1838955
:10711000032B05D801462068FFF73EFD002010BD77
:10712000837B43F00403837304238360F7E7F0B5A4
:107130000C460769064605460FCC0FC594E80300C8
:1071400085E803003761F0BDF8B50D4616460446E4
:1071500000284DD0C06808B14042F8BD02B121B945
:107160000423E3606FF00300F7E7606800B1408933
:10717000FF27B0FBF7F7C7EB0727C71B29D1A18A69
:1071800020460439FFF7B7FF20B90223E3606FF010
:107190000100E2E7636843BB6060A0608389008907
:1071A000C7F1FF07181AB84228BF38460028ECD0AC
:1071B000A26864681389516819443160A8426189E2
:1071C00028BF284611FA80F113FA80F361811381F8
:1071D000C3E7A068828903899A42DFD1A27DA18A90
:1071E0002068FFF7CDFC0028CFD0A3681860D4E753
:1071F0000420B2E7F7B5002306460F461446019374
:1072000034B9336913B11A7801321A70204607E095
:1072100001AA21463046FFF797FF051E02DCF06801
:1072200003B0F0BD394601982A4608F011FE2F44FC
:10723000641BE5E7F7B507460E4600230DF107018D
:1072400001223D468DF80730FFF7D4FF0FCD3446BD
:107250000FC495E8030084E80300B9680B895A1E3F
:107260004B681344336103B0F0BD70B5034608B9F1
:10727000002070BD0029FBD0002AF9D00468002C42
:10728000F6D005892689B54212D3C0685C60801BA0
:107290002468D86000201C601881002CE8D0A07BF6
:1072A000400707D504201881D8680430D86001E071
:1072B000002DF4D01D892489601B884228BF084610
:1072C000196849682944054411601D81D1E72DE9F9
:1072D000F341002306468846154601930C46338940
:1072E000F2689A4204D1A4EB080002B0BDE8F08134
:1072F000002DF8D0294601AA3046FFF7B6FF0199C4
:1073000007460246204608F0A3FD3C44ED1BE6E795
:1073100073B5002305460E4601930C462B89EA6897
:107320009A4200D014B9301B02B070BD214601AAA8
:107330002846FFF79AFF241AF0E7F7B515461F46CF
:10734000C26803899A4204460E4615D001220DF107
:107350000701FFF7BCFF9DF807202A70BA420BD83F
:107360002189E3685B1A9A4206D831462046FFF726
:10737000AEFF2B78834202D0032003B0F0BD002083
:10738000FBE7FF2A73B505460E46144603D90223D0
:10739000C36002B070BD8DF807200DF10701012216
:1073A000FFF728FF224631462846FFF723FFF0E784
:1073B00013B5531E0DF107020C46FFF7BEFF002365
:1073C00008B18DF807309DF80720A3542378002BCF
:1073D00008BF032002B010BD70B50C460646002160
:1073E0002046154608F0D4FC00B1051B2A4621466C
:1073F0003046BDE87040FFF7C4BF73B5C36816469A
:1074000002899B1A012B04460D4602D8032002B0C4
:1074100070BD01220DF10701FFF759FF9DF80730FC
:107420002B702033DBB2022B08D82289E3689B1A29
:10743000012BEBD901212046FFF76AFF01220DF154
:1074400007012046FFF743FF9DF80720327021898E
:10745000E3685B1A9A42D9D82B782033DBB2022B2F
:107460008CBF00200420D2E70346006910B10268F7
:107470008A4201D0D86800B9704703688B42FBD0BC
:107480008068F8E70346C068F0B56FF00A0408B9F1
:1074900018690CE0867B00F10B02271ABD18AE427A
:1074A00001D88068F3E712F8015F8D42F6D1F0BD94
:1074B000036883B1436873B1436963B1C36953B16E
:1074C000836943B1036933B1036A002B0CBF6FF0CA
:1074D0000A00002070476FF00A00704707B50422C9
:1074E00001910DEB0201FFF785FE03B05DF804FB8F
:1074F00007B501228DF807100DF10701FFF77AFE9D
:1075000003B05DF804FB07B504220DEB0201FFF7A1
:10751000DEFE019803B05DF804FB70B586B0002470
:1075200040F2031306460D46009011216846ADF85F
:107530001430CDE90144CDE903448DF81640FFF73E
:10754000D7FF21466846FFF7D3FFC5F30B0130464E
:10755000019A41F48041FFF7BFFB204606B070BDA1
:107560002DE9F0411D4688B02C7D538907934FF0DB
:107570000008CDE9042207460E46ADF8188034B164
:107580000122FFF72CFC404608B0BDE8F081042B37
:1075900004D80322FFF723FC2046F5E704A8FFF7F1
:1075A000B2FF01220DF10F01804604A8FFF78FFE04
:1075B0009DF80F102846FFF765FF044648B1D0E953
:1075C000003200921C68A8680B4642463146A0472C
:1075D000DAE7052231463846DCE7000070B50D4693
:1075E000164600211822044608F040FC0949C4E967
:1075F00001652846CC60FFF71BFB07492846CC6095
:10760000FFF716FB05492846CC60BDE87040FFF740
:107610000FBB00BFC4040020B4040020A404002059
:10762000F0B587B01746002405461E4600900A2391
:107630006846ADF81430CDE90144CDE903448DF836
:107640001640FFF74BFF39466846FFF751FF3146BA
:107650006846FFF74DFF019A46F202112846FFF7F0
:107660003BFB07B0F0BDF8B505460F46064634684B
:1076700004B9F8BD2369BB420DD123683360A1680A
:10768000A86800230122FFF7CBFF6368002BEED030
:1076900020469847EBE72646E9E738B50446E56813
:1076A00035B9294620461822BDE8384008F0DEBB2F
:1076B000AB68E36020462946FFF7D5FF2846EBF785
:1076C000D5FCECE7006810B183688B42FAD17047B3
:1076D000F0B51F46538985B00024032BCDE9002265
:1076E00006460D46ADF80840039304D80322FFF781
:1076F00076FB204615E06846FFF705FF0246014687
:107700003846FFF7DFFF044618B9112229463046F4
:10771000EDE7036919688C682CB15B68B868294685
:10772000A04705B0F0BD0222F0E7F0B51F4653892F
:1077300085B00024032BCDE9002206460D46ADF8A6
:107740000840039304D80322FFF749FB002015E00B
:107750006846FFF7D8FE024601463846FFF7B2FFFB
:1077600018B9112229463046EEE7036943B119687A
:10777000CC682CB15B68B8682946A04705B0F0BD5D
:107780000222EFE7F0B51D46538985B00024032B94
:10779000CDE9002207460E46ADF80840039305D810
:1077A0000322FFF71CFB204605B0F0BD6846FFF73B
:1077B000AAFE024601462846FFF784FF044618B990
:1077C000112231463846ECE70369A86819685B68FE
:1077D0004C683146A047E7E72DE9F04198465389C8
:1077E0008CB00024042BCDE9022207460D46164634
:1077F000ADF8104005931ED8CDE90604CDE9084444
:1078000040F203130A94ADF82C308DF82E4003217A
:1078100006A8FFF76DFE214606A8FFF769FEC5F32F
:107820000B013846079A41F48041FFF755FA20468C
:107830000CB0BDE8F08102A8FFF765FE01464046A6
:10784000FFF740FF044660B940F20313CDE906702C
:10785000CDE908000A90ADF82C308DF82E001121EA
:10786000D6E70369D3E9002300931769334602463C
:107870002946D8F80800B847DAE72DE9F0419846DC
:1078800053898CB00024042BCDE9022207460D4613
:107890001646ADF8104005931ED8CDE90604CDE993
:1078A000084440F203130A94ADF82C308DF82E40B2
:1078B000032106A8FFF71CFE214606A8FFF718FEC5
:1078C000C5F30B013846079A41F48041FFF704FAEB
:1078D00020460CB0BDE8F08102A8FFF714FE014677
:1078E0004046FFF7EFFE044660B940F20313CDE9CE
:1078F0000670CDE908000A90ADF82C308DF82E0006
:107900001121D6E70369D3E90023009357690346A1
:107910003246D8F808002946B847DAE7F0B51D46E0
:10792000538985B00024032BCDE9002207460E467B
:10793000ADF80840039305D80322FFF750FA20461C
:1079400005B0F0BD6846FFF7DEFD02460146284659
:10795000FFF7B8FE20B931463846FFF7DEFDEFE706
:107960000369A86819685B688C693146A047E7E736
:10797000F0B51D46538985B00024032BCDE90022C4
:1079800007460E46ADF80840039305D80322FFF7DB
:1079900026FA204605B0F0BD6846FFF7B4FD024662
:1079A00001462846FFF78EFE20B931463846FFF7DC
:1079B000B4FDEFE70369A86819685B680C6A314693
:1079C000A047E7E72DE9F8430646894690461A4660
:1079D000FFF778FE099D0446C8B911463046FFF707
:1079E00043FD074698B11C222146284608F03EFA7E
:1079F000089B85F80C80C5E901390123EB763368D3
:107A00002F616C612B6020463560BDE8F883022051
:107A1000FBE738B50D4611460446FFF725FD10B1CA
:107A20002368224613B96FF00A000CE09968A94256
:107A30000AD11969814207D1196811605A6832B1B7
:107A400018469047002038BD1A461B68EAE71046E2
:107A5000F9E710B51C46FFF735FE38B103691B681E
:107A6000934205D134B12060002010BD1120FCE705
:107A70000220FAE72046F8E70368002003B97047C0
:107A8000FF2902D01A7B8A4200D101301B68F5E73A
:107A90002DE9F0438BB01C460023ADF80830538924
:107AA0000393CDE9002207460D46EBB1012204A95C
:107AB0006846FFF70CFC9DF810905FFA89F8414684
:107AC0002046FFF7D9FFB9F1FF3F06460FD0204609
:107AD000FFF7D8FC58B9052229463846FFF77FF949
:107AE00000200BB0BDE8F0834FF0FF39E5E714222A
:107AF00000210DEB020008F0B9F940F20313002158
:107B000004A80497ADF82430FFF7F2FCF1B204A802
:107B1000FFF7EEFC246846B9C5F30B01059A41F462
:107B200080413846FFF7D8F8DAE7B8F1FF0F02D006
:107B3000237B4345EED12369A0681A685968D2694E
:107B40009047A168814604A8FFF7C8FC217B04A8E0
:107B5000FFF7CEFC5FFA89F104A8FFF7C9FC013EEC
:107B6000D8E7022B2DE9F04706460F469046994686
:107B700000F10C0439D86FF00A0198182468D4B9C0
:107B80003846FFF795FC054690B910210120EBF728
:107B900049FA044660B3F3688360076080F80E908A
:107BA0004A4641460C3008F053F9089B6360F46084
:107BB0002846BDE8F0872368BB4213D0A57B04F1BB
:107BC0000B03A1EB040C0CEB0302954201D8083423
:107BD000D4E713F801EF42469042F4D012F801AB1B
:107BE000D645F9D16FF00705E2E76FF00A05DFE748
:107BF0006FF01005DCE7F8B5036905460E46174639
:107C000073B90846FFF754FC044638B91021012027
:107C1000EBF708FA38B1C0E9006728612046F8BDE3
:107C20006FF00704FAE76FF01004F7E738B5C4689F
:107C300000F10C0504B938BD23688B4209D12146F7
:107C4000FFF711FDA3682B602046BDE83840EBF735
:107C50000DBA04F10805A468ECE7016910B5044603
:107C600031B1FFF700FD2069EBF700FA0023236133
:107C700010BD002908BF022834BF01200020704732
:107C8000002908BF052805D0002906BF09280120C2
:107C9000002070470120704707B501228DF80710BA
:107CA0000DF10701FFF7A6FA03B05DF804FB07B575
:107CB0000222ADF8041001A9FFF79CFA03B05DF8A9
:107CC00004FB07B500921A0A8DF805201A0C8DF8EE
:107CD00004308DF806201B0E082269468DF8073007
:107CE000FFF788FA03B05DF804FB07B504220191A1
:107CF0000DEB0201FFF77EFA03B05DF804FBF0B56F
:107D00001C46DB6A91B000220E33CDE90B22CDE98F
:107D10000D22ADF83C30A3680A9006460D468DF85A
:107D20003E208DF80C208DF80D208DF80E208DF85A
:107D30000F2063B19F68002F4CD01B6900930DF199
:107D40000E020DF10F030DF10D0103A8B84700213C
:107D50000AA8FFF7A1FF02210AA8FFF7A8FF9DF8D4
:107D60000D309DF80C1041EA033189B20AA8FFF7E3
:107D70009EFF9DF80F309DF80E1041EA033189B245
:107D80000AA8FFF794FF41F201010AA8FFF78FFF4D
:107D900004A90AA8FFF74EFAA16A61B1E26A0AA82B
:107DA000FFF728FAE36A089A002818BF002303F0B7
:107DB000FF0302B1137004A90AA8FFF7B8F9C5F3CD
:107DC0000B0130460B9A41F48041FEF785FF0020FD
:107DD00011B0F0BDDB68ACE730B58BB040F20312F8
:107DE00000240490ADF8242002A905460DF10702F5
:107DF00058688DF82640CDE90544CDE90744ECF7F5
:107E0000B0FA0146A8B1022104A8FFF745FF2146B8
:107E100004A8FFF741FF0022002304A8FFF751FF49
:107E20002846059A44F63631FEF756FF00200BB07F
:107E300030BD04A8FFF730FF9DF8071004A8FFF736
:107E40002BFFDDE90223E8E730B589B0002402907A
:107E500040F2031201A905465868ADF81C20CDE98F
:107E60000344CDE905448DF81E40ECF780FA014645
:107E700080B1022102A8FFF70FFF214602A8FFF7F9
:107E800016FF2846039A44F62731FEF725FF002007
:107E900009B030BD02A8FFF7FFFEBDF80410EDE702
:107EA00030B587B0002440F20313ADF81430054616
:107EB000CDE90144CDE9034400908DF81640F6F772
:107EC00083F9011B18BF01216846FFF7E5FE28462C
:107ED000019A44F62631FEF7FFFE204607B030BD7A
:107EE0002DE9F04FADF5057D80464FF494720021E9
:107EF0003AA807F0BBFF9022002116A807F0B6FFB2
:107F0000002340F2031216A93AA8CDE90933CDE9BE
:107F10000B33CDF82080ADF834208DF83630F6F7ED
:107F200056F9064670B1012108A8FFF7B5FE404694
:107F3000099A44F62531FEF7CFFE00200DF5057DA8
:107F4000BDE8F08F014608A8FFF7A6FEDDE93A2359
:107F500008A8FFF7B6FE012108A8FFF79DFE09213A
:107F600008A8FFF799FE3AAC16AD04AF04F1080E6D
:107F7000BEE80F000DF1380CACE80F009EE80F00D2
:107F80008CE80F00D4E90423CDE9002395E80F0025
:107F900087E80F00039008F056FDD4E906AB03997B
:107FA00094F82490024608A8FFF716FADDE90023AA
:107FB00008A8FFF786FE594608A8FFF796FE514627
:107FC00008A8FFF792FE042108A8FFF765FE79686C
:107FD00008A8FFF78AFEB96808A8FFF786FEF968C7
:107FE00008A8FFF782FE0DF1500B4FF0040A1BF8B2
:107FF000011B08A80AF1FF3AFFF74EFE1AF0FF0A2C
:10800000F5D1494608A80136FFF746FE092E04F1CE
:10801000200405F11005A9D189E72DE9F0418AB0C6
:1080200040F203130024049007466846ADF824305C
:10803000CDE90544CDE907448DF826400AF0B1FFAB
:10804000214604A8FFF728FE009904A8FFF74DFE7B
:10805000019904A8FFF749FE029904A8FFF745FE1D
:10806000039904A8FFF741FE0AF060FF054668B9CE
:10807000002104A8FFF710FE3846059A44F6233184
:10808000FEF72AFE00200AB0BDE8F0811820684300
:10809000EAF7AEFF06460028EAD029460AF048FF74
:1080A000C1B2804604A8FFF7F7FD3546444503DB1F
:1080B0003046EAF7DBFFDFE70C22294604A8FFF78A
:1080C0008BF9E96804A8FFF710FE296904A8FFF7F7
:1080D0000CFE696904A8FFF708FE01341835E5E7CE
:1080E00010B588B040F203110290ADF81C100446A0
:1080F000002100200022CDE90001694658688DF872
:108100001E20CDE90322CDE90522ECF714F9014642
:1081100060B1022102A8FFF7BFFD2046039A44F296
:108120000801FEF7D9FD002008B010BD02A8FFF736
:10813000B3FDDDE900014FF47A72002323F070F8FB
:1081400002460B4602A8FFF7BCFDE6E707B5012291
:108150000DF10701FFF7BBF89DF8070003B05DF8CC
:1081600004FB022903D10068FF21FEF76BBF7047B3
:10817000F8B514469DF8187006460D461046194687
:10818000FFF78AFD01212046FFF786FD394620468C
:10819000FFF782FD05212046FFF77EFDC5F30B01A9
:1081A0006268304641F48041BDE8F840FEF794BD76
:1081B0002DE9F04F1C465389ABB00026CDE90B30BA
:1081C00040F20313CDE90822CDE90D66CDE90F6633
:1081D00007460D46ADF82860ADF844308DF846608E
:1081E000FEF72DFFFF2803D0022812D1132100E053
:1081F00001210CA8FFF750FD00210CA8FFF74CFD52
:10820000C5F30B010D9A41F480413846FEF764FD39
:1082100009E0BDF828300B9A9A4208D1032229467A
:108220003846FEF7DCFD00202BB0BDE8F08F08A833
:10823000FFF78CFF4FF0FF33CDE902330590B346D3
:108240004FF000084FF00009059A5FFA8BF39A424D
:1082500009D8039B002B029B80F20F81002B80F238
:10826000E8800021C5E7BDF828200B9B9B1A012B55
:1082700001D80622D3E78349602212A807F0E8FD5F
:1082800008A8FFF763FF064608A8FFF75FFF002373
:1082900012AA12F83320B24200F0E38001330C2B13
:1082A000F6D104232AE013F85F3C002B4ED10138AD
:1082B000072819D8DFE800F0040918291818183021
:1082C00008A8FFF743FF80460CE0022206A908A891
:1082D000FEF7FDFF9DF819309DF8180040EA0320D5
:1082E0001FFA80F84FF000092AAB9A445AF85C3C18
:1082F000D3B1404649469847B0B9052300960CAA29
:1083000029463846FFF734FF8DE7042206A908A85E
:10831000FEF7DDFF0698D6E7082206A908A8FEF7B3
:10832000D6FFDDE90689DFE7012E11D006F16003F3
:10833000DBB2092B1DD8A6F1A003092B19D8DFE861
:1083400003F0161B1E2934183E4E57730923D5E738
:1083500058EA0903606814BF01210021EBF70DFF03
:1083600038B106303FF442AF00960523C7E7CDF899
:108370000C800BF1010B67E7CDF80880F9E71FFAD5
:1083800088FA60685146EBF703FF0028E9D1A4F8AA
:1083900012A0EEE71FFA88FA60685146EBF705FF76
:1083A0000028DED1A4F814A0E3E7606842464B46FB
:1083B000EBF70AFF0028D4D1C4E90689D9E758EAC7
:1083C000090314BF4FF0010A4FF0000A60685146DC
:1083D000EBF709FF0028C4D184F811A0C9E7606851
:1083E0004146EBF756FE0028BBD1C4F82080C0E719
:1083F000CDF810804FF0000A012303FA0AF2049B23
:108400001A4214BF012100215FFA8AF0EBF758FFEE
:108410000028A9D10AF1010ABAF1090F4FF00103AE
:10842000EBD1049B6362A4E760684146EBF7AAFEC8
:1084300096E7A126606812AA06A9EBF792FE00282B
:108440008FD1039B002BB5BF069B129B0393029316
:10845000DDE902216068EBF773FE00283FF401AF0D
:108460007FE72AAA4FEAC30A02EBC30313F85E2C84
:1084700082423FF418AF032340E7002B4FF0A006E1
:10848000E6DAD7E7A0D9030010B504460021FFF7CC
:1084900003FCE3682BB9A2681089431E5068184496
:1084A00010BD0020FCE72DE9F04794B0CDE904228F
:1084B0001F46538940F203120024ADF83420ADF872
:1084C0004C204FF0FF32CDE90730CDE90944CDE92A
:1084D0000B44CDE90E04CDE91044CDE901248046DA
:1084E0008946ADF818408DF8364012948DF84E400C
:1084F000039443B9032249464046FEF770FC00202E
:1085000014B0BDE8F08704A8FFF720FEBDF81820DE
:10851000079B9B1A98428246ECD8214608A8FFF791
:10852000BBFB514608A8FFF7B7FB2546E3B29A45C7
:1085300010D8C9F30B0949F48049002D00F0DD8003
:1085400009994046FEF728FB0F9A49464046FEF738
:10855000C3FBD4E704A8FFF7F9FDA928064604D811
:108560009F280DD8B0B1012825D03DB902210EA811
:10857000FFF792FB0EA8FFF787FF05463146A7E0FD
:10858000A0F1A203072B21D8DFE803F0424F59677F
:10859000717B8693014608A8FFF77EFB012108A89E
:1085A000FFF77AFB4046FEF74AFD014608A8FFF7B1
:1085B00073FB0134BAE7014608A8FFF76DFB3146AB
:1085C00008A8FFF769FBEBF7DBFDEEE7019B002B4B
:1085D00006DA786802AA01A9EBF7C3FD0028C4D126
:1085E000A02E0AD1314608A8FFF756FB012108A8A2
:1085F000FFF752FB9DF80410D8E7A12108A8FFF768
:108600004BFB012108A8FFF747FB9DF80810CDE7B9
:10861000A22108A8FFF740FB022108A8FFF73CFBB6
:10862000798A08A8FFF743FBC3E7A32108A8FFF74F
:1086300033FB022108A8FFF72FFBB98AF1E7A42139
:1086400008A8FFF729FB082108A8FFF725FBD7E9B1
:10865000062308A8FFF735FBABE7A52108A8FFF71D
:108660001BFB012108A8FFF717FB397C9EE7A62119
:1086700008A8FFF711FB012108A8FFF70DFB797C83
:1086800094E7A72108A8FFF707FB012108A8FFF737
:1086900003FB97F8201089E7A82108A8FFF7FCFA48
:1086A000042108A8FFF7F8FA796A08A8FFF71DFB6C
:1086B0007FE7786803A9EBF768FDA0B13DB9022117
:1086C0000EA8FFF7E9FA0EA8FFF7DEFE0546A9217E
:1086D0000EA8FFF7E1FA00210EA8FFF7DDFA2B78CC
:1086E00001332B7065E7A92108A8FFF7D5FA04210B
:1086F00008A8FFF7D1FA0399D7E70F994046FEF78C
:108700004BFA099A21E72DE9F0418EB000241E466C
:10871000029040F2031307460D4602A82146ADF829
:108720001C30CDE90344CDE905448DF81E40FFF728
:10873000B3FA02A8FFF7A8FEB66880461EB9039AEE
:10874000C5F30B0121E0736873B33269019401A989
:1087500002A8984710B303993846FEF71DFA40F275
:108760000313022108A8ADF83430CDE90874CDE92F
:108770000A440C948DF83640FFF78EFA002108A8C1
:10878000FFF78AFA099AC5F30B01384641F4804194
:10879000FEF7A2FA00200EB0BDE8F08198F8003094
:1087A000019A134488F80030F668C7E72DE9F843CA
:1087B00004460D46164600212822083007F056FBD5
:1087C000DFF848900F49DFF84880CC600027C9F8EF
:1087D0000C40C8F80C402846C4E900566762FEF712
:1087E00027FA49462846FEF723FA41462846FEF76F
:1087F0001FFA304604492246EBF730FC3846BDE804
:10880000F88300BFE404002063810100F404002029
:10881000D4040020704783680A61CB608160704790
:10882000C0E90A12704738B50D1E04460CBF02227B
:10883000002200684FF40051FEF7D1FA25B12068FC
:10884000BDE83840FEF727BC38BDF0B51E4685B000
:10885000538903930024CDE90022ADF808402BB9D9
:108860000322FEF7BCFA002005B0F0BD6846FFF712
:108870006DFCB568074635B9002CF4D101213046AE
:10888000FFF7D1FFEFE72B681BB1296938469847FE
:108890000124ED68EFE72DE9F04F99B040680C46F0
:1088A00003A9EBF729FD05460CA807F0F3F92843C7
:1088B00005B255B302212046FFF7EEF94FF0FF3124
:1088C0002046FFF712FA4FF0FF312046FFF70DFA6E
:1088D0004FF0FF312046FFF708FA4FF0FF312046F6
:1088E000FFF703FA4FF0FF312046FFF7FEF94FF094
:1088F000FF312046FFF7F9F94FF0FF312046FFF72F
:10890000F4F9022019B0BDE8F08FDDF814B0DDF8FD
:108910001C90DDF824A0DDF82C80EAF7B7FC4FF4BA
:108920007A72002322F02CFC4FF47A72074600235F
:10893000DDE90E0122F074FC4FF47A720023064642
:10894000DDE9140122F06CFC294601902046FFF776
:10895000A3F9BBF1FF3F14BF594600212046FFF7A2
:10896000C4F9BAF1FF3F14BF514600212046FFF77A
:10897000BCF9B9F1FF3F14BF494600212046FFF77B
:10898000B4F9B8F1FF3F14BF414600212046FFF77C
:10899000ACF939462046FFF7A8F9731C14BF3146DD
:1089A00000212046FFF7A1F9019B5A1C14BF19466C
:1089B00000212046FFF799F92846A3E770B586B055
:1089C000002406460D46009040F203126946184600
:1089D000ADF81420CDE90144CDE903448DF81640EB
:1089E000FFF759FFC5F30B013046019A41F480416E
:1089F000FEF772F9204606B070BD07B501228DF86A
:108A000007100DF10701FEF7F5FB03B05DF804FB5D
:108A100007B5042201910DEB0201FEF7EBFB03B059
:108A20005DF804FB07B50222ADF8041001A9FEF7BA
:108A3000E1FB03B05DF804FB30B587B043680093F9
:108A40000D4640F2031100230446ADF814106846A9
:108A5000D1B2CDE90133CDE903338DF81630FFF7FC
:108A6000CCFFD5E902126846FEF7C4FB019A6068A4
:108A700046F60561FEF730F907B030BD10B586B097
:108A80004368009340F2031200230446C9B26846CB
:108A9000CDE90133CDE90333ADF814208DF816305C
:108AA000FFF7ABFF01216846FFF7A7FF019A606857
:108AB00046F60461FEF710F906B010BD30B587B078
:108AC00043680093002440F203130546C9B2684688
:108AD000ADF81430CDE90144CDE903448DF81640DA
:108AE000FFF78BFF21466846FFF787FF019A68680A
:108AF00046F60461FEF7F0F807B030BD70B586B0F9
:108B000043680093044600231646684640F2031269
:108B10000D46CDE90133CDE903338DF81630ADF8BC
:108B20001420FFF775FF002E0CBF022100216846BC
:108B3000FFF763FF019A606846F60261FEF7CCF822
:108B40002846EDF703FA06B070BD70B5C6B01E46F4
:108B50000023ADF8103053890593CDE90222044675
:108B60000D46FF230DF1070206A902A8FEF7E5FB5B
:108B700038B99DF80720306806A9EBF7AFFB28B19C
:108B80000220C2B229462046FEF729F9002046B04D
:108B900070BD13B5044618680191EBF733FB0199DA
:108BA000024628B92046FEF71AF9002002B010BD8F
:108BB0000122F7E707B501220DF10701FEF787FB58
:108BC0009DF8070003B05DF804FB10B5044640684B
:108BD000EAF74CFA2046BDE81040EAF747BA7FB5FD
:108BE0001E460023ADF8083053890393CDE90022D7
:108BF00004460D462BB90322FEF7F1F8002004B01D
:108C000070BD6846FFF7D6FF011E18BF012130680E
:108C1000EBF7A4FB024610B929462046ECE70222F6
:108C2000FAE72DE9F0411D46538986B04FF0000860
:108C3000022BCDE9022206460F46ADF810800593BF
:108C400019D102A8FFF7B6FF019002A8FFF7B2FF03
:108C500004460199286854B1EBF739FA4246304688
:108C60003946FEF7BCF8002006B0BDE8F081EBF70E
:108C70002DFA2246F3E70322F1E72DE9F0418CB00B
:108C80001D4640F20313ADF82C30538906900024A2
:108C9000012BCDE90744CDE90944CDE9022207467D
:108CA0000E468DF82E40ADF81040059330D902A83D
:108CB000FFF780FF804602A8FFF77CFFBDF8103069
:108CC000059AD21A10460192EDF73DF9044628B3F1
:108CD0008168019A02A8FEF7FAFA286842462146FE
:108CE000EBF7DFF90546C8B9294606A8FFF785FE68
:108CF000214606A8FFF78CFEC6F30B013846079AFB
:108D000041F48041FDF7E8FF00200CB0BDE8F081A0
:108D100003252046EDF71AF90024E5E70225F8E7D8
:108D200013B5044618680191EBF789F901990246D9
:108D300028B92046FEF753F8002002B010BD0122EA
:108D4000F7E713B5044618680191EBF767F9019945
:108D5000024628B92046FEF742F8002002B010BDB6
:108D60000122F7E770B506461020EAF741F90446FC
:108D700040B13046EAF73CF9054628B92046EAF703
:108D800075F92C46204670BD01463246204621F03A
:108D900058F9F7E72DE9F341C368154602899B1A94
:108DA000012B07460E4646D9022201A9FEF78FFA8B
:108DB0009DF805309DF8044054EA032404D1346141
:108DC000204602B0BDE8F081A5B1AA68296828460E
:108DD00021F037F9A846D8F808309C4212DD032468
:108DE0004545EDD0D8F80000EAF740F94046EAF7EB
:108DF0003DF9E5E72046FFF7B5FF80460028EAD1B8
:108E00000224DDE73A89FB689B1A9C42E7D8D8F830
:108E1000001022463846FEF75AFA8442DFD100237A
:108E2000C8F804304146304620F0BBFF002814BF8C
:108E300002240024D4E70324C2E770B5FF2A0546C4
:108E400086B040680E46144606DD022244F63F61B5
:108E5000FDF7C5FF06B070BD0021931D0090684668
:108E6000ADF81430CDE90111CDE903118DF81610DC
:108E7000FFF7C3FD224631466846FEF782FA039BA0
:108E8000002BE7D1019A686844F63F61FDF724FFA3
:108E9000E0E738B5044620B14269416820F09EFE03
:108EA0000EE01C20EAF7A4F8044648B14FF48060B5
:108EB000EAF79EF8054628B92046EAF7D7F82C4687
:108EC000204638BD01464FF480622046E6E702891D
:108ED000C3689B1A012B13B50C460DD9022201A9B8
:108EE000FEF7F5F99DF805209DF8043043EA0223CA
:108EF0002380002002B010BD0320FBE72DE9F043E2
:108F000093B01E460023CDE90422ADF81830814607
:108F1000538907938846142208A904A8FEF748FA43
:108F20000446002866D1D6F81001FFF7B2FF0546C7
:108F300000286CD00146D6F80C2104A8FFF72AFFC0
:108F4000044600284CD108F03F02202A30682B69E3
:108F50003CD1002BCCBF2A46002208A9EBF74AF9E6
:108F6000044600284FD1BDF81830079A9A424CD0D9
:108F700004A8FFF71FFE0746002F31D00DF10E01A8
:108F800004A8FFF7A4FF50BB14220DA904A8FEF704
:108F90000FFA20BB2846FFF77CFFD6F80C210546C8
:108FA000014604A8FFF7F6FEC8B92B69BDF80E20EC
:108FB0003068002BCCBF2B460023009308A90DABD3
:108FC000EBF731F950B9013FFFB2D5E7002BCCBF29
:108FD0002A46002208A9EBF71EF9C1E70220044641
:108FE000284620F0F9FDD6F81031AB4202D02846D1
:108FF000FFF7EBFD4846E2B24146FDF7F0FE0020E8
:1090000013B0BDE8F0830224EAE70324E8E7022472
:10901000F0E7F8B507460E461546F2B192682968A2
:10902000284621F00EF82C463046214620F07BFEE3
:109030000646E0B9A1883846FFF7F4FCD4E90012EF
:109040003846FEF7D7F8A54205D02068EAF70EF8B3
:109050002046EAF70BF8FE6008E04FF48060FFF767
:1090600081FE04460028DFD10223FB60F8BD022602
:10907000E9E700002DE9F04FA3B014460DF16C09AB
:1090800007461C228846484600211D4606F0EEFE93
:1090900062890A92002340F20311032ACDE90744B2
:1090A000CDE91573CDE91733ADF824301993ADF838
:1090B00068108DF86A3040F2DF80042210A907A8FA
:1090C000FEF705F914220BA907A8DDF840A0FEF76A
:1090D0006FF90446002840F0D08006A907A8FFF7E2
:1090E000F6FE0446002840F0C880142210A907A804
:1090F000FEF75EF90446002840F0BF800DF11A012A
:1091000007A8FFF7E4FE0446002840F0B680D5F833
:109110001001FFF7BEFE0646002800F0B8800146A9
:10912000D5F80C2107A8FFF735FE0446002856D1D4
:10913000D5F808110131C5F8081105F118038C465E
:1091400083461A7886460130002A60D09A68924594
:1091500036D1182202FB0E5E9B46CEF82C103269E7
:10916000BDF81A300093002ACCBF314600210BF124
:109170000C02CDE901122868BDF81820CDF80C903A
:109180000BA910ABEBF76DF8014638BB15A8FFF73C
:1091900034FC514615A8FFF73BFCBDF81A1015A882
:1091A000FFF740FC1F9900295FD115A8FFF73AFC93
:1091B000189C4846002C18BF0224EBF777F80EE005
:1091C0005A69624501D294461C460A2803F11803E5
:1091D000B7D1BBF1000F1FD1002C38D1022430468B
:1091E00020F0FAFCD5F81031B34202D03046FFF738
:1091F000ECFC169A002C40D1C8F30B0141F48041DD
:109200003846FDF769FD002023B0BDE8F08FBBF1C3
:10921000000F08BF9B46D8E728680BF10C01EAF75E
:10922000FDFD831DD8D00028D8D101238BF8003054
:10923000D5F808311749CBF81430CBE9015A5A4612
:109240000BF10C00EAF712FF002888D0C6E704F102
:109250000C0108460591EAF7FDFD002305992868F1
:109260002370EAF7DBFDA346DDE7D5F80C2149467C
:1092700015A8FFF7CEFE9BE7032416993846FDF7A5
:109280008BFCE2B241463846FDF7A9FDBBE702245C
:10929000F3E700BF9992010070B515464268D2F815
:1092A000083186B00133C2F808310446436153687F
:1092B00000930E4640F2031300216846CDE90111E8
:1092C000CDE90311ADF814308DF81610FFF795FBBA
:1092D000A1686846FFF79CFBB1B26846FFF7A2FBA6
:1092E0000DB12B6973B900216846FFF79BFB039B07
:1092F00033B96368019A586846F62961FDF7ECFCBA
:1093000006B070BD63682946D3F80C216846FFF7A4
:1093100080FEECE72DE9F04792B01F460023CDE92F
:109320000422ADF8183081465389079388461422E9
:1093300008A904A8FEF73CF80546002848D1BDF866
:109340001830079A9A424CD004A8FFF733FC06461F
:10935000D7F81001FFF79DFD0446002843D008F020
:109360003F0A5EB30DF10E0104A8FFF7B0FD20BB6C
:1093700014220DA904A8FEF71BF8F0B9D7F80C21A8
:10938000214604A8FFF706FDB8B923693868BDF87F
:109390000E20002BCCBF23460023BAF1240F0093EC
:1093A00008A90DAB05D1EAF73EFF28B9013EF6B298
:1093B000D7E7EAF747FFF8E702200546204620F006
:1093C0000BFCD7F81031A34202D02046FFF7FDFB7B
:1093D0004846EAB24146FDF702FD002012B0BDE862
:1093E000F0870325F4E70225F2E70000F8B50E4602
:1093F0001546044650B349B30260C0F80C31002250
:10940000069B4160C0F81031C0F80821034600F106
:10941000F00103F8182F9942FBD128460D49224646
:10942000EAF762FF054678B90B4B0FCB04F108074A
:1094300087E80F00394630466461FDF7F9FB074ABB
:1094400020682146EAF70EFE2846F8BD6FF00A05AF
:10945000FAE700BF3B8E0100C8DA030004050020D4
:1094600038B500F1240500F58A7415F80C3C13B1E9
:109470002846EAF7EFFC1835A542F6D138BD07B506
:1094800001228DF807100DF10701FDF7B3FE03B0BF
:109490005DF804FBF0B50746A3B008460D46144638
:1094A00007F0D1FA0026024629462046FDF794FF30
:1094B0007822314604A8039606F0D8FC7C2300935A
:1094C000294602AB03AA38460296EAF713FEC31CEC
:1094D00005460AD101212046FFF7D1FF314620463B
:1094E000FFF7CDFF284623B0F0BD08B10421F2E715
:1094F00001462046FFF7C3FF029A03A92046FDF765
:1095000040FFEFE72DE9F043C3B099460023CDE9D2
:109510000733CDE909338DF82E30ADF8103053897B
:1095200006900D46012B40F20311CDE902220646BA
:10953000ADF82C10059340F28280022223A902A8E4
:10954000FDF7C5FED9F800009DF88C709DF88D40A0
:10955000EAF7BEFD002840F08F8047EA04276FB984
:10956000394606A8FFF78BFF44493A4606A8FDF79F
:1095700033FF099C002C18BF022439E0412212A9B4
:1095800002A8FDF715FF044690BB9DF84830002B5C
:1095900053D07C230DF1070223A902A8FDF7CDFECD
:1095A0008046044620BB9DF80730D9F8000023AA66
:1095B00012A9EAF799FD00283CD040F2031310F1FC
:1095C000170FCDE90C68CDE90E88CDF84080ADF8D5
:1095D00044308DF8468014D105210CA8FFF74FFFC9
:1095E000412212A90CA8FDF7F7FE0F9B93B10224AC
:1095F000D9F80000EAF772FD14BB079AC5F30B0116
:109600000FE010F10B0F01D0103001D10421E4E77D
:109610000221E2E7D9F80000EAF760FD0D9AC5F3F0
:109620000B01304641F48041FDF756FB002043B06A
:10963000BDE8F083013FBFB291E70324D8E70324DC
:1096400007993046FDF7A8FA002740F20313E1B26C
:1096500023A8ADF8A030CDE92477CDE9267723966D
:109660008DF8A270FFF70BFF394623A8FFF707FF1D
:10967000249AC5F30B01D4E70224E1E777E1030064
:1096800010B504460021FFF7FAFEE3682BB9A26883
:109690001089431E5068184410BD0020FCE72DE9D6
:1096A000F04F99B00024019005460E469A46214697
:1096B00040F2031301A8ADF81830CDE90244CDE91A
:1096C00004448DF81A40FFF7DAFE01A8FFF7D8FF2F
:1096D000804601A8FFF7D4FF8146002319463D22AA
:1096E000A7B208A8079306F0C1FBDAF8000007AAA2
:1096F0003946EAF70EFD04F1010BC0B13F0A88F8C4
:10970000004089F80070049B10300CBF4FF0000A35
:109710004FF0020AABB14FF0020A02992846FDF75A
:109720003BFA524631462846FDF759FB14E007A89C
:1097300007F089F907A9024601A8FDF74DFE5C462E
:10974000CBE7BAF1000FE8D1C6F30B01029A41F45E
:1097500080412846FDF7C0FA002019B0BDE8F08F1F
:109760002DE9F04F9FB098460023CDE90833CDE9AD
:109770000A338DF83230ADF81430538907900F4614
:10978000012B40F20311CDE903220646ADF830105B
:1097900006937FD902220DA903A8FDF798FD07A81B
:1097A0009DF834509DF835B0FFF76AFF814607A851
:1097B000FFF766FF824607A8FFF762FF0A9C00904A
:1097C00054B1022408993046FDF7E6F9E2B2394671
:1097D0003046FDF704FB57E055EA0B2558D0AB4661
:1097E0000194019B0D933D2200210EA806F03EFB43
:1097F00041220DA903A8FDF7DBFD04460028E1D1B5
:10980000D8F8000007AA0DA9FFF744FE10B1022204
:1098100089F800200BF1FF331FFA83FBBBF1000F27
:10982000DFD11FE0D8F8000007AA0DA9FFF732FE2C
:1098300010B1022289F800200BF1010B00233D2218
:1098400019461FFA8BF50EA80D9306F00FFBD8F8FA
:1098500000000DAA2946EAF75CFC0028E2D010308F
:1098600018BF0224009B8AF800502D0A1D700A9B25
:10987000002BA6D1002CA5D1C7F30B01089A41F407
:1098800080413046FDF728FA00201FB0BDE8F08F78
:10989000A346D3E7032495E770B50E46054670B19D
:1098A00069B10446074B44F8042B0FCB84E80F0042
:1098B00030462D612146FDF7BBF9002070BD6FF0E9
:1098C0000A00FBE7F0DA03004FF4B47343430028C7
:1098D000CCBF03F58070A3F580700028B8BF00F2FC
:1098E000FF10C0F34F20704743020028CCBFB433B1
:1098F000B43B4FF4B47093FBF0F0704710B5022402
:109900000470147000220A701A7010BD05293BD132
:109910001B2A11D81B2A13D8DFE802F0141C242CB0
:10992000121212121820283212121212161E2612A9
:10993000121212121A222A34332A1DD0532A1DD091
:109940000020704702307047033070470530704781
:109950000630704710307047113070471330704731
:109960001430704717307047183070471A307047FE
:109970001B307047093070470A3070470B30704712
:109980000C3070470D3070470929D9D11B2A3DD8BA
:109990001B2AD5D801A353F822F000BF199A010061
:1099A000299A0100399A0100499A01004199010060
:1099B000419901004199010041990100219A01005A
:1099C000319A0100419A0100519A01004199010028
:1099D0004199010041990100419901001D9A01003E
:1099E0002D9A01003D9A0100419901004199010021
:1099F000419901004199010041990100259A010016
:109A0000359A0100459A0100559A0100332A1DD06C
:109A1000532A95D1273070471E3070471F3070474A
:109A200021307047223070472C3070472D307047FE
:109A30002F307047303070473330704734307047C4
:109A400036307047373070472530704726307047C2
:109A5000283070472930704707B5042201910DEB7B
:109A60000201FDF7C7FB03B05DF804FB07B5012257
:109A70008DF807100DF10701FDF7BCFB03B05DF891
:109A800004FBF8B50C460546114620461E469DF8D7
:109A90001870FFF7EBFF01212046FFF7E7FF314683
:109AA0002046FFF7E3FF39462046FFF7DFFF6268F5
:109AB000284644F20311BDE8F840FDF70DB907B59B
:109AC0000222ADF8041001A9FDF794FB03B05DF884
:109AD00004FB07B500921A0A8DF805201A0C8DF8C0
:109AE00004308DF806201B0E082269468DF80730D9
:109AF000FDF780FB03B05DF804FB30B5002387B0B1
:109B0000CD690090CDE90133CDE9033340F2031371
:109B10000446ADF814309DB1082309688DF816305D
:109B20006846FFF799FFD5E902126846FDF762FB28
:109B3000039B3BB9019A46F622312046FDF7CCF84B
:109B400007B030BD01992046FDF726F8F8E707B5C4
:109B50000B4600220192014601AA18461EF0BEF9EA
:109B600000B9019803B05DF804FB30B589B0054633
:109B700002900C4640F2031011460022CDE9032268
:109B8000CDE90522ADF81C008DF81E200192184683
:109B900001AA1EF0A3F9014638B102222146284647
:109BA000FDF71DF9002009B030BD02A8FFF75EFFE8
:109BB0009DF8041002A8FFF759FFC4F30B01039AA4
:109BC00041F480412846FDF787F8EBE77FB504466E
:109BD0000D461846114603AA01911E461EF07EF955
:109BE000019938B1022220462946FDF7F8F80020F5
:109BF00004B070BD039B032B01D01522F3E7304660
:109C00001EF051F9002814BF02220022EBE7F7B53D
:109C1000164604460D4601AA314618461F461EF058
:109C20005DF908B1022207E0019B032BFAD8DFE8B7
:109C300003F00208180A152229462046FDF7CFF83E
:109C40000CE01122F8E7002229462046FDF7C7F86C
:109C50000023032231462046FDF7E2FC002003B03A
:109C6000F0BD314638461EF027F9002814BF022205
:109C70000022E1E707B504220DEB0201FDF727FB07
:109C8000019803B05DF804FB07B5022201A9FDF7B6
:109C90001EFB9DF805009DF8043043EA002003B048
:109CA0005DF804FB07B508226946FDF710FBDDE906
:109CB000000103B05DF804FB07B501220DF10701B7
:109CC000FDF705FB9DF8070003B05DF804FB2DE9E7
:109CD000F043A3B004460D46104603A91EF0C4F895
:109CE0008046002840F09182014628602046FFF718
:109CF000BDFE02212046FFF7B9FE40F203112046C7
:109D0000FFF7DDFE2B6801332B6001212046FFF7B2
:109D1000ADFE02212046FFF7A9FEFF212046FFF7F6
:109D2000CEFE2B6801332B6002212046FFF79EFEFA
:109D300004212046FFF79AFE04220DF1120120466D
:109D4000FDF758FA2B6801332B6003212046FFF7FB
:109D50008DFE04212046FFF789FE04220DF10D013E
:109D60002046FDF747FA2B6801332B60042120467B
:109D7000FFF77CFEBDF81A60BDF81870003E18BFF2
:109D80000126003F18BF012701212046FFF76EFE84
:109D900046EA47012046FFF769FE2B6801332B6036
:109DA00005212046FFF762FE069B13F0FF1F4FF0D0
:109DB000020114BF4FF001094FF00009204613F0D3
:109DC000FF2F14BF01260026FFF750FE68464246CB
:109DD00041460746BDF820C0ADF802C0BDF822C01C
:109DE0009DF82630ADF804C0BDF824C08DF8009071
:109DF0008DF80160ADF806C08DF8083010F8013B11
:109E0000934001320B43092A99B2E3D12046FFF770
:109E100056FE2B6801332B6006212046FFF726FEF5
:109E200002212046FFF722FE0023384619469DF8FE
:109E300031208DF800209DF82D208DF801209DF80F
:109E40002F208DF802209DF82E208DF803209DF8FC
:109E500030208DF804209DF832208DF805209DF8E3
:109E600033208DF806209DF834208DF8072010F857
:109E7000012B9A4001330A43082B91B2D7D12046D7
:109E8000FFF71DFE2B6801332B6007212046FFF7EB
:109E9000EDFD01212046FFF7E9FD00233846194674
:109EA0001C9A9DF8746000928DF8046010F8012BE4
:109EB0009A4001331143052BC9B2F1D12046FFF777
:109EC000D5FD2B6801332B6008212046FFF7CEFD1E
:109ED00001212046FFF7CAFD0023384619461E46D9
:109EE000BDF82820ADF800208DF8026010F8012B95
:109EF0009A4001331143032BC9B2F1D12046FFF739
:109F0000B5FD2B6801332B6009212046FFF7AEFD1C
:109F100001212046FFF7AAFD02212046FFF7A6FDFA
:109F20002B6801332B600A212046FFF79FFD01219A
:109F30002046FFF79BFD00233846194601269DF871
:109F40003C208DF800209DF83E208DF801608DF8B2
:109F5000022010F8012B9A4001331143032BC9B2A0
:109F6000EDD12046FFF782FD2B6801332B600B21DA
:109F70002046FFF77BFD01212046FFF777FD9DF886
:109F80003F102046FFF772FD2B6801332B600C2138
:109F90002046FFF76BFD01212046FFF767FD9DF886
:109FA00040102046FFF762FD2B6801332B600D2126
:109FB0002046FFF75BFD01212046FFF757FD0121F9
:109FC0002046FFF753FD2B6801332B600E212046FE
:109FD000FFF74CFD01212046FFF748FDBDF8463054
:109FE000C3F340115A0648BF41F00201DE0548BFE5
:109FF00041F00401980548BF41F008015A0548BFE7
:10A0000041F01001DE0448BF41F02001980448BF30
:10A0100041F040015A0448BF41F080012046FFF75B
:10A0200025FD2B6801332B600F212046FFF71EFD15
:10A0300001212046FFF71AFD0023384619461E4627
:10A04000BDF84820ADF800209DF84A208DF8026048
:10A050008DF8032010F8012B9A4001331143042B93
:10A06000C9B2EDD12046FFF701FD2B6801332B600B
:10A0700010212046FFF7FAFC01212046FFF7F6FCED
:10A080009DF84C309DF84B1041EA4301C9B220467F
:10A09000FFF7ECFC2B6801332B6011212046FFF702
:10A0A000E5FC01212046FFF7E1FC3F212046FFF7B8
:10A0B000DDFC2B689DF84E9001332B601221204669
:10A0C000FFF7D4FC05212046FFF7D0FCC9F10009B9
:10A0D0005FFA89F9052649462046FFF7C7FC013E8D
:10A0E000F9D12B6801332B6013212046FFF7BEFC0A
:10A0F00001212046FFF7BAFC334631469DF87F2008
:10A100008DF800209DF880208DF801209DF8812099
:10A110008DF802209DF882208DF8032017F8012B7E
:10A120009A4001331143042BC9B2E7D12046FFF70F
:10A130009DFC2B6801332B6014212046FFF796FC11
:10A1400001212046FFF792FC00212046FFF78EFCFC
:10A150002B6801332B6015212046FFF787FC012176
:10A160002046FFF783FC9DF843102046FFF77EFC56
:10A170002B689DF8766001332B609DF87830C6F32C
:10A1800040069B074FF01601204648BF46F00206E6
:10A19000FFF76CFC01212046FFF768FC31462046A2
:10A1A000FFF764FC2B6801332B6017212046FFF773
:10A1B0005DFC01212046FFF759FC9DF884102046E4
:10A1C000FFF754FC2B6801332B6018212046FFF762
:10A1D0004DFC01212046FFF749FC9DF886102046E2
:10A1E000FFF744FC2B6801332B6019212046FFF751
:10A1F0003DFC01212046FFF739FC9DF887102046E1
:10A20000FFF734FC2B6801332B60404623B0BDE8D8
:10A21000F083406AFCF716BF70B51D468CB0002372
:10A220000C46114640F20312CDE90733CDE909335C
:10A230000690ADF82C208DF82E3005F1340206463C
:10A2400003AB286B0191FDF704FC019904AA284691
:10A250001DF020FF38B1022221463046FCF7BFFD39
:10A2600000200CB070BD9DF8101006A8FFF7FEFB93
:10A27000059906A8FFF7F0FBC4F30B01079A41F418
:10A2800080413046FCF728FDEAE700002DE9F04365
:10A290008BB00646DDF848900C461D469046002AD5
:10A2A0004AD0042B48D0052B01D99F2B44D11C2127
:10A2B0000120E8F7B7FE074600283FD02A4602AB48
:10A2C000414648461DF0E8FD024658BB1C4B009332
:10A2D00001970399D9F8300009F13403FDF772FBB7
:10A2E000054600BB40F20312CDE90460CDE906004B
:10A2F0009DF8081008908DF8260004A8ADF82420D9
:10A30000FFF7B4FB039904A8FFF7A6FBC4F30B0106
:10A31000059A41F480413046FCF7DEFC00200BB08A
:10A32000BDE8F08302253846E8F7A0FE2A4621461C
:10A330003046FCF754FDF1E70525F7E70125F5E781
:10A34000E1DD010000B58DB0196ACDE902220023DC
:10A350005289ADF81030CDE90733CDE909338DF8D6
:10A360002E30094B0193CDE9052044F6093340F224
:10A370000312ADF82C20009302AA06AB03F092FE64
:10A380000DB05DF804FB00BF0D99010000B58DB064
:10A39000196ACDE9022200235289ADF81030CDE9C7
:10A3A0000733CDE909338DF82E30094B0193CDE900
:10A3B000052044F6083340F20312ADF82C20009338
:10A3C00002AA06AB03F020FE0DB05DF804FB00BF4F
:10A3D0000D9901002DE9F04788B01F460023ADF824
:10A3E000183053890793042BCDE9042205460E4605
:10A3F00009D80324284622463146FCF7F0FC002009
:10A4000008B0BDE8F08704A8FFF734FC6B460146AE
:10A41000804607F13402386BFDF71BFB0446002829
:10A42000E8D104A8FFF748FCBDF81810079B02B25A
:10A430005B1AB3EB820F8146DBD30421CDF8048095
:10A440008DF80C00E8F7EEFD029048B90224D1E740
:10A4500004A8DDF808A0FFF70DFC4AF82400013439
:10A46000A145F5DC01AA414638461EF08FFE0446A0
:10A470000298E8F7FBFD002CE8DBE4B2BAE72DE92F
:10A48000F04F8FB098460023ADF8183053890793EA
:10A490000C2BCDE9042205460E4609D80324284694
:10A4A00022463146FCF79BFC00200FB0BDE8F08F40
:10A4B00004A8FFF7DFFB03AB0146814608F1340235
:10A4C000D8F83000FDF7C5FA04460028E7D104A803
:10A4D000FFF7F2FB074604A8FFF7E4FB3AB202EBF2
:10A4E000820302EB4302BDF818C0079BA3EB0C03E9
:10A4F0009A42D3D8CDE908010C213846CDF82890EE
:10A500008DF83070E8F78EFD0B9010BB0224C6E783
:10A510000B9B019302FB04FB04A803EB0B0AFFF760
:10A52000A9FB019B43F80B0004A8FFF7ADFBAAF8B9
:10A53000040004A8FFF7A8FBAAF8060004A8FFF788
:10A54000BBFB8AF80A0004A8FFF79EFB0134AAF8B7
:10A550000800A7424FF00C02DADC08AA4946404640
:10A560001EF0FCFD04460B98E8F780FD002CCDDBC7
:10A57000E4B294E7F0B51F4653898FB00024CDE9CB
:10A580000730064640F2031304A8ADF834300D46F8
:10A59000CDE90422CDE90944CDE90B44ADF81840DA
:10A5A0008DF83640ADF80E40FFF764FB0DF10E025A
:10A5B0000146019038461EF08DFDA0420CBF274693
:10A5C0000227019908A8FFF747FA394608A8FFF7BC
:10A5D0004DFABDF80E1008A8FFF771FAC5F30B018C
:10A5E0003046099A41F48041FCF776FB20460FB0D3
:10A5F000F0BD2DE9F04198B01D460023ADF81430B0
:10A6000053890693052BCDE9032206460C4674D9DF
:10A6100003A8FFF72FFB6B460146074605F13402FE
:10A62000286BFDF716FA014688B903A8FFF744FB2B
:10A63000BDF81420069B9B1A984280465DD80121E4
:10A640000290E8F7EFFC01460190E0B902210025F5
:10A6500040F2031307A8CDE90855CDE90A5507963E
:10A66000ADF830308DF83250FFF700FA294607A8D0
:10A67000FFF7FCF9C4F30B01089A41F4804130461E
:10A68000FCF72AFB35E0424603A8FCF720FE2846EB
:10A690000DAB01AA39461EF0AFFC05460198E8F75C
:10A6A000E5FC002DD2D140F203139DF83410ADF833
:10A6B000303007A8CDE90765CDE909550B958DF830
:10A6C0003250FFF7D3F99DF8381007A8FFF7CEF9FD
:10A6D0000E9A0FA907A8FCF78DFD0A9B002BC9D085
:10A6E00008993046FCF758FA0B2221463046FCF711
:10A6F00076FB002018B0BDE8F0810321A7E72DE923
:10A70000F04F9FB099460023ADF82C3053890C933D
:10A71000062BCDE9092207460E4653D90DF1240830
:10A720004046FFF7A7FA06AB0146834609F134021B
:10A73000D9F83000FDF78DF9044698B94046FFF787
:10A74000BBFABDF82C100C9B02B25B1AB3EB420FA4
:10A75000824637D31C210790E8F764FC0890002854
:10A760007AD10224002540F2031321460DA8CDE939
:10A770000E55CDE910550D97ADF848308DF84A507B
:10A78000FFF774F929460DA8FFF770F9C6F30B011E
:10A790000E9A41F480413846FCF79EFA97E0404615
:10A7A000FFF78AFA03904046FFF786FA01280290E5
:10A7B00040F0A180BDF82C300C9A9A4204D1089840
:10A7C000E8F754FC0324CDE74046FFF775FA431E33
:10A7D000DBB2072B054604D90898E8F747FC0424A8
:10A7E000C0E7BDF82C100C9A43000133DBB2521ABB
:10A7F0009342E4D81C2363430193002241469542CF
:10A8000069DC0846FFF758FAB0B1BDF82C200C9B64
:10A810009B1A9D42D3D80022089B0592019A40467C
:10A8200013440493FFF748FADDE90432134401327C
:10A8300095421875F0DC012008991C2303FB04F2F3
:10A8400001EB020C039B8B54029B8CF801308CF8BB
:10A8500002508CF803000134A245A0DC2C22002118
:10A8600013A805F003FB13AB07AA594648461EF090
:10A8700055FB04460898E8F7F9FB002C7FF471AF0C
:10A8800040F203139DF84C10ADF848300DA8CDE907
:10A890000D74CDE90F4411948DF84A40FFF7E6F8A6
:10A8A0009DF850100DA8FFF7E1F8149A15A90DA80E
:10A8B000FCF7A0FC109B002B3FF468AF0E993846C4
:10A8C000FCF76AF90B2231463846FCF788FA00207B
:10A8D0001FB0BDE8F08F089B0592019A084613440B
:10A8E0000493FFF7D1F9DDE9043203EB420309A930
:10A8F0009880013283E7002528469DE72DE9F04F37
:10A900002DED028BAFB01E460023ADF828305389E1
:10A910000391052BCDE9082282460B9359D908A84B
:10A92000FFF7A8F905AB0146074606F13402306B84
:10A93000FDF78FF80446C0B906AA394630461DF027
:10A94000CDFA08B1022410E0069B002B00F0F28043
:10A950000DF11202394630461DF0E4FB0028F1D11A
:10A960009DF81230012B13D00C24002540F2031364
:10A9700021460CA8CDE90D55CDE90F55CDF830A0F5
:10A98000ADF844308DF84650FFF770F82946CBE01B
:10A990000DF11302394630461DF0EEFB0028D1D1EF
:10A9A0009DF81330013B032BDED808A8FFF784F98C
:10A9B000032880460DD8624B1B5C019308A8FFF763
:10A9C0007BF9431EDBB2072B054604D9002840F073
:10A9D000B3800324C9E7019BBDF828109A1D0B9B87
:10A9E00042435B1A9A42F4D107AA394630461DF019
:10A9F00046FB0028A6D1079B082B03D1B8F1010F15
:10AA000040F09C800CAB28220021184605F02EFA5D
:10AA10000DF15809002208EE100ACB460292029B63
:10AA2000AB4247DB002340F20312CDE90D33CDE901
:10AA30000F33069ECDF830A0ADF844208DF8463097
:10AA4000002C6CD002210CA8FFF710F8032E6FD059
:10AA5000B8F1010F18BF2C4621460CA82DB2FFF704
:10AA600005F805EB450509EB8505032E05D0B8F182
:10AA7000010F02D199F808304BB1B9F800100CA8B9
:10AA8000FFF71DF899F808100CA8FEF7EFFF09F181
:10AA90000C094D45E9D1039B0D9AC3F30B015046B8
:10AAA00041F48041FCF718F900202FB0BDEC028B77
:10AAB000BDE8F08F08A8FFF7E7F8ADF83400ABF871
:10AAC000000008A8FFF7D6F8019B0C90CBF8040013
:10AAD000003818BF01208DF836008DF8373023B1CB
:10AAE0001A460EA908A8FCF7F2FBB8F1010F18EE00
:10AAF000102A394630460FD11DF01AFA0028FFF609
:10AB000021AF08B10134E4B2029B8BF80800013395
:10AB100002930BF10C0B82E71DF0F2F9EEE72146F0
:10AB20000CA8FEF7A3FF21460CA8FEF79FFFB2E793
:10AB30002C4691E7012418E7052416E7172414E7AB
:10AB400000DB0300F0B587B0002440F20312064694
:10AB50000D460090FF21186BADF81420CDE901449B
:10AB6000CDE903448DF81640FCF786FF21460746E1
:10AB70006846FEF77BFFF9B26846FEF777FFC5F33C
:10AB80000B013046019A41F48041FCF7A5F82046BC
:10AB900007B0F0BDF8B5069F1E4613680D463B444E
:10ABA000044613604968FEF757FF29682046FEF700
:10ABB00053FF00212046FEF759FFE9682046FEF7C3
:10ABC0004BFF31462046FEF751FF00212046FEF79D
:10ABD0004DFF00212046FEF749FF002320460022BA
:10ABE000FEF777FFF9B22046BDE8F840FEF73EBF1A
:10ABF000F7B505460E46184611461C4601921DF053
:10AC000064F90199074638B1022228463146FCF71B
:10AC1000E6F8002003B0F0BD04F13402206BFCF72D
:10AC2000F8FE3A46F1E770B50546084616461C465A
:10AC3000FFF720F8314602462846A04720B110F120
:10AC4000170F0CBF0520022070BD70B505460846E1
:10AC500016461C46FFF718F8314602462846A0471C
:10AC600020B110F1170F0CBF0520022070BD13B5E5
:10AC7000012B0446019208460ED1FFF71DF80199F9
:10AC8000049B02462046984720B110F1170F0CBFD5
:10AC90000520022002B010BD0320FBE72DE9F04F94
:10ACA000F1B00024CDE91304CDE91904049340F276
:10ACB000031953897A9E009107460AA8CDE90A2212
:10ACC0000D93CDE91544CDE91B44ADF83040179400
:10ACD000ADF860908DF862401D94ADF878908DF8D5
:10ACE0007A40FEF7C7FF08AA0146054630461DF028
:10ACF000F5F88046E8B102211FA8CDE91F74CDE91F
:10AD000021442394ADF890908DF89240FEF7AEFE6A
:10AD100021461FA8FEF7AAFE009B209AC3F30B0151
:10AD200041F480413846FBF7D7FF002071B0BDE801
:10AD3000F08F089B012B0ED1CDE91F70CDE92100CA
:10AD400023908DF8920015211FA8ADF89090FEF782
:10AD50008DFE4146DDE701464FF4A2721FA805F0C3
:10AD600085F81FAA294630461DF0FAF8044628B196
:10AD7000009902223846FCF732F8D6E70AA8FEF717
:10AD80009BFF2146029013A8FEF770FE029B002B4A
:10AD900047D148230122CDE90232002113A8FEF752
:10ADA00065FE169B002B3ED1159A1489631E5468CC
:10ADB0001C444FF00009CDF80490039B002B34D0C5
:10ADC000CA4B019A12F80380B8F14D0F4BD908F124
:10ADD0001803DBB2032B3CD9B9F1000F13D10421C6
:10ADE00019A8FEF743FE494619A8FEF73FFE1C9B33
:10ADF000002B41F0D5831B9AB2F80890526809F1F4
:10AE0000FF3302EB0309414619A8FEF72FFE00218C
:10AE100019A8FEF72BFE99F80030013389F80030AD
:10AE2000DAE00394B9E70024C3E7BDF830300D9AA7
:10AE30009A4209D1009903223846FBF7D0FF1499B2
:10AE40003846FBF7A9FE70E70AA8FEF735FF8046F3
:10AE5000BAE7A8F1E803032BBED8DFE813F0210519
:10AE60004505BD00710AB8F14D0FB5D801A353F8DF
:10AE700028F000BFADAF010025B0010061B10100B5
:10AE800073B00100A5B10100A9BD0100E9B1010045
:10AE9000EFBD01002DB2010071B20100D9AD01007A
:10AEA000B3B2010099BA0100F7B2010031B9010053
:10AEB00029BB010071BB0100C1B0010019B3010041
:10AEC00051BA01005DB30100A1B3010029B4010032
:10AED0006DB40100B9BB010043BF0100B1B4010072
:10AEE000D1B40100D9AD010001BC0100D9AD010010
:10AEF00015B501007FBC0100D9AD010013B10100FF
:10AF000087B70100CBB7010059B501009DB501001D
:10AF1000F9BC01004BBD0100E5B30100E1B5010042
:10AF200025B6010077B60100BBB60100E1BA010009
:10AF3000FBBE010013B80100FFB6010043B70100DA
:10AF400089C30100CFC3010059B80100D9AD010088
:10AF500015C4010085C4010003C5010079B90100D1
:10AF6000C1B9010009BA0100B3BE0100CBC10100A3
:10AF70008BBF0100D3BF010045C201001BC001000F
:10AF800083C1010063C00100D9AD0100D9AD01004A
:10AF9000ABC00100F3C001003BC10100D9AD01000D
:10AFA000D9AD0100F5C201004BC5010029460EAA2A
:10AFB00030461DF0B7F8014618B99DF83830FF2B20
:10AFC00020D1002113A8FEF751FD002113A8FEF7A0
:10AFD0004DFD237801332370019B01330193DDE99B
:10AFE000012393423FF7E9AE009BC3F30B0141F409
:10AFF0008041B9F1000F01F0CC821A9A3846FBF774
:10B000006BFE1CE713A8FEF731FD012113A8FEF724
:10B010002DFD2378013323709DF8381013A8FEF717
:10B0200025FDD9E70EAA294630461DF0A5F818B926
:10B030009DF838300B2B0BD1012113A8FEF716FD1C
:10B04000002113A8FEF712FD237801332370C3E714
:10B05000012113A8FEF70AFD012113A8FEF706FD42
:10B060002378013323709DF8381013A8FEF7FEFCF7
:10B07000B2E70EAA294630461DF093F818B99DF89C
:10B080003830032B0BD1032113A8FEF7EFFC00216E
:10B0900013A8FEF7EBFC2378013323709CE7032110
:10B0A00013A8FEF7E3FC012113A8FEF7DFFC2378C9
:10B0B000013323709DF8381013A8FEF7D7FC8BE7F7
:10B0C0000EAA294630461DF042F818B99DF83830CE
:10B0D000FF2B0DD1112113A8FEF7C8FC002113A8E6
:10B0E000FEF7C4FC23780133237075E70CDB030003
:10B0F000112113A8FEF7BAFC012113A8FEF7B6FC34
:10B100002378013323709DF8381013A8FEF7AEFCA6
:10B1100062E70EAA294630461DF058F918B99DF885
:10B120003830032B0BD1222113A8FEF79FFC0021FE
:10B1300013A8FEF79BFC2378013323704CE72221F0
:10B1400013A8FEF793FC012113A8FEF78FFC2378C8
:10B15000013323709DF8381013A8FEF787FC3BE7F6
:10B1600029460EAA30461DF087FA022150B113A8D5
:10B17000FEF77CFC002113A8FEF778FC237801334E
:10B18000237029E713A8FEF771FC012113A8FEF72D
:10B190006DFC2378013323709DF8381013A8FEF757
:10B1A00065FC19E729460EAA30461DF093F90421E3
:10B1B00050B113A8FEF75AFC002113A8FEF756FC65
:10B1C00023780133237007E713A8FEF74FFC012112
:10B1D00013A8FEF74BFC2378013323709DF8381039
:10B1E00013A8FEF743FCF7E629460EAA30461CF0EA
:10B1F000ECFF062150B113A8FEF738FC002113A87C
:10B20000FEF734FC237801332370E5E613A8FEF73C
:10B210002DFC022113A8FEF729FC237801332370AB
:10B22000BDF8381013A8FEF74AFCD5E629460EAA49
:10B2300030461CF0FEFF082150B113A8FEF716FCA3
:10B24000002113A8FEF712FC237801332370C3E614
:10B2500013A8FEF70BFC022113A8FEF707FC2378C6
:10B2600001332370BDF8381013A8FEF728FCB3E6AD
:10B2700029460EAA30461CF0F0FF092150B113A850
:10B28000FEF7F4FB002113A8FEF7F0FB237801334F
:10B290002370A1E613A8FEF7E9FB042113A8FEF72B
:10B2A000E5FB2378013323700E9913A8FEF7D4FB36
:10B2B00092E629460EAA30461DF0C9F90B2150B17D
:10B2C00013A8FEF7D3FB002113A8FEF7CFFB2378CA
:10B2D0000133237080E613A8FEF7C8FB012113A8F1
:10B2E000FEF7C4FB2378013323709DF8381013A8B0
:10B2F000FEF7BCFB70E60D2113A8FEF7B7FB01219A
:10B3000013A8FEF7B3FB237801332370049B13A823
:10B31000D97EFEF7ABFB5FE629460EAA30461DF04C
:10B3200003F9122150B113A8FEF7A0FB002113A8C6
:10B33000FEF79CFB2378013323704DE613A8FEF73C
:10B3400095FB012113A8FEF791FB237801332370AD
:10B350009DF8381013A8FEF789FB3DE629460EAA92
:10B3600030461DF0CCF8142150B113A8FEF77EFB37
:10B37000002113A8FEF77AFB2378013323702BE614
:10B3800013A8FEF773FB012113A8FEF76FFB2378C8
:10B39000013323709DF8381013A8FEF767FB1BE6F6
:10B3A00029460EAA30461DF0FEF8152150B113A80B
:10B3B000FEF75CFB002113A8FEF758FB237801334E
:10B3C000237009E613A8FEF751FB012113A8FEF72D
:10B3D0004DFB2378013323709DF8381013A8FEF736
:10B3E00045FBF9E529460EAA30461DF0F1F8292162
:10B3F00050B113A8FEF73AFB002113A8FEF736FB65
:10B40000237801332370E7E513A8FEF72FFB012112
:10B4100013A8FEF72BFB2378013323709DF8381017
:10B4200013A8FEF723FBD7E529460EAA30461DF0E8
:10B43000E4F8162150B113A8FEF718FB002113A859
:10B44000FEF714FB237801332370C5E513A8FEF73C
:10B450000DFB012113A8FEF709FB237801332370AC
:10B460009DF8381013A8FEF701FBB5E529460EAA92
:10B4700030461DF083F8172150B113A8FEF7F6FAF5
:10B48000002113A8FEF7F2FA237801332370A3E515
:10B4900013A8FEF7EBFA012113A8FEF7E7FA2378C9
:10B4A000013323709DF8381013A8FEF7DFFA93E5F7
:10B4B0001A2113A8FEF7DAFA012113A8FEF7D6FA2B
:10B4C000237801332370012113A8FEF7CFFA83E517
:10B4D00029460EAA30461CF0D4FE1B2150B113A8F9
:10B4E000FEF7C4FA002113A8FEF7C0FA237801334F
:10B4F000237071E513A8FEF7B9FA012113A8FEF72E
:10B50000B5FA2378013323709DF8381013A8FEF79D
:10B51000ADFA61E529460EAA30461DF01AF81F2142
:10B5200050B113A8FEF7A2FA002113A8FEF79EFA65
:10B530002378013323704FE513A8FEF797FA012112
:10B5400013A8FEF793FA2378013323709DF838107F
:10B5500013A8FEF78BFA3FE529460EAA30461CF0E9
:10B56000F6FE252150B113A8FEF780FA002113A89A
:10B57000FEF77CFA2378013323702DE513A8FEF73C
:10B5800075FA012113A8FEF771FA237801332370AD
:10B590009DF8381013A8FEF769FA1DE529460EAA92
:10B5A00030461CF0E9FE262150B113A8FEF75EFAE2
:10B5B000002113A8FEF75AFA2378013323700BE514
:10B5C00013A8FEF753FA012113A8FEF74FFA2378C8
:10B5D000013323709DF8381013A8FEF747FAFBE4F7
:10B5E00029460EAA30461CF088FE2A2150B113A825
:10B5F000FEF73CFA002113A8FEF738FA237801334E
:10B600002370E9E413A8FEF731FA022113A8FEF72C
:10B610002DFA237801332370BDF8381013A8FEF7F4
:10B620004EFAD9E429460EAA30461CF0E8FD2B213B
:10B63000B0B913A8FEF71AFA082113A8FEF716FAF4
:10B64000237801332370DDE90E014FF47A72002371
:10B650001FF0E6FD02460B4613A8FEF73AFABBE4DC
:10B6600013A8FEF703FA002113A8FEF7FFF92378C9
:10B6700001332370B0E429460EAA30461CF052FE76
:10B680002C2150B113A8FEF7F1F9002113A8FEF701
:10B69000EDF92378013323709EE413A8FEF7E6F951
:10B6A000012113A8FEF7E2F92378013323709DF8F6
:10B6B000381013A8FEF7DAF98EE429460EAA3046B0
:10B6C0001CF0F3FD2D2150B113A8FEF7CFF9002196
:10B6D00013A8FEF7CBF92378013323707CE413A879
:10B6E000FEF7C4F9012113A8FEF7C0F9237801334E
:10B6F00023709DF8381013A8FEF7B8F96CE42946BA
:10B700000EAA30461CF08EFF312150B113A8FEF76F
:10B71000ADF9002113A8FEF7A9F9237801332370AE
:10B720005AE413A8FEF7A2F9012113A8FEF79EF927
:10B730002378013323709DF8381013A8FEF796F98B
:10B740004AE429460EAA30461CF0C3FD322150B10E
:10B7500013A8FEF78BF9002113A8FEF787F92378C9
:10B760000133237038E413A8FEF780F9022113A8EF
:10B77000FEF77CF9237801332370BDF8381013A845
:10B78000FEF79DF928E429460EAA30461CF09DFFDD
:10B79000232150B113A8FEF769F9002113A8FEF781
:10B7A00065F923780133237016E413A8FEF75EF9D8
:10B7B000012113A8FEF75AF92378013323709DF86D
:10B7C000381013A8FEF752F906E429460EAA3046AF
:10B7D0001CF090FF242158B113A8FEF747F900216F
:10B7E00013A8FEF743F9237801332370FFF7F4BB66
:10B7F00013A8FEF73BF9012113A8FEF737F92378C8
:10B80000013323709DF8381013A8FEF72FF9FFF7C6
:10B81000E3BB29460EAA30461CF042FF302158B146
:10B8200013A8FEF723F9002113A8FEF71FF92378C8
:10B8300001332370FFF7D0BB13A8FEF717F90421DB
:10B8400013A8FEF713F92378013323700E9913A878
:10B85000FEF702F9FFF7C0BB29460EAA30461CF0DE
:10B86000B1FF352158B113A8FEF700F9002113A844
:10B87000FEF7FCF8237801332370FFF7ADBB13A864
:10B88000FEF7F4F8012113A8FEF7F0F8237801334E
:10B8900023709DF8381013A8FEF7E8F8FFF79CBB5B
:10B8A00029460EAA30461CF064FFE82158B113A8BF
:10B8B000FEF7DCF8002113A8FEF7D8F8237801334F
:10B8C0002370FFF789BB13A8FEF7D0F8012113A856
:10B8D000FEF7CCF82378013323709DF8381013A8B5
:10B8E000FEF7C4F8FFF778BB29460EAA30461CF0D5
:10B8F00054FFE92158B113A8FEF7B8F8002113A8A6
:10B90000FEF7B4F8237801332370FFF765BB13A863
:10B91000FEF7ACF8012113A8FEF7A8F8237801334D
:10B9200023709DF8381013A8FEF7A0F8FFF754BB5A
:10B9300029460EAA30461CF084FF0E2158B113A8E8
:10B94000FEF794F8002113A8FEF790F8237801334E
:10B950002370FFF741BB13A8FEF788F8012113A855
:10B96000FEF784F82378013323709DF8381013A86C
:10B97000FEF77CF8FFF730BB29460EAA30461CF0D4
:10B980004FFD3A2158B113A8FEF770F8002113A813
:10B99000FEF76CF8237801332370FFF71DBB13A863
:10B9A000FEF764F8012113A8FEF760F8237801334D
:10B9B00023709DF8381013A8FEF758F8FFF70CBB5A
:10B9C00029460EAA30461CF03FFD3B2158B113A872
:10B9D000FEF74CF8002113A8FEF748F8237801334E
:10B9E0002370FFF7F9BA13A8FEF740F8022113A855
:10B9F000FEF73CF8237801332370BDF8381013A804
:10BA0000FEF75DF8FFF7E8BA29460EAA30461CF0AB
:10BA100037FD3C2158B113A8FEF728F8002113A8E0
:10BA2000FEF724F8237801332370FFF7D5BA13A863
:10BA3000FEF71CF8012113A8FEF718F8237801334C
:10BA400023709DF8381013A8FEF710F8FFF7C4BA5A
:10BA500029460EAA30461CF077FE132158B113A8D0
:10BA6000FEF704F8002113A8FEF700F8237801334D
:10BA70002370FFF7B1BA13A8FDF7F8FF012113A84F
:10BA8000FDF7F4FF2378013323709DF8381013A8D5
:10BA9000FDF7ECFFFFF7A0BA29460EAA30461CF0CE
:10BAA00080FC0C2158B113A8FDF7E0FF002113A87A
:10BAB000FDF7DCFF237801332370FFF78DBA13A85D
:10BAC000FDF7D4FF012113A8FDF7D0FF2378013340
:10BAD00023709DF8381013A8FDF7C8FFFFF77CBA54
:10BAE00029460EAA30461CF01AFE2E2158B113A882
:10BAF000FDF7BCFF002113A8FDF7B8FF2378013341
:10BB00002370FFF769BA13A8FDF7B0FF012113A84E
:10BB1000FDF7ACFF2378013323709DF8381013A88C
:10BB2000FDF7A4FFFFF758BA29460EAA30461CF0CD
:10BB30009CFE0F2158B113A8FDF798FF002113A810
:10BB4000FDF794FF237801332370FFF745BA13A85C
:10BB5000FDF78CFF022113A8FDF788FF237801333E
:10BB60002370BDF8381013A8FDF7A9FFFFF734BA0A
:10BB700029460EAA30461CF08CFE102158B113A89D
:10BB8000FDF774FF002113A8FDF770FF2378013340
:10BB90002370FFF721BA13A8FDF768FF022113A84D
:10BBA000FDF764FF237801332370BDF8381013A824
:10BBB000FDF785FFFFF710BA29460EAA30461CF0A4
:10BBC000E9FE182158B113A8FDF750FF002113A872
:10BBD000FDF74CFF237801332370FFF7FDB913A85D
:10BBE000FDF744FF012113A8FDF740FF237801333F
:10BBF00023709DF8381013A8FDF738FFFFF7ECB954
:10BC00001D2113A8FDF732FF082113A8FDF72EFF11
:10BC10002378013323700EAA294630461CF04DFECE
:10BC20000E98FDF751FE014613A8FDF748FF0EAA36
:10BC3000294630461CF05CFE0E98FDF745FE014695
:10BC400013A8FDF73CFF09AA294630461CF06BFEFD
:10BC5000BDF92400FDF738FE014613A8FDF72FFFBC
:10BC6000294609AA30461CF079FEBDF92400FDF7EB
:10BC70002BFE014613A8FDF722FFFFF7ADB909AA75
:10BC8000294630461CF0B3FD804660B1202113A840
:10BC9000FDF7ECFE002113A8FDF7E8FE2378013341
:10BCA0002370FFF799B929460EAA30461CF0B4FD5F
:10BCB000202158B113A8FDF7D9FE414613A8FDF77E
:10BCC000D5FE237801332370FFF786B913A8FDF75B
:10BCD000CDFE022113A8FDF7C9FE2378013323709E
:10BCE0009DF8241013A8FDF7C1FE9DF8381013A885
:10BCF000FDF7BCFEFFF770B929460EAA30461DF0CD
:10BD000056F8272158B113A8FDF7B0FE002113A85B
:10BD1000FDF7ACFE237801332370FFF75DB913A85C
:10BD2000FDF7A4FE022113A8FDF7A0FE237801333E
:10BD300023709DF8391013A8FDF798FE9DF8381070
:10BD400013A8FDF793FEFFF747B929460EAA304620
:10BD50001DF045F80DF14C0A804628215046B8F1F7
:10BD6000000F0AD0FDF782FE00215046FDF77EFE4F
:10BD7000237801332370FFF72FB9FDF777FE0621F3
:10BD80005046FDF773FE2378013323700DF1380B15
:10BD90001BF8011B504608F10108FDF767FEB8F1DA
:10BDA000060FF5D1FFF718B96F9B052113A87BB1DA
:10BDB000FDF75CFE012113A8FDF758FE237801333F
:10BDC00023709DF8BC1113A8FDF750FEFFF704B9CE
:10BDD000FDF74CFE012113A8FDF748FE237801333F
:10BDE0002370012113A8FDF741FEFFF7F5B8DDF838
:10BDF000BCB10DF14C08BBF1000F22D00721404629
:10BE0000FDF734FE6F99490001F0FE014046FDF751
:10BE10002DFE23780DF17C0A013323704FF0000BC7
:10BE20005346D3F840215A450AF1280A7FF7D4A88F
:10BE30003AF8241C4046FDF742FE0BF1010B1FAB04
:10BE4000EFE70DF1240A0EAB524629463046CAF8F8
:10BE500000B01DF0BFF960B107214046FDF706FEB6
:10BE600059464046FDF702FE237801332370FFF761
:10BE7000B3B8059007214046FDF7F8FDDAF8001049
:10BE8000490001F0FE014046FDF7F0FD2178059ADA
:10BE9000013121709346DAF800205A450EAB7FF647
:10BEA0009BA833F81B104046FDF709FE0BF1010B70
:10BEB000F1E729460EAA30461CF0D5FD3D2158B1C8
:10BEC00013A8FDF7D3FD002113A8FDF7CFFD2378BC
:10BED00001332370FFF780B813A8FDF7C7FD0121D8
:10BEE00013A8FDF7C3FD2378013323709DF83810A4
:10BEF00013A8FDF7BBFDFFF76FB829460EAA304621
:10BF00001CF079FA2F2158B113A8FDF7AFFD0021DD
:10BF100013A8FDF7ABFD237801332370FFF75CB85E
:10BF200013A8FDF7A3FD012113A8FDF79FFD2378BA
:10BF3000013323709DF8381013A8FDF797FDFFF724
:10BF40004BB829460EAA30461CF039FD192158B1CC
:10BF500013A8FDF78BFD002113A8FDF787FD2378BB
:10BF600001332370FFF738B813A8FDF77FFD0121D7
:10BF700013A8FDF77BFD2378013323709DF838105B
:10BF800013A8FDF773FDFFF727B829460EAA304620
:10BF90001CF0A8FD3F2158B113A8FDF767FD002153
:10BFA00013A8FDF763FD237801332370FFF714B85E
:10BFB00013A8FDF75BFD012113A8FDF757FD2378BA
:10BFC000013323709DF8381013A8FDF74FFDFFF7DC
:10BFD00003B829460EAA30461CF099FD402158B1FD
:10BFE00013A8FDF743FD002113A8FDF73FFD2378BB
:10BFF00001332370FEF7F0BF13A8FDF737FD0121D1
:10C0000013A8FDF733FD2378013323709DF8381012
:10C0100013A8FDF72BFDFEF7DFBF29460EAA304619
:10C020001CF0B4FD422158B113A8FDF71FFD0021FB
:10C0300013A8FDF71BFD237801332370FEF7CCBF57
:10C0400013A8FDF713FD012113A8FDF70FFD2378B9
:10C05000013323709DF8381013A8FDF707FDFEF794
:10C06000BBBF29460EAA30461CF0D3FC442158B170
:10C0700013A8FDF7FBFC002113A8FDF7F7FC2378BC
:10C0800001332370FEF7A8BF13A8FDF7EFFC0121D1
:10C0900013A8FDF7EBFC2378013323709DF83810CB
:10C0A00013A8FDF7E3FCFEF797BF29460EAA30461A
:10C0B0001CF09AFC472158B113A8FDF7D7FC0021CA
:10C0C00013A8FDF7D3FC237801332370FEF784BF58
:10C0D00013A8FDF7CBFC012113A8FDF7C7FC2378BB
:10C0E000013323709DF8381013A8FDF7BFFCFEF74D
:10C0F00073BF29460EAA30461CF089FE482158B16C
:10C1000013A8FDF7B3FC002113A8FDF7AFFC2378BB
:10C1100001332370FEF760BF13A8FDF7A7FC0921C8
:10C1200013A8FDF7A3FC23780133237009220EA97D
:10C1300013A8FBF75FF8FEF74FBF29460EAA30465B
:10C140001CF07CFC492158B113A8FDF78FFC00219D
:10C1500013A8FDF78BFC237801332370FEF73CBF57
:10C1600013A8FDF783FC012113A8FDF77FFC2378BA
:10C17000013323709DF8381013A8FDF777FCFEF704
:10C180002BBF29460EAA30461CF015FD432158B19D
:10C1900013A8FDF76BFC002113A8FDF767FC2378BB
:10C1A00001332370FEF718BF13A8FDF75FFC0121D0
:10C1B00013A8FDF75BFC2378013323709DF838103A
:10C1C00013A8FDF753FCFEF707BF09AA294630461E
:10C1D0001CF073FC804660B13E2113A8FDF746FCBD
:10C1E000002113A8FDF742FC237801332370FEF7EA
:10C1F000F3BE29460EAA30461CF04AFC3E2158B137
:10C2000013A8FDF733FC414613A8FDF72FFC237854
:10C2100001332370FEF7E0BE13A8FDF727FC0121D0
:10C2200013A8FDF723FC2378013323709DF82430F5
:10C230009DF8381041EA4301C9B213A8FDF716FC76
:10C24000FEF7CABE0DF11F02294630461CF074FCF1
:10C2500060B1412113A8FDF709FC002113A8FDF7E7
:10C2600005FC237801332370FEF7B6BE9DF81F80CE
:10C27000B8F1000F2DD009AA294630461CF071FCF8
:10C280009DF82430002B0CBF0C220A220EAB29464D
:10C29000304605921CF074FD412113A8FDF7E6FB22
:10C2A000059A13A8511CFDF7E1FB23780133237095
:10C2B0009DF824309DF81F1041EA4301C9B213A82C
:10C2C000FDF7D4FB059A0EA913A8FAF793FFFEF722
:10C2D00083BE412113A8FDF7C9FB012113A8FDF777
:10C2E000C5FB237801332370414613A8FDF7BEFB3D
:10C2F000FEF772BE29460EAA30461CF071FC4C2196
:10C3000060B10DEB0100FDF7B1FB002113A8FDF7B3
:10C31000ADFB237801332370FEF75EBE0DEB010009
:10C32000FDF7A4FB012113A8FDF7A0FB237801333F
:10C3300023709DF8381013A8FDF798FBFEF74CBE4C
:10C3400029460EAA30461CF060FCEB2158B113A818
:10C35000FDF78CFB002113A8FDF788FB2378013340
:10C360002370FEF739BE13A8FDF780FB012113A847
:10C37000FDF77CFB2378013323709DF8381013A858
:10C38000FDF774FBFEF728BE29460EAA30461CF0C6
:10C3900050FC332158B113A8FDF768FB002113A806
:10C3A000FDF764FB237801332370FEF715BE13A855
:10C3B000FDF75CFB042113A8FDF758FB237801333C
:10C3C00023700E9913A8FDF747FBFEF705BE29461B
:10C3D0000EAA30461CF041FC342158B113A8FDF7D9
:10C3E00045FB002113A8FDF741FB2378013323709F
:10C3F000FEF7F2BD13A8FDF739FB042113A8FDF7E2
:10C4000035FB2378013323700E9913A8FDF724FB25
:10C41000FEF7E2BD29460EAA30461CF078FC372113
:10C4200058B113A8FDF722FB002113A8FDF71EFB4E
:10C43000237801332370FEF7CFBD13A8FDF716FB59
:10C44000032113A8FDF712FB2378013323709DF815
:10C45000381013A8FDF70AFB0EAA294630461CF037
:10C460006BFC9DF8381013A8FDF700FB29460EAAB7
:10C4700030461CF076FC9DF8381013A8FDF7F6FA4C
:10C48000FEF7AABD09AA294630461CF010FC60B18F
:10C49000382113A8FDF7EAFA002113A8FDF7E6FA00
:10C4A000237801332370FEF797BD9DF82480B8F1FF
:10C4B000000F04D0012303FA08F85FFA88F8382146
:10C4C00013A8FDF7D3FA08F10101C9B213A8FDF7CB
:10C4D000CDFA2378013323709DF8241013A8FDF7BB
:10C4E000C5FAB8F1000F3EF477AD0EAA29463046E2
:10C4F0001CF0F1FB42460EA913A8FAF77BFEFEF7EB
:10C500006BBD29460EAA30461CF0BCFB392158B140
:10C5100013A8FDF7ABFA002113A8FDF7A7FA2378BB
:10C5200001332370FEF758BD13A8FDF79FFA0121D0
:10C5300013A8FDF79BFA2378013323709DF8381078
:10C5400013A8FDF793FAFEF747BD29460EAA304619
:10C550001BF0ABFF4D2158B113A8FDF787FA00215E
:10C5600013A8FDF783FA237801332370FEF734BD57
:10C5700013A8FDF77BFA012113A8FDF777FA2378BA
:10C58000013323709DF8381013A8FDF76FFAFEF7FA
:10C5900023BD149A3846FAF79FFB1A99FEF750BC50
:10C5A000414619A8FDF762FA494619A8FDF75EFA57
:10C5B00099F80030FFDE00BF2DE9F04F4FF0000981
:10C5C000BFB0CDE91633CDE91E095B890B91044656
:10C5D00040F2031B16A817461993CDE92099489DF0
:10C5E000ADF86090CDF88890ADF88CB08DF88E9055
:10C5F000FDF740FB064616A8FDF75EFB804670B9C6
:10C60000CDE92A40CDE92C002E90ADF8BCB08DF8D4
:10C61000BE0001462AA8FDF729FA414615E015AAF1
:10C62000314628461BF05AFC8246C0B102212AA896
:10C63000CDE92A49CDE92C99CDF8B890ADF8BCB038
:10C640008DF8BE90FDF712FA49462AA8FDF70EFABA
:10C650000B9B2B9AC3F30B0141F480413BE0159BEC
:10C66000012B0ED1CDE92A40CDE92C002E908DF87A
:10C67000BE0011212AA8ADF8BCB0FDF7F7F951466C
:10C68000E3E7012381460F90099010900C900A90E7
:10C690000E900D9314AA0DF14F0116A8FAF7ADFEF6
:10C6A000824690B30B9B0428C3F30B0617D10221DB
:10C6B0001EA8FDF7DBF901211EA8FDF7D7F99DF8AB
:10C6C0004F101EA8FDF7D2F951461EA8FDF7CEF96E
:10C6D0001F9A46F480412046FAF7FEFA1DE2002533
:10C6E00040F2031303212AA8ADF8BC30CDE92B5545
:10C6F000CDE92D552A948DF8BE50FDF7B7F929469E
:10C700002AA8FDF7B3F92B9AE3E7DDF854B0BBF1A3
:10C71000020F07D19DF84F0001F064FB10B91323FD
:10C7200000935AE19DF84F30EB2B00F2B984DFE81B
:10C7300013F0EC00FA0007010C010E0110013E019C
:10C7400057016F017D010F0289018B018D01980155
:10C750009A01A101A801AA01AC01AE01B001B20188
:10C76000B401B601B8010F02BA01B704CF010F023C
:10C7700015021702B70430023202340236023802C0
:10C780003A028502A802AA02B102CB02CD02DB0264
:10C79000DD02DF02E602E80251045704EF02B704AB
:10C7A0005F048104B504F102F302040306030803E5
:10C7B0002503270329035C035E03600362037C03F4
:10C7C00090039203AB03B704B704A703A903B7040C
:10C7D000B704B704B704B704B704B704B704B70481
:10C7E000B704B704B704B704B704B704B704B70471
:10C7F000B704B704B704B704B704B704B704B70461
:10C80000B704B704B704B704B704B704B704B70450
:10C81000B704B704B704B704B704B704B704B70440
:10C82000B704B704B704B704B704B704B704B70430
:10C83000B704B704B704B704B704B704B704B70420
:10C84000B704B704B704B704B704B704B704B70410
:10C85000B704B704B704B704B704B704B704B70400
:10C86000B704B704B704B704B704B704B704B704F0
:10C87000B704B704B704B704B704B704B704B704E0
:10C88000B704B704B704B704B704B704B704B704D0
:10C89000B704B704B704B704B704B704B704B704C0
:10C8A000B704B704B704B704B704B704B704B704B0
:10C8B000B704B704B704B704B704B704B704B704A0
:10C8C000B704B704B704B704B704B704B704B70490
:10C8D000B704B704B704B704B704B704B704B70480
:10C8E000B704B704B704B704B704B704B704B70470
:10C8F000B704B704B704B704AD03B403BB03C20362
:10C90000EB0309040B041E044F04B04B00933246A2
:10C910009DF8503016A92846FEF7A9F9002800F026
:10C92000F182009059E016A8FDF7C6F9314602469B
:10C9300028461BF010FC002800F0E4820523EFE6F7
:10C94000A34B00939DF850301DE1A24BF9E7A24B99
:10C95000DCE716A8FDF7B0F908280D90EED809F12C
:10C960000109C8453FF796AE0C9B002B40F09C8315
:10C97000109B002B40F09C83099B002B40F0988378
:10C980000F9B002B00F0A783099B2A94CDE92B3342
:10C99000CDE92D3340F20313ADF8BC300221099BE1
:10C9A0008DF8BE302AA8FDF761F809994DE69DF88B
:10C9B00050A0BAF1020F40F0BD8116A8FDF764F94E
:10C9C0003146024628461BF0F0FB0028C7D017303E
:10C9D00008BF4FF0050ACDF800A09DF84F3006E0E3
:10C9E0009DF85030102B04D9052300930723022211
:10C9F0008FE05B080E930DF1680B0E9B5345AEDD87
:10CA000016A8FDF741F92BF81A000AF1010AF4E71C
:10CA10009DF85030022B40F0E982704B324616A947
:10CA20002846FEF712F9002899D07AE79DF8503091
:10CA3000042B40F0DB826A4B324616A92846FEF7EB
:10CA4000F2F8F0E7674B7CE7674B7AE716A8FDF74B
:10CA500033F9F028F8764FF0010300D10F930A93D1
:10CA60007DE7624B6DE79DF85030022B40F0BE82AF
:10CA70005F4BD3E79DF85030022B40F0B7825D4BFF
:10CA8000CCE75D4B5DE75D4B5BE75D4B59E75D4B8D
:10CA900057E75D4B55E75D4B53E75D4B51E75D4B0A
:10CAA0004FE75D4B4DE79DF85030012B40F0AB81D7
:10CAB00016A8FDF701F93146024628461BF0D1FBC6
:10CAC00000283FF44CAF173014BF0223052327E69C
:10CAD00016A8FDF7E7F8824600B2FCF705FF02460C
:10CAE0004FEA2A40FCF700FF119008B2FCF7FCFE69
:10CAF0000FFA80FB0814FCF7F7FE31460FFA80FAB4
:10CB000028461BF0CAFE119B58B105229DF84F30F4
:10CB100000921EA92046FCF7B4FF00203FB0BDE8FC
:10CB2000F08F1A46314628461BF0D2FE0028ECD181
:10CB30005A46314628461BF0E6FE0028E5D152460B
:10CB4000314628461BF0FAFE00283FF408AFDCE728
:10CB50009DF8501016A8FAF7DBFB00E72F4BF0E624
:10CB60009DF850302E4A009201335B08324616A9D8
:10CB70002846FEF77CF800287FF4D3AE9DF85030AD
:10CB8000284A00925B08324616A92846FEF76FF83D
:10CB900049E7254BD5E6254BD3E6254BD1E6254B7A
:10CBA000CFE6254BCDE616A8FDF786F88DF8A9004F
:10CBB00016A8FDF781F82AAA8DF8A8003146284664
:10CBC0001CF0E8F800283FF4CAAEB7E60581030080
:10CBD0005786030081810300B3840300138203009E
:10CBE0003B8203002D86030081830300218803001C
:10CBF0004B880300738803002D8103000785030021
:10CC000027870300DD84030085850300D9850300A1
:10CC10005B850300738903009D8903003185030050
:10CC2000CD870300F7870300AB830300A9860300C9
:10CC3000D38603002D8303005783030006222AA90D
:10CC400016A8FAF744FBDDF8A8A0BDF8ACE02AAAC4
:10CC50000023C3F1200CA3F120002AFA03F10EFAFD
:10CC60000CFC41EA0C012EFA00F008330143302B92
:10CC700002F8011BEDD12AAA314628461CF0A2F881
:10CC8000A0E7BD4B5DE69DF85030022B40F0AE8131
:10CC9000BA4BC3E69DF85030082B40F0B48016A87C
:10CCA000FDF700F84FF47A7CA0FB0C230CFB01335A
:10CCB000284631461BF094FA00283FF450AE183055
:10CCC00014BF01231A232BE5AD4B3AE69DF85030F3
:10CCD000012B40F0988016A8FCF7EEFF3146024683
:10CCE00028461BF0D2FAEBE6A64B2AE6A64B28E62E
:10CCF0009DF85030042B40F07981A44B9CE6A44B66
:10CD00001FE69DF85030022B40F07081A14B85E664
:10CD1000A14B16E6A14B14E69DF850A0BAF1020F04
:10CD200008D116A8FCF7B0FF3146024628461BF092
:10CD30007BFB4AE64FF0030A4DE6994B01E6994B1F
:10CD4000FFE59DF85030012B5DD116A8FCF7B4FF2C
:10CD500031468246C0F3410228461BF09DFE18B1C1
:10CD6000173040F00181E9E50AF00102314628461A
:10CD70001BF07DFE00283FF4F2ADF1E78A4BE0E5C1
:10CD80008A4BDEE59DF850A0BAF1000F3BD016A803
:10CD9000FCF792FF314600F00102834628461192CB
:10CDA0001BF0B9FE119A0028DAD1002A3FF4D7AD62
:10CDB000CBF3400B5A46314628461BF0C1FE0028F3
:10CDC000CED1BBF1000F0CBF0C220A22531C9A4596
:10CDD00019D12AA916A81192FAF779FA119A2AAB51
:10CDE000314628461BF0C1FFC4E7714BA9E5714BE2
:10CDF000A7E5714BA5E59DF850A0BAF1200F04D02E
:10CE0000BAF1100F01D003238AE452462AA916A8CA
:10CE1000FAF75DFA53462AAA314628461BF05CF918
:10CE200000283FF49CAD01237AE49DF850A0BAF1AC
:10CE3000200F02D0BAF1100FE5D152462AA916A848
:10CE4000FAF745FA53462AAA314628461BF04FF90D
:10CE5000E6E75A4B75E59DF85020092AD3D12AA957
:10CE600016A8FAF734FA2AAA314628461BF0C2FF60
:10CE700000283FF474AD17300CBF052302234FE4A4
:10CE80004F4B5EE54F4B5CE54F4B5AE516A8FCF760
:10CE900013FF012338760C9361E516A8FCF70CFF0D
:10CEA0000123B87610935AE516A8FCF705FF012375
:10CEB0007876099353E516A8FCF7FEFE2B6A40B27C
:10CEC0009870D8701871187458749874D87518764A
:10CED000587658729872D8729877D87783F820006D
:10CEE00083F82C0083F82D0083F82E0083F833009C
:10CEF00083F8340083F8350083F8250083F8260092
:10CF000083F827000123AAE516A8FCF7D5FE2B6AB3
:10CF100040B258719871D87418759876D87618738D
:10CF2000587383F8210083F8220083F82F0083F8D8
:10CF3000300083F8360083F8370083F8280083F840
:10CF40002900DFE7214BFCE49DF85030012B7FF4F2
:10CF50005AAF16A8FCF7B0FE3146024628461BF031
:10CF60000CFC00283FF4FBAC0223FFF7D9BB0123E4
:10CF70000093EA233BE500BFAF850300DB8203009B
:10CF800003830300FD860300D5830300818603002D
:10CF900003860300B3820300A3870300FF8303001B
:10CFA0005F840300458A0300C38A0300ED8A0300FF
:10CFB0006B8B0300958B0300F1890300C789030085
:10CFC000BF8B0300898403001B8A03005187030081
:10CFD000AE4BB6E49DF85030042B07D1AC4B2BE59B
:10CFE0009DF85030042B01D1AA4B25E5032098E48D
:10CFF0009DF85030032B7FF406AF16A8FCF75CFEBB
:10D000003146024628461BF071FE0028ACD116A816
:10D01000FCF752FE3146024628461BF07CFE0028F3
:10D02000A2D116A8FCF748FE3146024628461BF05E
:10D0300087FE9FE69DF85030013BDBB2082B3FF6A0
:10D04000E2AE40F2151222FA03F3DB077FF5DBAE06
:10D0500016A8FCF731FE31468246024628461BF0F0
:10D0600015FE00287FF47CAEBAF1000F3FF477ACD8
:10D07000012303FA0AF010F0FF023FF470AC002025
:10D080000021CDE92A012AA916A8FAF720F9DDE93D
:10D090002A23314628461BF00EFE6BE67E4B50E4F9
:10D0A00004220092012234E5109B0BB1099B93B935
:10D0B000002540F2031302212AA8CDE92B55CDE922
:10D0C0002D552A94ADF8BC308DF8BE50FCF7CEFC3F
:10D0D0002946FFF7BABAFB7EF02B19D10C9BBBB1E6
:10D0E000BB6913F0FF1F13D197F81980B8F1000F37
:10D0F0000ED140F20313CDE92A48CDE92C88CDF8B2
:10D10000B880ADF8BC308DF8BE800221FFF782BA3E
:10D110000E9B8BB1DDE90D32934202D005230093C3
:10D1200065E40D9A1AAB314628461CF047F818B151
:10D130000523009306235AE40B9BC3F30B090A9BB8
:10D140001BB90C9B002B00F088800DF15102314679
:10D1500028461AF0E7FF0DF1520283463146284671
:10D160001BF00AF84BEA00000FFA80FB0DF15302A6
:10D17000314628461BF0AEF94BEA00000FFA80F862
:10D1800049F4804AB8F1000F17D0002540F203138C
:10D1900002212AA8ADF8BC30CDE92B55CDE92D559B
:10D1A0002A948DF8BE50FCF761FC29462AA8FCF7AA
:10D1B0005DFC2B9A5146FFF78EBA296A91F83830F8
:10D1C000012B94BF00220122003B18BF01230593CD
:10D1D0009DF8523004939DF851300692B3FA83F3D0
:10D1E0005B090393BB7E02937B7E01933B7E00939E
:10D1F000FB7E9DF853202AA800F00EFE0746A8B13A
:10D2000040F20313022124A8CDE92448CDE9268861
:10D21000CDF8A080ADF8A4308DF8A680FCF726FCF0
:10D22000414624A8FCF722FC259AC3E72AAA3146E6
:10D2300028461BF0F7FD80B140F20313022124A819
:10D24000CDE92447CDE926772897ADF8A4308DF8AD
:10D25000A670FCF70BFC3946E3E7002540F2031308
:10D2600029462AA8ADF8BC30CDE92B55CDE92D557E
:10D270002A948DF8BE50FCF7F9FB29462AA8FCF742
:10D28000F5FB2B9A49F48041FFF725BAE98B03009F
:10D29000138C03003B8C0300638C03002DE9F047E3
:10D2A0008B6986B081460F46002B00F03F8140F22B
:10D2B0000313096800900026ADF81430684608236F
:10D2C0008DF81630CDE90166CDE90366FCF7C4FBA5
:10D2D00079686846FCF7C0FBBB6968461978FCF7BB
:10D2E000C5FBBB695C68BB69DDF80C801B68B34299
:10D2F00040F21281B8F1000F04D001994846F9F7C5
:10D300004BFC13E1002CF8D0617F6846FCF7AEFBC4
:10D31000A17F6846FCF7AAFBE17F6846FCF7A6FB05
:10D32000237E002B4FD06268003A18BF0122617E35
:10D33000D2B219B1A168003918BF0121CBB2A17EC8
:10D3400019B1E168003918BF0121E07E257F28442A
:10D350000130024413441944C9B26846FCF786FB05
:10D3600003216846FCF782FB02216846FCF7A7FB15
:10D37000E18A6846FCF7A3FB237F5BB10521684681
:10D38000FCF774FB02216846FCF799FBA18A68460A
:10D39000FCF795FBE37E5BB104216846FCF766FB76
:10D3A00004216846FCF78BFB21696846FCF754FBB7
:10D3B000237E53B9637E002B44D1A37E002B6DD115
:10D3C000246801368FE74246B1E76368002BF1D04D
:10D3D00006216846FCF74AFB217E684601EB0111F5
:10D3E000FCF76DFB65684FF0000A237E9A45E1DA91
:10D3F000002DDFD0297D6846FCF738FBA9886846F8
:10D40000FCF75DFBE9886846FCF759FB298968460B
:10D41000FCF755FB69896846FCF751FBA98968460A
:10D42000FCF74DFBE9896846FCF749FB298A684609
:10D43000FCF745FB698A6846FCF741FB0AF1010AE3
:10D440002D68D2E7A368002BB7D001216846FCF70E
:10D450000DFB617E6846C900FCF731FBA5684FF003
:10D46000000A637E9A45A8DA002DA6D0A9886846EE
:10D47000FCF725FBE9886846FCF721FB298968460B
:10D48000FCF71DFBA97A6846FCF7F0FAE97A6846D2
:10D49000FCF7ECFA0AF1010A2D68E2E7E368002BD9
:10D4A0008ED007216846FCF7E1FA0020E368A57EEC
:10D4B0000146A84222DB6846FCF701FBE568A37E33
:10D4C0009845BFF67DAF29796846FCF7CFFAA97970
:10D4D0006846FCF7CBFA297A6846FCF7C7FAA97ABE
:10D4E0006846FCF7C3FAAB7A2A89E9685A4368466A
:10D4F000F9F780FE08F101082D68E0E7002B3FF402
:10D500005FAF9A7AB3F808C01B6812FB0CF20432C2
:10D51000114489B20130CCE7019AB8F1000F7FF4D1
:10D52000ECAE46F603314846F9F7D6FB06B0BDE847
:10D53000F087CB684A6813B11146F9F72DBB4FF459
:10D54000C441F9F7C9BB2DE9F04F0C468DB0154623
:10D55000002A00F0BD82002900F0BA8201380828B4
:10D5600000F2B682DFE810F00900EF00B4026701B4
:10D57000480267028802BE02C5020968D2F824A0E8
:10D580000968286B05AB3432FAF763FA002840F0DB
:10D590004E8140F20313CDE906A0CDE90800ADF8B5
:10D5A0002C3061680A9008238DF82E300346C2B2F1
:10D5B0008A4222DB002B00F03A81059A0093216811
:10D5C0000123143206A8FDF7E5FA4FF0000B63685B
:10D5D0005FFA8BF79F4217DB099B002B40F02781F6
:10D5E00006A95046FFF7A5FF21685046FFF756FEF3
:10D5F00021685046FCF781FA19E104EB4212127BD4
:10D6000002B901330130D2E704EB47117B01087BFB
:10D61000002840F085800E698D7A6FF000429642B6
:10D6200040F08180002D00F08B80A5F120010B29B6
:10D630004FF6FF7688BF202504EB030906A8B9F84A
:10D640000810039303F10808FCF739FA294606A8E5
:10D65000FCF70CFAA04499F80D1006A8FCF706FA9E
:10D66000B1B206A8FCF72BFAB8F91400FCF72CF9B4
:10D67000014606A8FCF723FA98F8131006A8FCF751
:10D68000F5F9B8F91A00FCF71FF9014606A8FCF7EE
:10D6900016FA98F8191006A8FCF7E8F9B9F9140079
:10D6A000FCF712F9014606A8FCF709FA99F81810D8
:10D6B00006A8FCF7DBF9B9F81610B42311FB03F147
:10D6C0000029B8BF01F2FF11039B0393C1F34F215F
:10D6D00006A8FCF7F4F9039BE51806A8697E04EB9D
:10D6E0004717FCF7C3F9E97A06A8FCF7BFF997F8E2
:10D6F000261006A8FCF7BAF9002106A8FCF7B6F92F
:10D70000002106A8FCF7B2F9002106A8FCF7AEF943
:10D71000002106A8FCF7A0F9002106A8FCF79CF957
:10D720000BF1010B53E725B9002E85DA76421B2554
:10D7300082E7A5F12001C9B20C2928BF20257BE78B
:10D740004FF6FF7678E70968D2F82480286B0968DD
:10D7500005AB3432FAF77DF90546002867D16368D6
:10D76000002B1DDD40F20312ADF82C2008228DF8AD
:10D770002E20059A0A90CDE90680CDE90800009395
:10D7800021680323143206A8FDF704FA4FF0140AA7
:10D790006368EEB29E420ADB06A94046FFF7C9FE67
:10D7A00021684046FFF77AFD2168404622E70AFBE0
:10D7B00006F909F10807A14406A8B9F80810FCF712
:10D7C0007EF999F80A10274421B1A1F120030B2B0F
:10D7D00088BF20210AFB064606A8FCF747F9F17A24
:10D7E00006A8FCF743F9317B06A8FCF73FF9F1895D
:10D7F00006A8FCF764F9B7F90A00FCF765F80146DA
:10D8000006A8FCF75CF9797A06A8FCF72FF9B7F9B6
:10D810001000FCF759F8014606A8FCF750F9F97B0F
:10D8200006A8FCF723F9099B0135002BB0D0042092
:10D83000F0F7C9FC4CE10968566A0968286B05AB2A
:10D840003432FAF706F90028F1D140F20313059AB1
:10D85000ADF82C3008238DF82E3063680A90CDE99E
:10D860000660CDE90800009321680223143206A85F
:10D87000FDF790F9099B002BD9D16368002B0ADCD6
:10D8800006A93046FFF755FE21683046FFF706FD32
:10D8900021683046AEE6A568002DF1D06F7BA988DF
:10D8A000062F06A828BF0627FCF709F9A97921B198
:10D8B000A1F120030B2B88BF202106A8FCF7D6F886
:10D8C000E97906A8FCF7D2F8297A4B1E594259414A
:10D8D0006B7A012BAB7A08BF41F00201012B2B7B45
:10D8E00008BF41F0080123B1EB7A002B6DD141F064
:10D8F000200141EAC71106A8FCF7E1F8298A06A829
:10D90000FCF7DDF8A97B06A8FCF7B0F8697E06A84D
:10D91000FCF7ACF8B5F91200FBF7D6FF014606A8F4
:10D92000FCF7CDF8A97D06A8FCF7A0F8B5F914001E
:10D93000FBF7CAFF014606A8FCF7C1F8E97D06A877
:10D94000FCF794F8297E06A8FCF790F86B7A012B77
:10D95000D5E908283CD1434606A8FCF7BAF8AB7ACB
:10D96000012BD5E90A283DD1434606A8FCF7B1F8BA
:10D97000A98B06A8FCF7A3F8698B06A8FCF79FF80B
:10D98000296B06A8FCF768F8696B06A8FCF764F831
:10D99000B5F84A1006A8FCF792F82B7B4BB1EB7A4E
:10D9A000002B0CBF0C220A2205F1380106A8F9F75A
:10D9B00021FC05F144013A4606A8F9F71BFC099B36
:10D9C0002D68002B3FF468AF31E741F0400190E74C
:10D9D000114606A8FCF740F85FFA88F106A8FCF7A4
:10D9E00045F8BCE7114606A8FCF736F85FFA88F15F
:10D9F00006A8FCF73BF8BBE70023556A09688DF8D9
:10DA00002E3040F2031206A8ADF82C20CDE90733E2
:10DA1000CDE909330695FCF71FF82179003918BFC5
:10DA2000012106A8FCF722F8079A46F204212846AD
:10DA3000F9F752F9FBE60023556A09688DF82E3094
:10DA400040F2031206A8ADF82C20CDE90733CDE94A
:10DA500009330695FCF700F8A18806A8FCF72FF813
:10DA6000A17906A8FCF702F8E17906A8FBF7FEFF0A
:10DA7000079A46F20521DAE70023556A09688DF80E
:10DA80002E3040F2031206A8CDE90733CDE9093361
:10DA9000ADF82C200695FBF7DFFF217A06A8FBF7EF
:10DAA000E5FFA288002306A8FCF713F8E18806A882
:10DAB000FCF705F8618906A8FCF701F86289E168BE
:10DAC00006A8F9F797FB30B107992846F9F764F8EB
:10DAD0000DB0BDE8F08F079A4FF400712846F9F7B2
:10DAE000FBF8F5E74B790A79686A0968F9F798FD58
:10DAF000EEE7576A09680697002540F2031306A867
:10DB0000ADF82C30CDE90755CDE909558DF82E50EB
:10DB1000FBF7A2FF94F8681006A8FBF7A7FF4FF0E9
:10DB20000C0894F86830EEB2B34204D8079A46F273
:10DB300007113846D3E708FB064606A83189FBF7EC
:10DB4000BEFF317C06A8FBF791FF0135E9E770B510
:10DB500086B0164640F2031300240546009068463E
:10DB6000ADF81430CDE90144CDE903448DF81640F9
:10DB7000FBF772FF31466846FBF7A1FF07216846B5
:10DB8000FBF774FF21466846FBF770FF019A46F2E7
:10DB900005212846F9F7A0F806B070BD70B511460A
:10DBA00088B0CDE904111D464B8990F829100793E0
:10DBB0000022CDE90022CDE902220446ADF818206A
:10DBC000002938D00F2B06D81146FFF7C0FF20469A
:10DBD000F8F7D0FF51E004A8FCF74CF8206304A844
:10DBE000FCF760F8ADF8040004A8FCF74DF8ADF8B8
:10DBF000060004A8FCF748F8EF28034628BFEF23E7
:10DC00006085C01AADF80A30A08594F8280094F811
:10DC10002930BDF81860BDF80A20216B009143EA55
:10DC200040038DF80930079B9B1B9A420DD0BDF82D
:10DC300006202046C9E7838DFF2B1A4628BFFF2206
:10DC40009B1AADF80A208385DFE710B1A38D002B66
:10DC5000EDD111460120E5F7E5F9014603900028D2
:10DC6000B5D0BDF80A2004A8F9F731FB00996A463F
:10DC700028461AF017FA0028A9D1002008B070BD74
:10DC800010B50446006BF9F7E8FFE06AE169036844
:10DC9000034A5B6898472046BDE810401AF0D8B8A0
:10DCA0008CC503002DE9F04F85B004460F4615469C
:10DCB00000215822DDF83880DFF818B1DFF818A10C
:10DCC000DFF818911E4602F0D1F80F9B2363334B07
:10DCD0006363334BA363334BE363334B2364334BB3
:10DCE0006364334BA364334BE364334B2365334B9F
:10DCF0006365D8F80030C4F82C804046C4E9095761
:10DD0000DB682F49CBF80C40CAF80C40C9F80C402E
:10DD1000E66103AA98478046002835D1E06A284A80
:10DD20000368E1691B689847804668BB0F982246E4
:10DD300004F13401F9F75FFF804628BB59462846B5
:10DD4000F8F776FF51462846F8F772FF494628460D
:10DD5000F8F76EFF22461B493846FAF75CFDE06A89
:10DD6000194B2362036816499B689847039A0092EF
:10DD70000346164A0194314620461AF03DF8804683
:10DD800030B10F98F9F769FF404605B0BDE8F08F54
:10DD90000F4920461AF061F8F6E700BF8DA2010096
:10DDA000F1AB0100CD9B01000F9C0100B9C5010042
:10DDB0009DAC01006B9B01004F9B010019A201006B
:10DDC0008CC50300500500201405002047D5010034
:10DDD00013A20100840500207405002064050020C2
:10DDE000E5F744B900F11D03DBB2022B0DD900F1B8
:10DDF0001803DBB2012B08D94D2808D8054B03EBDB
:10DE00000010007AC0F380007047012070470020A6
:10DE1000704700BFA0DB03002DE9F0410446104627
:10DE20000528DDE90685089E9DF824209DF82870C8
:10DE30009DF82CE09DF830C002D009280BD11C3190
:10DE4000032B06D8013B022B09D8DFE803F00E466E
:10DE50004E00F02B51D06FF00A00BDE8F081234650
:10DE6000012243F8042B08680FE0231DBEF1000FC8
:10DE70002BD0BCF1000F23D06AB1022F01D0042FA8
:10DE800009D1012251F8070F2260606088888A79E1
:10DE90009A71988012E0022222600A4652F80E0F10
:10DEA0006060908892799A71988051F8153FC4F813
:10DEB0000B308B88A4F80F308B7963740020CCE78B
:10DEC0000122226051F80E0FDFE701222260BCF12F
:10DED000000FC8D051F8150FD7E7BEF1000FBAD028
:10DEE0002346012243F8042BECE7BCF1000FB2D02B
:10DEF0002346012243F8042BECE716B1BEF1000FD4
:10DF0000A9D015B1BCF1000FA5D000232360B8F152
:10DF1000000F09D0086860608B798888A37201239C
:10DF2000208184F805802360002E53D0AE4204D1B6
:10DF30001AB1022F3ED0042F3CD020688C46C0EB93
:10DF4000C00323445CF80EEFC3F804E0BCF804E01F
:10DF5000A3F808E09CF806C083F80AC001305E719F
:10DF60002060002D38D0AE421ED020688C46C0EB19
:10DF7000C00323445CF815EFC3F804E0BCF804E0E8
:10DF8000A3F808E09CF806C083F80AC001305D7170
:10DF90002060002E92D0AE4290D1002A8ED0022F67
:10DFA00008D0042F8AD105E0002ADED0022F01D04C
:10DFB000042FDAD1226851F8070FC2EBC2032344C1
:10DFC0000132586088881881897999727000587177
:10DFD000226073E7002DC8D128463EE707B501222D
:10DFE0000DF10701F9F773F99DF8070003B05DF82B
:10DFF00004FB07B501228DF807100DF10701F9F7B1
:10E00000F9F803B05DF804FB2DE9F74F16461C46FE
:10E010001389D268BDF830B09A4281468A462FD023
:10E020003046FFF7DBFF4FF00008054665B929468B
:10E030002046FFF7DEFF484662685946F8F74CFE77
:10E04000002003B0BDE8F08F3046FFF7C7FF05287A
:10E05000074601D0092820D13046FFF7BFFF804690
:10E060003046FFF7BBFF43B2019342460D9B394652
:10E070005046984798B1019B0370013DEDB2D5E73A
:10E080004FF00008474603212046FFF7B2FF39460C
:10E090002046FFF7AEFF4146CAE70521F4E7042119
:10E0A000F2E700002DE9F04F2DED028B90461C4663
:10E0B0001389D26887B09A4208EE101ABDF848A0BA
:10E0C000054608D103212046FFF793FF0021204693
:10E0D000FFF78FFF4AE04046FFF780FF0646002823
:10E0E0005DD1514B01AA03F1100C1868596816460E
:10E0F00003C6083363453246F7D11B7833700021DD
:10E1000040F605132046ADF80030FFF772FF2221DC
:10E110002046FFF76EFFE9464FF0000801AB99F883
:10E12000007013F808B0139B18EE100A5A463946CF
:10E130009847064628BB01212046FFF75AFF39467B
:10E140002046FFF756FF59462046FFF752FF31465B
:10E15000204608F10108FFF74CFFB8F1110FDDD19F
:10E1600009F101090DF102034B45D5D1284662683A
:10E170005146F8F7B1FD002007B0BDEC028BBDE8B9
:10E18000F08F00212046FFF734FF39462046FFF785
:10E1900030FF59462046FFF72CFF3178D8E7B8F812
:10E1A0000810D8F80C3002B25B1AB3EB420F89D3D7
:10E1B00000212046FFF71DFF31462046FFF719FFDB
:10E1C0004046FFF70BFF81464046FFF707FF139BD2
:10E1D00002468346494618EE100A98470746A0B9FA
:10E1E00004212046FFF705FF49462046FFF701FFBF
:10E1F00059462046FFF7FDFE39462046013EFFF70F
:10E20000F8FE16F0FF06DBD1B0E700212046FFF74D
:10E21000F0FE49462046FFF7ECFE59462046FFF740
:10E22000E8FE3978E9E700BF80E003004FF4B473FB
:10E2300043430028CCBF03F58070A3F5807000280D
:10E24000B8BF00F2FF10C0F34F20704791F85C0098
:10E25000704737B504460D4694F85C30006E032BCA
:10E2600005D1022903D10190F8F7ECFE0198019045
:10E27000002319462A46F9F7D3F994F85C3001983F
:10E28000022B04D1022D02D00121F8F7DBFE84F825
:10E290005C5003B030BD07B5022201A9F9F717F8A9
:10E2A0009DF805009DF8043043EA002003B05DF8B6
:10E2B00004FB07B504220DEB0201F9F708F80198F9
:10E2C00003B05DF804FB07B501220DF10701F8F773
:10E2D000FEFF9DF8070003B05DF804FB07B50122BF
:10E2E0008DF807100DF10701F8F784FF03B05DF812
:10E2F00004FBF0B587B000241F46064606230D46F2
:10E30000009021466846ADF81430CDE90144CDE9CE
:10E3100003448DF81640FFF7E1FF97F85C1068465C
:10E32000FFF7DCFFC5F30B013046019A41F4804151
:10E33000F8F7D2FC204607B0F0BDFFF7DABF07B50B
:10E340000222ADF8041001A9F8F754FF03B05DF8FC
:10E3500004FB07B5042201910DEB0201F8F74AFF17
:10E3600003B05DF804FB41F258032DE9F041054686
:10E37000C85E0C46FFF75AFF01462846FFF7DFFF4D
:10E3800041F25A0341F25C06E05EFFF74FFF01469F
:10E390002846FFF7D4FFA15D2846FFF79FFF04F54D
:10E3A00082571E374FF000082644337843451FDC60
:10E3B00041F252032846E15AFFF7C1FF41F26203DE
:10E3C000E05EFFF733FF01462846FFF7B8FF41F252
:10E3D0006403E05EFFF72AFF01462846FFF7AFFF20
:10E3E00041F268032846E158BDE8F041FFF7B1BFAC
:10E3F00037F8021B2846FFF7A2FF08F10108D4E70F
:10E40000F0B5066E8DB00023CDE90133CDE90333BD
:10E41000CDE90663CDE9083314468DF8163040F295
:10E4200003120A938DF82E304B1E05460096ADF868
:10E430001420ADF82C20042B1DD8DFE803F0031EB8
:10E4400062B8A2002178002918BF02216846FFF7B0
:10E4500045FF0221019A41F4DA413046F8F73CFCCD
:10E46000079A22B14FF4D6413046F8F735FC032124
:10E470002846FFF7EEFE0DB0F0BD2378002B08BF55
:10E4800019466846FFF72AFF61686846FFF761FF93
:10E49000A1686846FFF75DFFE1686846FFF759FF2E
:10E4A00021696846FFF755FF61696846FFF751FF2C
:10E4B000A1696846FFF74DFFE1696846FFF749FF2C
:10E4C000216A6846FFF745FF616A6846FFF741FF2A
:10E4D000A16A6846FFF73DFFE16A6846FFF739FF2A
:10E4E000216B6846FFF735FF616B6846FFF731FF28
:10E4F00095F86C301BB1214606A8FFF734FF0321C5
:10E50000A8E72178002918BF02216846FFF7E6FE38
:10E51000A16B6846FFF71DFFA18F6846FFF70FFF4D
:10E5200041F2620304F58257E05EFFF77FFE014689
:10E530006846FFF704FF41F26403E05EFFF776FEF2
:10E5400001466846FFF7FBFE94F83E106846FFF769
:10E55000C5FE94F83F106846FFF7F1FE398868461B
:10E56000FFF7EDFE3A8804F140016846F8F742FEF5
:10E5700095F86C301BB1214606A8FFF7F4FE052183
:10E5800068E72178002918BF02216846FFF7A6FE38
:10E5900041F254036846E158FFF7DBFE95F86C3012
:10E5A0001BB1214606A8FFF7DEFE082152E72178BD
:10E5B000002918BF02216846FFF790FE41F244038C
:10E5C0006846E158FFF7C5FE41F248036846E15A44
:10E5D000FFF7B5FE41F24C036846E158FFF7B9FE7C
:10E5E00041F250036846E15AFFF7A9FE41F2620387
:10E5F00004F58257E05EFFF719FE01466846FFF713
:10E600009EFE41F26403E05EFFF710FE014668469D
:10E61000FFF795FE94F83F106846FFF790FE3988A3
:10E620006846FFF78CFE3A8804F140016846F8F727
:10E63000E1FD95F86C301BB1214606A8FFF793FE6B
:10E64000062107E72DE9F04391B0CDE90022528978
:10E650001C4640F203160023042ACDE90320CDE92D
:10E660000533CDE9073307460D46ADF80830ADF860
:10E6700024608DF8263006D80322F8F7B0FB00207E
:10E6800011B0BDE8F0836846FFF713FE064618B1E7
:10E69000042229463846F0E76846FFF714FEBDF825
:10E6A0000820039B9B1A9842814601D90622F0E775
:10E6B000314604A8FFF712FEB9F1000F00F0928076
:10E6C000494604A8FFF70AFEB0466846FFF7FBFD7F
:10E6D0000646014604A8FFF701FE082E08D8013EB1
:10E6E000072E30D8DFE806F03F454B515B62686E7D
:10E6F000EB2E6ED005993846F8F74EFA002340F21B
:10E70000031201210AA8ADF83C20CDE90B33CDE975
:10E710000D338DF83E300A97FFF7E0FD01210AA87E
:10E72000FFF7DCFD31460AA8FFF7D8FD04210AA84F
:10E73000FFF7D4FD0B9AC5F30B0141F48041384635
:10E74000F8F7CAFA9BE7042104A8FFF7C7FDE169BF
:10E7500004A8FFF7FEFD08F10108C145B5DC059AE4
:10E76000C5F30B01E9E7042104A8FFF7B7FD216A0F
:10E77000EEE7042104A8FFF7B1FD616AE8E7042190
:10E7800004A8FFF7ABFDA16AE2E7012104A8FFF7A7
:10E79000A5FD94F82C1004A8FFF7A0FDDBE70121EC
:10E7A00004A8FFF79BFD94F82D10F4E7042104A8BA
:10E7B000FFF794FD216BCBE7042104A8FFF78EFD42
:10E7C000616BC5E7012104A8FFF788FD94F83810B4
:10E7D000E1E7022104A8FFF781FD618F04A8FFF79C
:10E7E000AEFDB8E70A2104A8FFF778FD494604A862
:10E7F000FFF774FD042104A8FFF770FDE16904A888
:10E80000FFF7A7FD012104A8FFF768FD042104A874
:10E81000FFF764FD216A04A8FFF79BFD022104A80D
:10E82000FFF75CFD042104A8FFF758FD616A04A806
:10E83000FFF78FFD032104A8FFF750FD042104A872
:10E84000FFF74CFDA16A04A8FFF783FD042104A88B
:10E85000FFF744FD012104A8FFF740FD94F82C10B8
:10E8600004A8FFF73BFD052104A8FFF737FD0121B0
:10E8700004A8FFF733FD94F82D1004A8FFF72EFD30
:10E88000062104A8FFF72AFD042104A8FFF726FDAE
:10E89000216B04A8FFF75DFD072104A8FFF71EFD0B
:10E8A000042104A8FFF71AFD616B04A8FFF751FDCE
:10E8B000082104A8FFF712FD012104A8FFF70EFDAF
:10E8C00094F8381004A8FFF709FDEB2104A8FFF71E
:10E8D00005FD022104A8FFF701FD618F04A8FFF7E1
:10E8E0002EFD3CE7E4F7C2BB07B500F1700201ABB7
:10E8F0000021806EF9F7ADF803B05DF804FB70B548
:10E900008AB01E4600240E23054604903046ADF81A
:10E910002430CDE90544CDE9074401918DF8264026
:10E92000FFF7E2FF224601992846F8F758FA06F168
:10E930003C0103AB0DF10B0230461BF030F9041E15
:10E940000CBF0221012104A8FFF7C8FC012104A883
:10E95000FFF7C4FC012104A8FFF7C0FC9DF80B10D1
:10E9600004A8FFF7BBFC5CB9022104A8FFF7B6FCC2
:10E97000042104A8FFF7B2FC039904A8FFF7E9FCFF
:10E980002846059A46F60231F8F7A6F900200AB0A3
:10E9900070BDF0B51C4685B053890393002705462A
:10E9A00020460E46CDE90022ADF80870FFF79CFF27
:10E9B0006846FFF788FCC21B18BF012204F13C0126
:10E9C00020461BF0D4F8B84218BF0222284608BFE0
:10E9D0003A463146F8F703FA384605B0F0BD000074
:10E9E000F0B5ADF5815D81B01C460023ADF8143063
:10E9F00005465389069320460E46CDE90322FFF7CC
:10EA000073FF014630B994F85C30032B0CD8234ACD
:10EA1000D15C59B10A4631462846F8F7E0F90020A2
:10EA20000DF5815D01B0F0BD0221F3E7BDF81430B2
:10EA3000069FFF1AB7F5805F01DD0622EBE707AB03
:10EA4000184641F20402019301F010FA01993A4686
:10EA500003A8F8F73CFC0DF580530199DF612046CF
:10EA60001C331BF07FF828B10B3001D11522D2E7FF
:10EA70000222D0E704F11C02042120461AF030FFE4
:10EA8000024608B10B32F0E731462846F8F7A7F9FD
:10EA900002212046FFF7DDFBC1E700BF91E0030044
:10EAA000F0B5ADF5815D81B01C460023ADF81430A2
:10EAB00005465389069320460E46CDE90322FFF70B
:10EAC00013FF014630B994F85C30032B0CD8234A6D
:10EAD000D15C59B10A4631462846F8F780F9002042
:10EAE0000DF5815D01B0F0BD0221F3E7BDF81430F2
:10EAF000069FFF1AB7F5805F01DD0622EBE707AB43
:10EB0000184641F20402019301F0B0F901993A4626
:10EB100003A8F8F7DCFB0DF580530199DF6120466F
:10EB20001C331BF01FF828B10B3001D11522D2E79E
:10EB30000222D0E704F11C02022120461AF0D0FE86
:10EB4000024608B10B32F0E731462846F8F747F99C
:10EB500002212046FFF77DFBC1E700BF91E00300E3
:10EB6000F0B5ADF5815D81B01C460023ADF81430E1
:10EB700005465389069320460E46CDE90322FFF74A
:10EB8000B3FE014630B994F85C30032B0CD8234A0D
:10EB9000D15C59B10A4631462846F8F720F90020E1
:10EBA0000DF5815D01B0F0BD0221F3E7BDF8143031
:10EBB000069FFF1AB7F5805F01DD0622EBE707AB82
:10EBC000184641F20402019301F050F901993A46C6
:10EBD00003A8F8F77CFB0DF580530199DF6120460F
:10EBE0001C331AF0BFFF28B10B3001D11522D2E738
:10EBF0000222D0E704F11C02012120461AF070FE27
:10EC0000024608B10B32F0E731462846F8F7E7F83C
:10EC100002212046FFF71DFBC1E700BF91E0030082
:10EC200093F85C20032A38B504460D46184610D8E0
:10EC300009498A5C3AB906211AF052FE024610B11F
:10EC40000B3206D1152220462946F8F7C8F80020D5
:10EC500038BD0222F7E700BF99E003002DE9F34138
:10EC600006460F46184601A990461D461AF002FEB8
:10EC7000024640B1304602223946F8F7B0F800208B
:10EC800002B0BDE8F081019B022B06D10621284687
:10EC90001AF026FE08B100B2F2E728461AF0E4FDA9
:10ECA000044608B100B2EBE7024639463046F8F7B1
:10ECB00096F801212846FFF7CCFAA86E05F17002FC
:10ECC0004146F8F7A6FEC5F894402046D8E7000074
:10ECD0002DE9F0471C468CB00023CDE90733CDE980
:10ECE0000933ADF810308DF82E3094F85C30CDE952
:10ECF000022252890E46032B40F20311CDE9052072
:10ED00000746ADF82C1012D87E4DE95C89B106A8F3
:10ED1000FFF7E4FA002106A8FFF7E0FAC6F30B01BB
:10ED2000079A41F480413846F7F7D6FF3EE00221CA
:10ED3000EDE7042A40F2C28002A8FFF7BAFA0146C2
:10ED400058B1A06E01AB04F17002F8F782FE1128F1
:10ED5000054618BF01252946D9E794F85C30032BF6
:10ED600000F2AE80ED5C002DF5D102A8FFF7ABFA02
:10ED70008246AA451EDC002106A8FFF7AFFA002153
:10ED800006A8FFF7ABFAC6F30B01079A41F48041DE
:10ED90003846F7F7A1FF94F85C303BB9D4F89430CB
:10EDA000072B03D103212046FFF753FA00200CB0B4
:10EDB000BDE8F087BDF81020059B9B1A012B40F29F
:10EDC000818002A8FFF77FFA814602A8FFF77BFA4D
:10EDD000BDF81020059B9B1A9842804674D8B9F163
:10EDE000080F0AD809F1FF3302A8072B0BD8DFE878
:10EDF00003F012192027313B4853B9F1EB0F55D0DE
:10EE00000424214668E0FFF754FAB8F1040F5DD1FD
:10EE1000E0610135ADE7FFF74CFAB8F1040F57D1C7
:10EE20002062F6E7FFF745FAB8F1040F50D16062AF
:10EE3000EFE7FFF73EFAB8F1040F4BD1A062E8E725
:10EE4000FFF741FA01285AD8B8F1010F51D184F8DF
:10EE50002C00DEE7FFF737FA01284DD8B8F1010F93
:10EE600036D184F82D00D4E7FFF723FAB8F1040F68
:10EE70002ED1D4F89430206343F00203C4F89430C8
:10EE8000C7E7FFF716FAB8F1040F21D1D4F8943090
:10EE9000606343F00403F1E7FFF715FA01282ED869
:10EEA000B8F1010F14D184F83800B2E702A8FFF7D7
:10EEB000F2F9B8F1020F0BD16087AAE703254AE700
:10EEC000022548E7062546E706249AE74FF00009A1
:10EED00004240FE04946042406A8FFF7FFF90121A6
:10EEE00006A8FFF7FBF9494606A8FFF7F7F9214600
:10EEF00011E74C460321EFE74C464946ECE7052471
:10EF00007FE700BF95E003002DE9F04788B0064693
:10EF1000109F0D4614464AB1012229463046F7F7A4
:10EF20005EFF0024204608B0BDE8F0871C210120C8
:10EF3000E4F778F882460028EED0214B0093019048
:10EF400007F17009B86E4B46D0222146F8F73AFD1A
:10EF5000804640B15046E4F789F84246294630469B
:10EF6000F7F73DFFDEE738461AF078FC044630B18B
:10EF7000B86E4A464146F8F74CFD24B2D2E740F25B
:10EF80000313CDE90260CDE9040006908DF81E0060
:10EF9000014602A8ADF81C30FFF7A0F9214602A8EF
:10EFA000FFF7D7F9C5F30B013046039A41F48041CE
:10EFB000F7F792FE21463846FFF74BF9B2E700BF5C
:10EFC000E5E8010070B5054618460E461C46FFF7F9
:10EFD0008BFC024630B994F85C30032B14D8104AED
:10EFE000D25C2AB131462846F7F7F9FE002070BD01
:10EFF00004F11C02032120461AF072FC024628B1DB
:10F000000B3201D11522EDE70222EBE7314628460B
:10F01000F7F7E5FE02212046FFF71BF9E6E700BF00
:10F0200091E0030010B504460021FFF757F9E368AB
:10F030002BB9A2681089431E5068184410BD0020E7
:10F04000FCE72DE9F04F9BB05389DDF89090002448
:10F05000CDE90530CDE90C0440F20318064602A8BC
:10F06000CDE902220D46CDE90744CDE90944CDE9B9
:10F070000E44ADF81040ADF82C808DF82E40109461
:10F08000ADF844808DF84640FFF713F901A94846D2
:10F090001AF0F0FB0746E0B1022112A8CDE9126494
:10F0A000CDE914441694ADF85C808DF85E40FFF70E
:10F0B00015F9214612A8FFF711F9C5F30B01139AB0
:10F0C00041F480413046F7F707FE00201BB0BDE851
:10F0D000F08F019B012B0ED1CDE91260CDE9140018
:10F0E00016908DF85E00152112A8ADF85C80FFF730
:10F0F000F5F83946DEE712A948461AF00AFD8046BF
:10F1000028B1022229463046F7F769FEDDE706A856
:10F11000FFF788FF074602A8FFF7D5F8814606A843
:10F12000FFF780FF0446B9F1000F40F02A8111215A
:10F1300087F8009006A8FFF7D1F8012106A8FFF78D
:10F14000CDF82378013323709DF8481006A8FFF707
:10F15000C5F8062106A8FFF7C1F8022106A8FFF7A7
:10F16000BDF8237801332370BDF84A1006A8FFF7D5
:10F17000E6F8072106A8FFF7B1F8022106A8FFF775
:10F18000ADF8237801332370BDF84C1006A8FFF7C3
:10F19000D6F8E72106A8FFF7A1F8012106A8FFF796
:10F1A0009DF82378013323709DF84E1006A8FFF7D1
:10F1B00095F8E62106A8FFF791F8012106A8FFF7C8
:10F1C0008DF82378013323709DF84F1006A8FFF7C0
:10F1D00085F8082106A8FFF781F8042106A8FFF7A3
:10F1E0007DF8237801332370149906A8FFF7B1F84E
:10F1F000042106A8FFF772F8012106A8FFF76EF8B0
:10F200002378013323709DF8541006A8FFF766F8A1
:10F21000142106A8FFF762F8012106A8FFF75EF89F
:10F220002378013323709DF8551006A8FFF756F890
:10F23000122106A8FFF752F8012106A8FFF74EF8A1
:10F240002378013323709DF8561006A8FFF746F87F
:10F250001F2106A8FFF742F8012106A8FFF73EF894
:10F260002378013323709DF8571006A8FFF736F86E
:10F27000172106A8FFF732F8012106A8FFF72EF89C
:10F280002378013323709DF8581006A8FFF726F85D
:10F29000152106A8FFF722F8012106A8FFF71EF89E
:10F2A0002378013323709DF8591006A8FFF716F84C
:10F2B000292106A8FFF712F8012106A8FFF70EF88A
:10F2C0002378013323709DF85A1006A8FFF706F83B
:10F2D000162106A8FFF702F8012106A8FEF7FEFF97
:10F2E0002378013323709DF85B1006A8FEF7F6FF24
:10F2F000312106A8FEF7F2FF012106A8FEF7EEFF76
:10F300002378013323709DF85C1006A8FEF7E6FF12
:10F310000B2106A8FEF7E2FF012106A8FEF7DEFF9B
:10F320002378013323709DF85D1006A8FEF7D6FF01
:10F330000A2106A8FEF7D2FF042106A8FEF7CEFF99
:10F34000237801332370189906A8FFF702F83521B6
:10F3500006A8FEF7C3FF012106A8FEF7BFFF23782A
:10F36000013323709DF8641006A8FEF7B7FFC5F3BC
:10F370000B0141F48041079A3046F7F7ADFC0D9937
:10F380000EE087F80080C346C246BDF81030059AEB
:10F390009A4209D1032229463046F7F720FD079902
:10F3A0003046F7F7F9FB90E602A8FEF78CFF292814
:10F3B00007462CD8032833D9031F252B30D8DFE884
:10F3C00013F0B9002F006B008D00A9002F0045013C
:10F3D00037012F002F002F002F002F005A00D500DB
:10F3E0002F00C700FF001B01F1002F002F002F008E
:10F3F0002F002F002F002F00E3002F002F002F00E1
:10F400002F002F002F002F002F002F000D01E628C6
:10F4100072D020D8312800F0FD80352800F02381FB
:10F42000BBF1000F07D104210CA8FEF757FF0CA871
:10F43000FFF7F8FD824639460CA8FEF74FFF002182
:10F440000CA8FEF74BFF9AF8003001338AF8003021
:10F450004FF0010B30E0E728E2D1014606A8FEF7A5
:10F460003DFF012106A8FEF739FF23780133237001
:10F470009DF84E100CE0112106A8FEF72FFF012188
:10F4800006A8FEF72BFF2378013323709DF8481060
:10F4900006A8FEF723FF0FE0062106A8FEF71EFFD1
:10F4A000022106A8FEF71AFF237801332370BDF866
:10F4B0004A1006A8FEF743FF08F10108C1453FF7CF
:10F4C00064AFBBF1000F3FF452AFC5F30B010D9ACF
:10F4D00041F480413046F7F7FFFB60E7072106A8BB
:10F4E000FEF7FCFE022106A8FEF7F8FE23780133A2
:10F4F0002370BDF84C10DCE7014606A8FEF7EEFECF
:10F50000012106A8FEF7EAFE2378013323709DF857
:10F510004F10BDE7082106A8FEF7E0FE042106A86B
:10F52000FEF7DCFE237801332370149906A8FEF75A
:10F5300010FFC1E7042106A8FEF7D0FE012106A8AE
:10F54000FEF7CCFE2378013323709DF854109FE71B
:10F55000142106A8FEF7C2FE012106A8FEF7BEFE92
:10F560002378013323709DF8551091E7122106A8E6
:10F57000FEF7B4FE012106A8FEF7B0FE23780133A2
:10F5800023709DF8561083E71F2106A8FEF7A6FEFC
:10F59000012106A8FEF7A2FE2378013323709DF80F
:10F5A000571075E7172106A8FEF798FE012106A857
:10F5B000FEF794FE2378013323709DF8581067E717
:10F5C000152106A8FEF78AFE012106A8FEF786FE91
:10F5D0002378013323709DF8591059E7292106A893
:10F5E000FEF77CFE012106A8FEF778FE23780133A2
:10F5F00023709DF85A104BE7162106A8FEF76EFE01
:10F60000012106A8FEF76AFE2378013323709DF8D6
:10F610005B103DE7014606A8FEF760FE012106A843
:10F62000FEF75CFE2378013323709DF85C102FE712
:10F630000B2106A8FEF752FE012106A8FEF74EFE9A
:10F640002378013323709DF85D1021E70A2106A875
:10F65000FEF744FE042106A8FEF740FE237801339E
:10F660002370189962E7014606A8FEF737FE0121CC
:10F6700006A8FEF733FE2378013323709DF864104B
:10F6800006E7000070B5054618460E461C46FFF713
:10F690002BF9024630B994F85C30032B14D8104A89
:10F6A000D25C2AB131462846F7F799FB002070BD9D
:10F6B00004F11C02052120461AF012F9024628B175
:10F6C0000B3201D11522EDE70222EBE73146284645
:10F6D000F7F785FB02212046FEF7BBFDE6E700BFFA
:10F6E00091E003002DE9F04F95B0CDE904335B893B
:10F6F0001E9C0027CDE90730054640F2031B04A8F5
:10F700000E46CDE90977CDE90B77ADF81870ADF865
:10F7100034B08DF83670FEF7CCFD04A8FEF7D3FDAB
:10F72000C6F30B0646F48046804690B90146CDE903
:10F730000E50CDE9100012908DF84E000EA8ADF8D5
:10F740004CB0FEF7CBFD41460EA8FEF7C7FD0F9A61
:10F7500034E004F13C0A514620461AF0DAF98146B9
:10F7600070B102210EA8CDE90E57CDE9107712979E
:10F77000ADF84CB08DF84E70FEF7B0FD3946E3E7BA
:10F7800007460DF10F020DF10E0104A8F7F735FE43
:10F79000834668B3042819D1022108A8FEF79EFD0C
:10F7A000012108A8FEF79AFD9DF80E1008A8FEF7A3
:10F7B00095FD594608A8FEF791FD099A314628465D
:10F7C000F7F78AFA002015B0BDE8F08F0024CDE9E4
:10F7D0000F44CDE9114440F203130E95ADF84C30BF
:10F7E0008DF84E4003210EA8FEF778FD2146ABE7C9
:10F7F0009DF80E30352B20D8012B27D9023B332B17
:10F8000024D8DFE803F02D234A2D50565C2361668F
:10F81000232D2323236C7223787E84902323232398
:10F82000232323962323232323232323239C2323BC
:10F8300023232323238A232323A2E72B00F0918071
:10F84000E82B00F09480E62B00F085809DF80F30C7
:10F850005B4508DD04A8FEF736FD0BF1010BF5E76B
:10F8600004A8FEF730FD09F10109C84589DC5146BD
:10F8700020461AF072F90146002800F08180002429
:10F8800040F20313CDE90F44CDE911440E95ADF8D4
:10F890004C308DF84E400221A5E704A8FEF713FD79
:10F8A00084F84800DFE704A8FEF7F5FC0127E087AD
:10F8B000D9E704A8FEF7EFFCA4F84000D3E704A8BA
:10F8C000FEF7E9FC6064CEE704A8FEF7F2FC606591
:10F8D000C9E704A8FEF7F7FC84F85100C3E704A8C1
:10F8E000FEF7F1FC84F83C00BDE704A8FEF7EBFC52
:10F8F00084F84A00B7E704A8FEF7E5FC84F849005D
:10F90000B1E704A8FEF7DFFC84F84D00ABE704A8DC
:10F91000FEF7D9FC84F84F00A5E704A8FEF7D3FC56
:10F9200084F850009FE704A8FEF7CDFC84F84C0053
:10F9300099E704A8FEF7C7FC84F84B0093E704A8F6
:10F94000FEF7C1FC84F84E008DE704A8FEF7BBFC6F
:10F9500084F8580087E704A8FEF7B5FC84F8430054
:10F9600081E704A8FEF7AFFC84F842007BE704A817
:10F97000FEF7A9FC003818BF012084F86C0072E77C
:10F98000D4F8943001901F43C4F8947008A8FEF78F
:10F99000A5FC019908A8FEF7A1FC099A3146284662
:10F9A000F7F79AF994F85C30002B7FF40BAFD4F89A
:10F9B0009430072B7FF406AF03212046FEF749FC65
:10F9C00000E700002DE9FF4704469A460D46D02384
:10F9D000164600219822DDF830908DF8083000F0AE
:10F9E00045FA274B2367274B6367274BC4F88030C2
:10F9F000264BC4F88430264BC4F88830254BC4F815
:10FA00008C30254BDFF8A080244FC4F89030DAF812
:10FA100000302349DB68C8F80C40C4E9185AFC6080
:10FA2000A661C4F8689003AA5046984728BB606E48
:10FA30001B4A0368A1691B689847F0B90094012329
:10FA400002AA04F170014846F8F78BF8A8B94146BC
:10FA50002846F7F7EDF839462846F7F7E9F8606EDB
:10FA60000F4903689B689847039A009203460D4A22
:10FA700001943146204619F045FF04B0BDE8F087F7
:10FA800009EF01005DEC0100E5F6010043F0010023
:10FA9000F3E201004DE201003BE301009405002088
:10FAA00084BE030001E40100A405002010B500F1AC
:10FAB00070010446806EF8F7B9F82046BDE81040A2
:10FAC00019F052BF38B504460D4623B90122F7F7A5
:10FAD00086F9002038BD1846E4F727FB024600B13E
:10FAE000022229462046F2E7F0B591B0002340F209
:10FAF0000312CDE90233CDE9043305460C460190EB
:10FB0000ADF818208DF81A30E3F7B8FE28BB1F4B6C
:10FB100007AA03F1180718685968164603C6083380
:10FB2000BB423246F7D11B883380042200230DEB01
:10FB3000020069460093F7F75DFB1A2207A901A8A6
:10FB4000F7F74AFCC4F30B012846029A41F48041BE
:10FB5000F7F7C2F8002011B0F0BD0D4B07AA03F172
:10FB6000200718685968164603C60833BB42324658
:10FB7000F7D11B783370042201230DEB0200694694
:10FB80000093F7F737FB2122D8E700BFF0E003002E
:10FB90000AE1030010B5064B0446D9601946F7F791
:10FBA00047F820460349BDE81040F7F741B800BFC9
:10FBB000C4050020B4050020014B0022DA60704724
:10FBC000C405002010F8040C034A044B00280CBFA5
:10FBD00010461846704700BF34D9030038C50300EB
:10FBE0007047000038B50D4628460949144600F014
:10FBF00018FF08B9206038BD0649284600F011FFFB
:10FC000010B902232360F6E76FF00A00F3E700BFA4
:10FC10008CC5030084BE030030B513460B4D0C4A5F
:10FC20000C4610F8041C87B0002918BF154605AA19
:10FC300019460393FFF7D6FF30B90090039B059A4E
:10FC400029462046E4F7EFFA07B030BD34D9030067
:10FC500038C5030038B50D4B1B68436005460846A0
:10FC60000C46E4F7D6F910B12046E4F7E8F9084964
:10FC700000222046E4F7BEFA30B901232B7020465B
:10FC8000BDE83840E4F7CAB938BD00BFE40500203C
:10FC900038C5030030B5074C034604F13005224651
:10FCA00003CAAA4218605960144603F10803F6D14A
:10FCB000002030BD88A400201FB514461A46094B09
:10FCC0001B680546D8684CB1074B0091CDE901345B
:10FCD00006492B4600F026F801F01EF8044B1C469E
:10FCE000F3E700BFE80500203CE1030049E1030021
:10FCF00077E103000A22002100F044BF08B5074B5A
:10FD0000044613B10021AFF30080054B1868836AE5
:10FD100003B19847204602F001FF00BF0000000039
:10FD200078E103000EB403B5014603AB054853F870
:10FD3000042B0068019300F0CBF802B05DF804EBEF
:10FD400003B07047E805002070B50D4D0D4C641BE5
:10FD5000A4100026A64209D10B4D0C4C1BF07AFDD5
:10FD6000641BA4100026A64205D170BD55F8043BC3
:10FD700098470136EEE755F8043B98470136F2E71D
:10FD8000300800203008002030080020340800200F
:10FD900001F0FF01102A2BDB10F0070F08D010F83C
:10FDA000013B013A8B422DD010F0070F42B3F6D140
:10FDB000F0B441EA012141EA014122F007047FF059
:10FDC00000070023F0E80256083C85EA010586EAB0
:10FDD000010685FA47F5A3FA87F586FA47F6A5FAEC
:10FDE00087F68EB9EED1F0BC01F0FF0102F00702F8
:10FDF00032B110F8013B013A83EA010313B1F8D1A3
:10FE00000020704701387047002D06BF3546033883
:10FE1000073815F0010F07D1013015F4807F02BFBC
:10FE2000013015F4C03F0130F0BC0138704700BF0D
:10FE300010B501390244904201D1002005E0037859
:10FE400011F8014FA34201D0181B10BD0130F2E799
:10FE50000A44914200F1FF3300D1704710B511F808
:10FE6000014B03F8014F9142F9D110BD0244034602
:10FE7000934200D1704703F8011BF9E79368013BF7
:10FE8000002B10B4936008DA9469A34201DB0A29BD
:10FE900003D15DF8044B00F07FBE1368581C10605E
:10FEA000197008465DF8044B7047F8B506460F46D2
:10FEB0001446D518AC4201D1002007E014F8011B0C
:10FEC0003A463046FFF7DAFF431CF3D1F8BD000095
:10FED0002DE9F04F0D469DB014469846064618B1E0
:10FEE00083690BB901F0BAFE894B9D421BD175683D
:10FEF0006B6ED90705D4AB899A0502D4A86D01F0C1
:10FF000050FFAB891B0701D52B69EBB92946304659
:10FF100000F094FEC0B16B6EDC070ED54FF0FF30E1
:10FF20001DB0BDE8F08F7B4B9D4201D1B568DFE786
:10FF3000794B9D4208BFF568DAE7AB899805EDD4A7
:10FF4000A86D01F02FFFE9E70023099320238DF826
:10FF50002930CDF80C803023DFF8C0818DF82A30AD
:10FF60004FF0010923469A4613F8012B0AB1252ABE
:10FF7000F9D1BAEB040B0BD05B462246294630463A
:10FF8000FFF793FF013000F0AA80099A5A440992C2
:10FF90009AF80030002B00F0A28000234FF0FF32CF
:10FFA000CDE905230AF1010A049307938DF8533034
:10FFB0001A935446052214F8011B5848FFF7E8FE2F
:10FFC000049AD8B9D10644BF20238DF853301307C3
:10FFD00044BF2B238DF853309AF800302A2B15D0CC
:10FFE000079A544600204FF00A0C214611F8013BB5
:10FFF000303B092B4ED9B0B1079214E0A0EB0803B7
:020000022000DC
:1000000009FA03F313430493A246D2E7039B191D95
:100010001B680391002BBBBF5B4242F002020793B7
:100020000793B8BF049223782E2B0CD163782A2B28
:1000300035D1039B1A1D1B680392002BB8BF4FF0EC
:10004000FF3302340593DFF8E4A021780322504601
:10005000FFF79EFE40B14023A0EB0A0003FA00F038
:10006000049B03430134049314F8011B2C488DF8BE
:1000700028100622FFF78CFE00283FD0294B1BBB1F
:10008000039B073323F0070308330393099B3B4487
:10009000099367E70CFB02320C460120A5E7002319
:1000A0000134059319464FF00A0C204610F8012B35
:1000B000303A092A03D9002BC5D00591C3E70CFBC0
:1000C000012104460123F0E703AB00932A46164BB7
:1000D00004A9304600F0CCF80746781CD6D16B6EE8
:1000E000D90705D4AB899A0502D4A86D01F05AFE50
:1000F000AB895B063FF512AF099811E703AB00939C
:100100002A46094B04A9304600F056FBE4E700BF3D
:1001100098E30300B8E3030078E303007CE1030005
:1001200086E1030071020200ABFE010082E10300E0
:100130002DE9FF4755EC104B002D0E4619462B4676
:10014000BBBF05F100431D4600232D230B700D9B03
:10015000DDF830A0914623F02008BCBF22461446AB
:10016000B8F1460F05D0B8F1450F00D10136022194
:1001700000E0032103AB019302AB009345EC104B6D
:100180005346324600F05CFEB8F1470F074602D1F5
:1001900019F0010F22D0B8F1460F07EB060910D174
:1001A0003B78302B0AD100220023204629461AF042
:1001B00077FF18B9C6F10106CAF80060DAF8003016
:1001C000994400220023204629461AF069FF08B10D
:1001D000CDF80C903022039B4B4507D3039B0E9A1E
:1001E000DB1B3846136004B0BDE8F087591C03914F
:1001F0001A70F0E7F7B503460029B8BF494203F883
:10020000022BB4BF2D222B22092942702ADD0DF1C9
:100210000704A4460A27A6460A4691FBF7F607FB01
:1002200016153035632A04F1FF340EF8015C3146AF
:10023000F1DC3031AEF1020504F8011C441C294602
:1002400061450AD30DF10902A2EB0E02654588BF94
:1002500000221344181A03B0F0BD11F8012B04F862
:10026000012FEDE7302330318370C170031DF1E7BA
:100270002DE9F04F2DED028B8DB00C46DDF860803E
:1002800016461F46054601F087FDD0F800A05046EF
:1002900000F0D9FB00230A9323680593D8F80030B7
:1002A00094F818B0073323F0070303F10802C8F8E5
:1002B0000020D3E90023C4E91223D4E9128929F0EC
:1002C00000430793CDF8188008EE100A9F4BDDE934
:1002D00006014FF0FF321AF015FF88BBDDE9060179
:1002E0009A4B4FF0FF321AF0EFFE48BB002200237A
:1002F000404649461AF0DEFE10B12D2384F8433003
:10030000934B9448BBF1470F94BF98468046032314
:100310002361059B23F0040222604FF0000900973F
:1003200033460BAA2146284600F0D8F9013040F0A8
:1003300090804FF0FF300DB0BDEC028BBDE8F08F28
:1003400042464B46404649461AF0DCFE40B14B4619
:10035000002BBCBF2D2384F843307F487F4BD1E76F
:1003600063680BF0DF0206925A1C3FD106236360DC
:10037000059B616843F48062002303930AABCDE9D7
:1003800001B309AB49EC108B009322600DF12303FC
:100390002846FFF7CDFE069B0999472B804608D1DA
:1003A000C81C02DB6368994241DDABF1020B5FFAC6
:1003B0008BFBBBF1650F20D801395A4604F1500080
:1003C0000991FFF717FF0A9A1318012A8146236142
:1003D00002DC2268D20701D5013323619DF8233066
:1003E000002B9CD02D2384F8433098E7069A472AA7
:1003F000BED1002BBCD10123B9E7BBF1660F18D1E8
:10040000002963680BDD216113B92268D00702D58A
:1004100001330B442361A1654FF00009DEE713B9F6
:100420002268D20701D50233F4E70123F2E74FF047
:10043000670B0A9B994205DB23682161D807EAD53F
:100440004B1CE7E70029D4BFC1F10202012213448B
:10045000E0E723685A0507D4236942463146284617
:10046000B84701302CD164E7BBF1650F40F2E08062
:10047000D4E91201002200231AF012FE002834D021
:10048000374A012331462846B84701303FF451AF7F
:10049000DDE909239A4202DB2368D80710D518EE5C
:1004A000103A524631462846B84701303FF441AF32
:1004B0004FF0000804F11A090A9B013B434509DC8F
:1004C00023689B0700F10581E0680B9B9842B8BF49
:1004D000184630E701234A4631462846B8470130DE
:1004E0003FF427AF08F10108E6E7099B002B39DC50
:1004F0001B4A012331462846B84701303FF419AF63
:10050000DDE90923134302D12368D907D8D518EEB2
:10051000103A524631462846B84701303FF409AFF9
:100520004FF0000904F11A0A099B5B424B4501DCBC
:100530000A9B92E70123524631462846B8470130CC
:100540003FF4F7AE09F10109EEE700BFFFFFEF7FCF
:100550008DE1030091E1030099E1030095E10300BF
:100560009DE103000A9AA36D9A42A8BF1A46002A89
:10057000914637DC4FF0000B29EAE97904F11A02C1
:10058000A36D0593A3EB09035B4533DCDDE9092388
:100590009A423BDB2368DA0738D40A9B059A09990B
:1005A0009A1AA3EB01099145A8BF9146B9F1000F32
:1005B00035DC4FF0000829EAE97904F11A0ADDE98F
:1005C00009239B1AA3EB090343457FF779AF012366
:1005D000524631462846B84701303FF4AAAE08F1EA
:1005E0000108ECE71346314642462846B847013039
:1005F000C0D19EE60123314628460592B847013016
:100600003FF497AE059A0BF1010BB9E718EE103ADB
:10061000524631462846B8470130BED189E6059A90
:100620004B46424431462846B8470130C1D180E6A6
:100630000A9A012A01DCDB0738D5012342463146FC
:100640002846B84701303FF474AE18EE103A5246CF
:1006500031462846B84701303FF46BAED4E9120169
:10066000002200231AF01CFDD8B90A9B08F10102F0
:10067000013B31462846B84701300ED159E60123E7
:10068000524631462846B84701303FF452AE08F191
:1006900001080A9B013B4345F1DC4B4604F1500243
:1006A000DCE64FF0000804F11A0AF2E701234246A3
:1006B000DFE701234A4631462846B84701303FF478
:1006C00038AE08F10108E3680B995B1A4345F0DC8A
:1006D000FAE64FF0000804F11909F4E72DE9F047B4
:1006E000164699468A680B69DDF820809342B8BFA8
:1006F0001346336091F8432007460C460AB1013394
:1007000033602368990642BF33680233336025683B
:1007100015F0060506D104F1190AE36832689B1A40
:10072000AB4226DC94F84320131E226818BF012335
:1007300092062BD404F1430249463846C0470130A3
:100740001ED02368E568326803F00603042B08BF57
:10075000AD1AA36822690CBF25EAE575002593420E
:10076000C4BF9B1AED1800261A34B5421AD10020D6
:1007700008E00123524649463846C047013003D1BC
:100780004FF0FF30BDE8F0870135C6E7E1185A1C8D
:10079000302081F84300224494F8451082F8431039
:1007A0000233C7E70123224649463846C047013095
:1007B000E6D00136D9E700002DE9FF470F7E0C9DFA
:1007C000782F914680460C469A4601F1430207D89D
:1007D000622F0AD8002F00F0D880582F00F0A38095
:1007E00004F1420584F842703AE0A7F16303152B47
:1007F000F6D801A151F823F0510802006508020063
:10080000E1070200E1070200E1070200E107020040
:1008100065080200E1070200E1070200E1070200AB
:10082000E107020071090200950802005309020065
:10083000E1070200E107020093090200E10702005C
:1008400095080200E1070200E10702005B090200CF
:100850002B681A1D1B682A6004F1420584F8423097
:100860000123A3E020682968060601F104030AD5E4
:100870000E682B60002E03DA2D23764284F8433075
:100880005E480A2319E00E682B6010F0400F18BF75
:1008900036B2EFE72B682068191D2960010601D5E3
:1008A0001E6802E04606FBD51E8854486F2F0CBF19
:1008B00008230A23002184F843106568A560002DF1
:1008C000A2BF216821F0040121600EB9002D4DD096
:1008D0001546B6FBF3F103FB1167C75D05F8017D13
:1008E0003746BB420E46F4D9082B0BD12368DE07EE
:1008F00008D5236961689942DEBF302305F8013CC1
:1009000005F1FF35521B2261CDF800A04B4603AA2A
:1009100021464046FFF7E2FE01304CD14FF0FF3058
:1009200004B0BDE8F087354881F845702968236830
:1009300051F8046B29601D0614D5DF0744BF43F04E
:10094000200323601EB9236823F0200323601023B3
:10095000B0E7236843F0200323607823284884F815
:100960004530E3E7590648BFB6B2E6E71546BBE7B0
:100970002B6826686169181D286035061B6801D53B
:10098000196002E07006FBD519800023236115462B
:10099000BAE72B681A1D2A601D6862680021284684
:1009A000FFF7F6F908B1401B60606368236100231C
:1009B00084F84330A8E723692A4649464046D04791
:1009C0000130ABD023689B0713D4E068039B9842A7
:1009D000B8BF1846A4E70123324649464046D047EF
:1009E00001309BD00135E36803995B1AAB42F2DC1E
:1009F000EBE7002504F11906F5E700BF9FE10300CE
:100A0000B0E1030010B50246147813460132002C01
:100A1000FAD1013B11F8012B03F8012F002AF9D17B
:100A200010BD10F8012B11F8013B012A28BF9A4292
:100A3000F7D0D01A7047034611F8012B03F8012BA9
:100A4000002AF9D17047034613F8012B002AFBD185
:100A5000181A0138704710B57AB103460139841865
:100A600013F8010B11F8012F904201D1A34201D1DB
:100A7000801A10BD0028F3D1FAE71046F9E700000C
:100A8000012B2DE9F04701D0242B06D900F0C6FF39
:100A9000162303600020BDE8F087DFF8E4C00D46B0
:100AA0002E4615F8014B14F80C7017F00807F7D113
:100AB0002D2C32D12C780127B51C002B5BD0102BAC
:100AC00009D1302C07D12C7804F0DF04582C4DD1FB
:100AD0006C781023023507F1004808F1FF384FF019
:100AE000000CB8FBF3F9664603FB198AA4F1300E3B
:100AF000BEF1090F16D87446A34224DDBCF1000FE5
:100B00001EDBB1451CD301D1A24519DB06FB034610
:100B10004FF0010C15F8014BE8E72B2C04BF2C78A3
:100B2000B51CCAE7A4F1410EBEF1190F01D8373C3C
:100B3000E2E7A4F1610EBEF1190F04D8573CDBE7E0
:100B40004FF0FF3CE6E7BCF1000F05DA222303601B
:100B5000464642B930469EE707B17642002AF9D0B0
:100B6000BCF1000F00D0691E1160F3E73024002BA8
:100B7000B1D10823AFE7302CA5D00A23ABE700BFE3
:100B8000C2E1030013460A46014602480068FFF727
:100B900077BF00BFE8050020F8B50E4614460546AD
:100BA00018B183690BB901F059F8214B9C422BD144
:100BB0006C68A369A360A3891A072FD523696BB357
:100BC00023692068C01A6369F6B28342374604DCA1
:100BD0002146284600F0AEFF30BBA368013BA3606E
:100BE00023685A1C22601E7063690130834204D05E
:100BF000A389DB0706D50A2E04D12146284600F03A
:100C000099FF88B93846F8BD0A4B9C4201D1AC68BF
:100C1000CFE7094B9C4208BFEC68CAE7214628464B
:100C200000F00CF80028CBD04FF0FF37EAE700BF08
:100C300098E30300B8E3030078E30300324B70B598
:100C40001D6806460C4625B1AB6913B9284601F06C
:100C500005F82E4B9C420FD16C68A389B4F90C2087
:100C600019072CD4DD0611D40923336042F0400368
:100C7000A3814FF0FF303EE0254B9C4201D1AC6890
:100C8000EBE7244B9C4208BFEC68E6E7580712D517
:100C9000616B41B104F14403994202D0304601F046
:100CA000ABFC00236363A38923F02403A381002307
:100CB000636023692360A38943F00803A381236948
:100CC0004BB9A38903F42073B3F5007F03D0214609
:100CD000304601F08DF8A089B4F90C2010F0010322
:100CE0000AD00023A36063695B42A361236943B90F
:100CF00010F08000BAD170BD810758BF6369A3604E
:100D0000F4E70020F7E700BFE805002098E30300C0
:100D1000B8E3030078E3030008B5062001F0B4FD52
:100D2000012001F0FBFE2DE9F74F03690C69A34296
:100D30000746C0F28180013C01F1140800F114055E
:100D400005EB8403019358F8243055F8242001332F
:100D50009A424FEA840B08EB8409B2FBF3F631D3D5
:100D60004FF0000E4046AC46F24650F8042B93B2CA
:100D700006FB03E34FEA134E9BB2AAEB0303DCF836
:100D800000A0120C13FA8AF306FB02E20093009B08
:100D90004FEA124E92B2C2EB1A4202EB2342BDF866
:100DA0000030814543EA02434CF8043B4FEA224AB3
:100DB000DBD255F80B302BB9019B043B9D421A4600
:100DC0002ED33C61384601F0FFFA002824DB0136BF
:100DD00028464FF0000C58F8042BD0F800E093B2EE
:100DE000ACEB0303120C13FA8EF3C2EB1E4202EBC0
:100DF00023429BB243EA0243C14540F8043B4FEA19
:100E0000224CE8D255F8242005EB840322B9043B98
:100E10009D421A460AD33C61304603B0BDE8F08FCC
:100E20001268043B002ACCD1013CC7E71268043B9E
:100E3000002AF0D1013CEBE70020EEE700000000C3
:100E40002DE9F04F2DED048B57EC106B93B0456AF4
:100E5000DDF88080069110EE10AA044609920C93EA
:100E6000BB4675B9102001F003F80246606220B954
:100E7000A74BEA21A748FEF71FFFC0E9015505600F
:100E8000C560636A196851B15A684A60012393408A
:100E90008B60204601F056F8636A00221A603B1E00
:100EA000AABF002323F0004BC8F800309A4BBCBF08
:100EB0000122C8F8002033EA0B031BD10C9A42F23E
:100EC0000F731360CBF31303334300F09285219B20
:100ED00063B9924B22E0924B01930833219A13603D
:100EE000019813B0BDEC048BBDE8F08F8B4B0193E0
:100EF0000333F3E700220023504659461AF0D0F896
:100F00004BEC19AB804658B10C9A01231360219B1E
:100F1000002B00F06B8583481860431E0193DFE7C8
:100F20004BEC10AB10AA11A9204601F0F3FACBF359
:100F30000A5508EE100A002D00F0848019EE903A50
:100F4000C3F3130343F07F57564647F44017A5F207
:100F5000FF35CDF83880744B00223046394619F001
:100F60007FFC65A3D3E9002319F032FE64A3D3E923
:100F7000002319F077FC064628460F4619F0BEFDFF
:100F800061A3D3E9002319F023FE02460B46304645
:100F9000394619F067FC06460F461AF0C9F80022D8
:100FA00000900023304639461AF084F850B100987A
:100FB00019F0A4FD32463B461AF072F810B9009BB6
:100FC000013B0093009B162B5AD8009A574B03EB1A
:100FD000C203D3E9002351EC190B1AF06BF8002877
:100FE00050D0009B013B009300230B93109B5D1B93
:100FF0006B1E059345BFC5F1010304930023002335
:101000004CBF05930493009B002B3DDB059B009A8E
:101010000A921344059300230793069B092B00F2C1
:101020008980052BC4BF043B0693069BA3F10203F2
:10103000CCBF00250125032B00F28780DFE803F0F9
:101040002D3A3859DDE910531D4405F23243202B67
:10105000C1BFC3F1400305F212400BFA03F326FAB5
:1010600000F0DABFC3F1200306FA03F0184319F0C9
:1010700035FD01230646A1F1F877013D0E936AE79D
:101080000123B2E70B90B1E7049B009A9B1A0493EB
:101090005342079300230A93BFE700230893099B59
:1010A000002B55DC0123CDE902331A4609920CE0EE
:1010B0000123F3E70023099A0893009B134402934A
:1010C0000133012B0393B8BF0123606A0022426001
:1010D000042202F114069E4241683DD9204600F0E8
:1010E000F1FE019000283BD1114B02464FF4D5711F
:1010F000C0E60123DFE700BF61436F63A787D23FEC
:10110000B3C8608B288AC63FFB799F501344D33FF6
:10111000CFE20300E6E203000000F07FCBE2030031
:10112000C2E203009EE103000000F83F80E40300F8
:1011300064E3030001250023069308954FF0FF3375
:10114000CDE9023300221223B0E701230893F5E72B
:10115000099BCDE90233B8E7013141605200B8E79D
:10116000636A019A1A60039B0E2B00F29D80002D8A
:1011700000F09A80009B002B32DDB74A03F00F038A
:1011800002EBC303D3E90089009BD8054FEA23177C
:1011900016D5B24B51EC190BD3E9082319F042FED6
:1011A00007F00F0782468B460325AC4E57B94246DF
:1011B0004B465046594619F035FE82468B4628E08C
:1011C0000225F2E7F90708D540464946D6E900234B
:1011D00019F0FEFC0135804689467F100836E5E7A8
:1011E00000F09B80009B9D4F5E429B4B06F00F02E0
:1011F00003EBC203D3E9002351EC190B19F0E8FC0F
:10120000361182468B4600230225002E7AD1002B10
:10121000D3D10B9B002B00F08280914B00225046D3
:10122000594619F047FF002879D0039B002B76D050
:10123000029B002B36DD009B504659465F1E002264
:10124000884B19F0C5FC029E82468B460135284624
:1012500019F054FC52465B4619F0BAFC824B00224E
:1012600019F000FBD046D9468246A1F1507B002EF2
:1012700058D17E4B00224046494619F0F1FA5246B9
:101280005B468046894619F033FF002840F095827E
:1012900052460BF100434046494619F00BFF002827
:1012A00040F089825BEC19AB119B002BC0F24881A6
:1012B000009A0E2A00F34481674B03EBC203D3E983
:1012C0000089099B002B80F2D580039B002B00F343
:1012D000D18040F06F82654B00224046494619F0AC
:1012E00077FC52465B4619F0F9FE039E374600280C
:1012F00040F04582019D312305F8013B009B0133FD
:10130000009340E2F20705D5D7E9002319F060FC0D
:10131000013501237610083777E7022579E7009F2A
:10132000039E94E701994C4B31440D91089903EBCE
:10133000C60353E90223002943D04D49002019F088
:1013400071FD52465B4619F08BFA019D82468B4631
:101350004946404619F0ECFE064619F0CFFB02461E
:101360000B464046494619F07BFA303605F8016BCA
:1013700052465B468046894619F09CFE002863D1A0
:1013800042464B463649002019F06AFA52465B46FF
:1013900019F090FE002840F0B5800D9B9D4281D051
:1013A000304B00225046594619F012FC2D4B824614
:1013B0008B4640464946002219F00AFC8046894681
:1013C000C6E75046594619F003FC0D9B019D0F934B
:1013D00082468B464946404619F0AAFE064619F059
:1013E0008DFB303602460B464046494619F038FA26
:1013F00005F8016B0D9B9D42804689464FF0000227
:1014000024D11B4B5046594619F02CFA02460B4684
:101410004046494619F06CFE002873D152465B469F
:101420001349002019F01CFA02460B464046494673
:1014300019F040FE00283FF435AF0F9D6B1E0F934F
:1014400015F8013C302BF8D0009749E0054B19F016
:10145000BFFB80468946BDE780E4030058E40300F3
:101460000000F03F0000244000001C400000144039
:101470000000E03F019D56465F4642464B463046DF
:10148000394619F0CFFC19F053FE824619F036FBAD
:1014900042464B4619F09CFB02460B463046394605
:1014A0000AF1300619F0DCF905F8016B019E039F83
:1014B000AE1BB74202460B4635D119F0D3F942466E
:1014C0004B4606460F4619F013FED0B942464B462E
:1014D0003046394619F0E4FD10B11AF0010F10D171
:1014E000204618EE101A00F02DFD002300982B70F6
:1014F0000C9B01301860219B002B3FF4F1AC1D6068
:10150000EEE4009F2B461D4613F8012D392A06D123
:10151000019A9A42F7D10199302201370A701A785C
:1015200001321A7090E7A64B002219F051FB0022FD
:10153000002306460F4619F0B3FD00289DD0CFE7E3
:10154000089A002A00F0D780069A012A00F3BA8090
:101550000E9A002A00F0B28003F23343079E049DE6
:10156000049A1A440492059A01211A4420460592CD
:1015700000F0A0FD0746002D0CDD059B002B09DDCA
:10158000AB42049AA8BF2B46D21A0492059AED1AD0
:10159000D31A0593079B1BB3089B002B00F0AF8069
:1015A000002E13DD39463246204600F043FE18EE89
:1015B000102A01460746204600F092FD18EE101A48
:1015C0008046204600F0BEFC08EE108A079B9A1B5E
:1015D00006D018EE101A204600F02CFE08EE100A75
:1015E0000121204600F066FD0A9B002B064640F3D1
:1015F00088801A460146204600F01CFE069B012BFF
:10160000064640F381804FF00008336906EB830300
:10161000186900F0FFFCC0F12000059B184410F091
:101620001F0000F09280C0F12003042B40F38A8059
:10163000C0F11C00049B03440493059B0344054430
:101640000593049B002B07DD18EE101A1A4620465E
:1016500000F04AFE08EE100A059B002B05DD31461E
:101660001A46204600F040FE06460B9B002B6ED02B
:1016700018EE100A314600F0A7FE002867DA009B3A
:10168000013B18EE101A00930A220023204600F0B6
:101690007BFC089B08EE100A002B00F0B1810023B0
:1016A00039460A22204600F06FFC029B002B0746B9
:1016B00000F38E80069B022B51DC89E0109BC3F166
:1016C00036034BE7039B5E1E079BB342BFBF079BDE
:1016D0000796F21A0A9BB6BF9B189E1B0A93039BA0
:1016E000B8BF0026002BB7BFDDE90323DDE90335D2
:1016F0009D1A002334E7079E049D089F3BE7079A45
:1017000067E7069B012B18DCBAF1000F15D1CBF36C
:10171000130393B92BF000431B0D1B0583B1049BEE
:1017200001330493059B013305934FF001080A9B95
:10173000002B7FF46AAF01206FE74FF00008F6E757
:101740009846F4E73FF47DAF18461C3072E7039BE0
:10175000002B37DC069B022B34DD039B0293029B9C
:101760006BB931460522204600F00EFC01460646C4
:1017700018EE100A00F028FE00283FF7BBAD099BC9
:10178000019DDB4300934FF000083146204600F0F6
:10179000D9FB002F3FF4A4AEB8F1000F05D0B84537
:1017A00003D04146204600F0CDFB3946204600F0EC
:1017B000C9FB95E600263746E1E70097374699E5ED
:1017C00000002440089B002B00F0CA80039B02937A
:1017D000002D05DD39462A46204600F085FD0746E6
:1017E000B8F1000F5BD07968204600F06BFB05462E
:1017F00028B9874B024640F2EA21FFF73BBB3A6922
:101800000232920007F10C010C30FEF721FB01229D
:101810002946204600F068FD019B03F10109DDE93E
:101820000123134405930AF00103B84604930746C5
:10183000314618EE100AFFF776FA4146029000F1A1
:10184000300A18EE100A00F0BFFD3A460390314608
:10185000204600F0D5FDC26809F1FF3B054602BBFA
:10186000014618EE100A00F0AFFD02462946204658
:10187000079200F067FBDDE9063243EA0201049BB0
:101880000B434D460FD1BAF1390F2AD0039B002BE1
:1018900002DD029B03F1310A8BF800A075E73846A0
:1018A000BAE70122E2E7039B002B04DB06990B4316
:1018B00004990B4322D1002AEEDD18EE101A012202
:1018C000204600F011FD314608EE100A00F07CFDC4
:1018D000002803DCE0D11AF0010FDDD0BAF1390F96
:1018E000D7D139238BF800302B461D46013B15F824
:1018F000012C392A71D001321A7046E7002A07DD1F
:10190000BAF1390FEDD00AF101038BF800303CE752
:10191000059B09F801AC994547D018EE101A002331
:101920000A22204600F030FBB84508EE100A4FF0BE
:1019300000034FF00A024146204606D100F024FB86
:101940008046074609F1010972E700F01DFB3946A0
:10195000804600230A22204600F016FB0746F1E7E6
:10196000039B0293019D18EE100A3146FFF7DBF945
:1019700000F1300A019B05F801ABEA1A029B934281
:1019800009DD18EE101A00230A22204600F0FCFAA6
:1019900008EE100AE7E7029B002BC8BF1D46019B1B
:1019A000D8BF01251D444FF0000818EE101A01227F
:1019B000204600F099FC314608EE100A00F004FDC4
:1019C000002891DC02D11AF0010F8DD12B461D4663
:1019D00013F8012D302AFAD0D7E6019A9A4284D121
:1019E000009B0133009331231370CEE6094BFFF7C0
:1019F00095BA219B002B7FF46EAA074BFFF78EBA96
:101A0000029B002BAEDC069B022B3FF7A8AEA9E79A
:101A100064E303009DE10300C2E20300014B186888
:101A2000704700BFE80500208A892DE9F04105468E
:101A300010070C4658D44B68002B05DC0B6C002BB0
:101A400002DC0020BDE8F081E66A002EF9D0002318
:101A500012F480522F682B6032D0606DA3895A0730
:101A600005D56368C01A636B0BB1236CC01A0023E1
:101A70000246E66A216A2846B047431CA38906D17C
:101A800029681D292CD82A4ACA40D60728D5002201
:101A90006260D9042269226004D5421C01D12B68FE
:101AA00003B96065616B2F600029CAD004F144035B
:101AB000994202D0284600F09FFD00206063C1E7F4
:101AC000216A01232846B047411CC7D12B68002B4F
:101AD000C4D01D2B01D0162B01D12F60B1E7A389F3
:101AE00043F04003A381ADE70F69002FA9D093070E
:101AF0000E6808BF4B690F6018BF0023A6EB0708EC
:101B00008B60B8F1000F9CDD216AA66A43463A4615
:101B10002846B047002806DCA38943F04003A38190
:101B20004FF0FF308EE70744A8EB0008E9E700BF5D
:101B30000100402038B50B6905460C4613B9002555
:101B4000284638BD18B183690BB900F087F8144BEB
:101B50009C421BD16C68B4F90C30002BEFD0626E44
:101B6000D00704D4990502D4A06D00F01AF92846D4
:101B70002146FFF759FF636EDA070546E0D4A389D3
:101B80009B05DDD4A06D00F00DF9D9E7054B9C4213
:101B900001D1AC68DFE7044B9C4208BFEC68DAE790
:101BA00098E30300B8E3030078E30300002310B5D3
:101BB0000446C0E90033C0E9043383608181436691
:101BC000C2818361194608225C30FEF74FF9054B4C
:101BD0006362054BA362054BE362054B24622363FA
:101BE00010BD00BFC1280200E32802001B2902002B
:101BF0003F290200014900F0AFB800BF351B0200C9
:101C000070B568224D1E55430E4605F1740100F073
:101C10005FFD044640B10021C0E900160C30A06011
:101C200005F16802FEF722F9204670BD014800F078
:101C3000B8B800BFB9A40020014800F0B3B800BF95
:101C4000B9A40020014800F0ACB800BFBAA400203D
:101C5000014800F0A7B800BFBAA4002010B50446A0
:101C6000FFF7F0FFA3691BB1BDE81040FFF7F0BF1D
:101C7000C4E912332365134B134A1B68A262A342C3
:101C800004BF0123A361204600F020F860602046D5
:101C900000F01CF8A060204600F018F80022E06078
:101CA00004216068FFF782FFA06801220921FFF785
:101CB0007DFFE06802221221FFF778FF0123A36174
:101CC000D2E700BF78E10300F51B0200F8B5074634
:101CD000FFF7ACFF1E4B1E68B36913B93046FFF720
:101CE000BDFF4836D6E90134013B03D533680BB359
:101CF0003668F7E7B4F90C50D5B9164BE36004F138
:101D00005800656600F04CF8FFF796FFC4E90155EE
:101D1000C4E904552560A5610822294604F15C0048
:101D2000FEF7A4F8C4E90D55C4E912552046F8BDE4
:101D30006834D9E704213846FFF762FF0446306073
:101D40000028D5D1FFF778FF0C233B60EEE700BFFA
:101D500078E103000100FFFF2DE9F84306468846BD
:101D600000F148040027D4E90195B9F1010905D52E
:101D70002468002CF7D13846BDE8F883AB89012BE5
:101D800007D9B5F90E30013303D029463046C04794
:101D900007436835E9E70000004870473C0700202A
:101DA00070477047704770B50E46B1F90E100029A4
:101DB00096B014461D4608DAB6F90C3000222A60A7
:101DC0001A0610D44FF480630EE06A4600F0DEFD80
:101DD0000028F1DB019A02F47042A2F500535A4246
:101DE0005A412A60EEE740230020236016B070BD00
:101DF0008B8973B59D0706460C4607D504F147034A
:101E0000236023610123636102B070BD01AB6A46A8
:101E1000FFF7C9FF00990546304600F059FC48B964
:101E2000B4F90C309A05EFD423F0030343F0020316
:101E3000A381E3E70D4BB362A389206043F08003E5
:101E4000A381009B6361019B20615BB1B4F90E101B
:101E5000304600F0ADFD28B1A38923F0030343F021
:101E60000103A381A0890543A581CDE7F51B0200ED
:101E7000024B0146186800F02BBC00BFE8050020AB
:101E8000024B0146186800F0B7BB00BFE805002010
:101E9000884210B501EB020402D98442234607D8D8
:101EA000431EA14208D011F8012B03F8012FF8E7D7
:101EB000024401468A4200D110BD13F8014D02F8D8
:101EC000014DF7E770B5466A04460D4676B9102015
:101ED000FFF7CEFF0246606220B9184B1848662112
:101EE000FDF7EAFEC0E901660660C660666AF3684F
:101EF00083B1636ADB6853F82500B8B9012101FAA0
:101F000005F6721D9200204600F060FB60B1C0E94A
:101F100001560EE021220421204600F057FB636A9F
:101F2000F060DB68002BE4D1002070BD026843F84C
:101F300025200023C0E90333F7E700BFCFE2030009
:101F4000D8E3030070B5466A05460C4676B9102002
:101F5000FFF78EFF0246686220B9094B09488A21C3
:101F6000FDF7AAFEC0E901660660C6603CB16B6A77
:101F70006268DB6853F82210216043F8224070BD8C
:101F8000CFE20300D8E303002DE9F0410D690746D5
:101F90000C461E4601F1140C0020DCF8003099B20A
:101FA00002FB01611E0C0B0C02FB063389B20130EF
:101FB00001EB034185424CF8041B4FEA1346ECDC6D
:101FC0000EB3A368AB4219DC616838460131FFF7F4
:101FD00079FF804628B902460C4B0D48B521FDF724
:101FE0006BFE2269023204F10C0192000C30FDF705
:101FF0002FFF21463846FFF7A5FF444604EB850333
:1020000001355E6125612046BDE8F08164E303008F
:10201000D8E30300030C1B04D3B90004102310F011
:102020007F4F04BF0002083310F0704F04BF00015F
:10203000043310F0404F04BF80000233002805DB5A
:1020400010F0804F03F1010308BF202318467047AA
:102050000023E4E7036813F0070201460BD0DA0718
:1020600023D4980749BF5B089B0801200B605CBF25
:102070000B600220704798B2A8B91B0C1020DAB28E
:102080000AB908301B0A1A0704BF1B0904309A0753
:1020900004BF9B080230DA0703D45B0800F101009B
:1020A00005D00B6070471046E9E7002070472020FC
:1020B0007047000010B50C460121FFF703FF0246F0
:1020C00028B9054B05484FF4A071FDF7F5FD012334
:1020D0004461036110BD00BF64E30300D8E3030063
:1020E0002DE9F04F91460A69D9F810309A42B8BFED
:1020F0000B460C46BCBF4C4699462769D9F810A040
:10210000A368616807EB0A06B34285B0B8BF013126
:10211000FFF7D8FE30B90246444B454840F25D1106
:10212000FDF7CAFD00F1140505EB86082B460022D9
:10213000434521D304F1140303EB870709F114038A
:1021400003EB8A0202923A1B153A22F00302043290
:1021500004F115018F4238BF04220192029A0393C1
:102160009A420CD8002E03DD58F8043D002B5AD0BB
:10217000066105B0BDE8F08F43F8042BD8E7B3F84B
:1021800000A0BAF1000F24D004F1140EA9464FF0BC
:10219000000C5EF8042BD9F800101FFA82FB89B2FC
:1021A0000AFB0B114FEA124BD9F8002061444FEAA9
:1021B000124C0AFB0BC202EB114289B241EA024106
:1021C000774549F8041B4FEA124CE2D8019A45F8CA
:1021D00002C0039AB2F802900433B9F1000F20D084
:1021E000296804F1140CAE464FF0000ABCF800B0A8
:1021F000BEF8022009FB0B22924489B241EA0A414F
:102200004EF8041B5CF8042BBEF80010120C09FBFE
:10221000021101EB1A4167454FEA114AE6D8019ACB
:10222000A95004359AE7013E9CE700BF64E3030030
:10223000D8E303002DE9F843154612F003020646E1
:102240000F4607D0254C013A002354F82220FFF70F
:102250009BFE0746AD103DD0746A7CB91020FFF795
:1022600007FE0246706228B91D4B1E484FF4D77115
:10227000FDF722FDC0E901440460C460D6F8248063
:10228000D8F808404CB940F271213046FFF712FFF0
:102290000023C8F80800044603604FF00009EB076C
:1022A0000AD5394622463046FFF71AFF394680469E
:1022B0003046FFF747FE47466D100BD0206838B90F
:1022C000224621463046FFF70BFF2060C0F8009001
:1022D0000446E4E73846BDE8F88300BF48E503005C
:1022E000CFE20300D8E303002DE9F0470C4649682C
:1022F000236903EB6218A368074691464FEA621A06
:1023000008F10106B3420BDB3846FFF7DBFD05465B
:1023100048B902462A4B2B4840F2D911FDF7CCFCB4
:1023200001315B00EEE7002300F1140100F110021F
:102330001846534537DB20692AEAEA7A04F1140388
:1023400019F01F0901EB8A0103EB80002FD0C9F1BE
:10235000200E8A464FF0000C1A6802FA09F242EA8F
:102360000C024AF8042B53F8042B984222FA0EFC74
:10237000F2D8031B153B23F00303043304F11502C9
:10238000904238BF042341F803C0BCF1000F01D0D4
:1023900008F10206013E38462E612146FFF7D2FDC4
:1023A0002846BDE8F08742F8040F0133C1E704393D
:1023B00053F8042B41F8042F9842F9D8EAE700BFFC
:1023C00064E30300D8E3030030B502690C69121B13
:1023D0000ED100F11403143103EB840001EB8401EE
:1023E00050F8045D51F8044DA54203D005D30122F5
:1023F000104630BD8342F3D3FAE74FF0FF32F7E7E0
:102400002DE9F84F0C460646114620469046FFF748
:10241000DBFF051E10D129463046FFF753FD30B9CA
:102420003A4B024640F232213948FDF745FC012380
:10243000C0E90435BDE8F88FA4BF4346A046304646
:10244000D8F80410A6BF1C4600250125FFF73AFD69
:1024500020B92E4B02464FF41071E5E7D8F8107002
:102460002669C56004F1140908F1140500F1140E81
:1024700005EB870C09EB860608F11002F2460021F5
:1024800059F8043B52F804BF1FFA83F811FA8BF194
:102490001B0CA1EB0808C3EB1B4303EB28431FFAFB
:1024A00088F819144E4548EA03434AF8043BE7D834
:1024B000331B153B23F0030304331534A64238BF06
:1024C00004231D4473449E462E4666450ED30CF1EC
:1024D0000302521B22F00302033DAC4538BF002229
:1024E0001A4452F8043D7BB10761A3E756F8048B08
:1024F00011FA88F2141404EB184492B242EA04422E
:102500004EF8042B2114E0E7013FEAE764E30300FF
:10251000D8E303002DE9F7438946012157EC106BFE
:102520009046FFF7CFFC044630B90246254B2648BB
:1025300040F20A31FDF7C0FBC7F30A55C7F3130396
:1025400035BB002E019328D068460096FFF782FD28
:10255000009900B3019AC0F1200302FA03F30B4380
:10256000C24063610192019BA361002B14BF022250
:1025700001222261D5B1A5F233450544C9F80050C6
:10258000C0F13500C8F80000204603B0BDE8F08374
:1025900043F48013D5E76161E5E701A8FFF75AFD31
:1025A000019B6361012222612030E3E704EB820397
:1025B000A0F23240C9F800001869FFF72BFDC0EB0C
:1025C0004210DFE764E30300D8E3030037B5A1FB63
:1025D00002244CB91146019200F07AF8019A05469E
:1025E00030B9284603B030BD0C2202600025F8E760
:1025F0002146FDF73BFCF4E737B5002944D051F8FC
:10260000043C0190002BA1F10404B8BFE41800F0D1
:1026100003FA1E4A0198136833B96360146003B06B
:10262000BDE8304000F0FEB9A34208D92568611921
:102630008B4201BF19685B6849192160EDE71A46B2
:102640005B680BB1A342FAD911685518A5420BD1AA
:10265000246821445418A3421160E0D11C685B68CF
:10266000536021441160DAE702D90C230360D6E7F6
:10267000256861198B4204BF19685B68636004BFF9
:10268000491921605460CAE703B030BDBCA40020E2
:1026900070B50E4E0C463168054611B900F0BCF815
:1026A00030602146284600F0B7F8431C0AD0C41C0D
:1026B00024F00304A04207D0211A284600F0ACF809
:1026C000013001D14FF0FF34204670BDC0A400207E
:1026D0002DE9F041CD1C25F0030508350C2D38BF40
:1026E0000C25002D074601DBA94205D90C233B60D0
:1026F00000263046BDE8F0812E4E00F08DF933689B
:102700001C4634BB29463846FFF7C2FF431C04462B
:102710004DD134682646002E40D1236831463846D4
:1027200004EB030800F078F880453AD121680335BE
:102730006D1A25F0030508350C2D38BF0C252946E8
:102740003846FFF7A5FF01302BD023682B442360C8
:102750000EE02268521B1ED40B2A16D96119A3421F
:10276000256018BF5960636808BF316062514B60D3
:10277000384604F10B0600F055F926F00706231D34
:10278000F21AB6D09B1BA350B3E76268A3420CBFFA
:1027900032605A60ECE723466468B2E734467668F4
:1027A000B9E70C233B60384600F03CF9A1E725600F
:1027B000DEE700BFBCA400202DE9F04180461446AE
:1027C0000E4621B9BDE8F0411146FFF781BF2AB995
:1027D000FFF712FF25462846BDE8F08100F028F9F2
:1027E0008442074602D8B4EB500F12D82146404627
:1027F000FFF76EFF05460028EDD0BC422246314669
:1028000028BF3A46FDF724FB31464046FFF7F4FE69
:10281000E1E73546DFE7000038B5064D0023044602
:1028200008462B6000F064F9431C02D12B6803B109
:10283000236038BDC4A400201F2938B504460D46C6
:1028400004D9162303604FF0FF3038BD426C12B13B
:1028500052F821304BB9204600F030F82A460146A4
:102860002046BDE8384000F017B8012B0AD0591CAB
:1028700003D1162303600120E7E7002442F8254036
:10288000284698470020E0E7024B01461868FFF70A
:10289000D3BF00BFE805002038B5074D002304462C
:1028A000084611462B6000F00BF9431C02D12B683F
:1028B00003B1236038BD00BFC4A4002000F0F0B80D
:1028C00010B50C46B1F90E1000F0BAF80028ABBFF5
:1028D000636DA3891B1823F48053ACBF6365A38188
:1028E00010BD2DE9F0411F468B89DB0505460C46DE
:1028F000164605D5B1F90E100223002200F068F843
:10290000A389B4F90E1023F48053A38132463B46C9
:102910002846BDE8F04100F017B810B50C46B1F9F3
:102920000E1000F055F8431CA38915BF606523F411
:10293000805343F48053A38118BFA38110BDB1F924
:102940000E1000F013B8000038B5074D04460846D5
:10295000114600222A601A4600F0D8F8431C02D122
:102960002B6803B1236038BDC4A4002038B5064DE0
:102970000023044608462B6000F082F8431C02D175
:102980002B6803B1236038BDC4A4002038B5074DBF
:1029900000230446084611462B6000F079F8431CDA
:1029A00002D12B6803B1236038BD00BFC4A400204E
:1029B00038B5064D0023044608462B6000F078F831
:1029C000431C02D12B6803B1236038BDC4A400208E
:1029D00038B5074D04460846114600222A601A46BB
:1029E00000F076F8431C02D12B6803B1236038BD98
:1029F000C4A4002082B001B901A942B14BB113783F
:102A00000B601278101E18BF012002B070471046EC
:102A1000FBE76FF00100F8E70148FFF7C2B900BF1C
:102A2000B8A400200148FFF7BDB900BFB8A400203A
:102A300051F8043C181F002BBCBF0B58C01870473E
:102A400038B5074D04460846114600222A601A464A
:102A500000F046F8431C02D12B6803B1236038BD57
:102A6000C4A4002049B1FF2A85BF8A2303600A70ED
:102A70004FF0FF3098BF01207047084670470000B4
:102A8000024B58221A604FF0FF307047C4A4002058
:102A9000024B58221A604FF0FF307047C4A4002048
:102AA000024B58221A604FF0FF307047C4A4002038
:102AB000024B58221A600020704700BFC4A40020B7
:102AC000024B58221A604FF0FF307047C4A4002018
:102AD000024B58221A604FF0FF307047C4A4002008
:102AE000024B58221A604FF0FF307047C4A40020F8
:102AF000044A05491368002B08BF0B4618441060B0
:102B000018467047C8A40020A0A30120024B5822F9
:102B10001A604FF0FF307047C4A40020FEE700BFEA
:102B2000E0F722B8E0F73AB870B5044616461D46FD
:102B300009B9002070BD0B68B3F5004FF9D84B7987
:102B4000022BF6D1E0F790F840B9E0F7A3F800289F
:102B5000EFD0054A13780370591C11700123C0E9A6
:102B6000016544700374E5E7CCA40020F8B50C4679
:102B7000164610B96FF00A00F8BD01B34078E0F7CF
:102B800073F805460028F5D046740E4E0E4A336899
:102B9000D3F80805D3F80475013000234FF4004141
:102BA000B1FBF0F1A1FB040118F03AFB2978E860D1
:102BB000C2190123304603F02BF80020DCE7084659
:102BC000DAE700BF1000002040420F0010B50446B5
:102BD00010B96FF00A0010BD4078E0F745F8002802
:102BE000F7D02178024802F0F9FF0020F3E700BF98
:102BF0001000002073B553074FEA920648BF013614
:102C000004460191E0F716FB0546204603F042FE1C
:102C100001993246204603F059FE2846E0F70FFBA3
:102C2000002002B070BD6FF01100704710B50A4C63
:102C30000A4B23630A4B2146186813F0B7F94FF487
:102C400010612046E0F7CAF804F118004FF4106153
:102C5000BDE81040E0F7C2B8BC0700200048E8011A
:102C6000A8A500200349044B0B63044B186813F01C
:102C70009DB900BFBC07002000093D00A8A50020A9
:102C8000E0F75EB82DE9F0411418C82C86B005466F
:102C900016461F4628DCDFF85C8002464046FDF7FA
:102CA000D7F83246002108EB0500FDF7DFF80023D6
:102CB00005930F4BCDF80480A4B2DFF83C80186870
:102CC000CDF8088001A9CDE9034413F047FA044682
:102CD00018B1204606B0BDE8F081324608EB050188
:102CE0003846FDF7B5F8F4E76FF01000F2E700BFE3
:102CF000A8A5002074A60020ACA500202DE9F04175
:102D00001418C82C86B005461646984619DC0E4F96
:102D100002463846FDF79CF8414632467819FDF7E1
:102D200097F80A4B029300230593094B0197A4B22D
:102D3000186801A9CDE9034413F010FA06B0BDE804
:102D4000F0816FF01000F9E774A60020ACA5002018
:102D5000A8A5002007B5002309488DF807300DF11C
:102D60000701E0F77FF828B1064B074A074895218D
:102D7000FCF7A2FF9DF8070003B05DF804FB00BF5D
:102D800000E603005CE50300D4E503005FE5030013
:102D900008B5FFF7DFFF00B908BD12F0CDFCF8E77A
:102DA00008B506484FF40071E0F718F828B9BDE8F7
:102DB000084003490148E0F773B808BD00E6030086
:102DC0000862010002484FF48051E0F769B800BF83
:102DD00000E6030008B5FFF7F5FF28B9034B1868B4
:102DE000BDE8084013F0A4B908BD00BFA8A50020A5
:102DF00010B50A4C4FF4A0612046DFF7EFFF012029
:102E0000E0F752FA4FF400712046DFF7E7FF0120A8
:102E1000E0F74AFABDE81040FFF724BF14E60300CC
:102E200038B5FFF7CFFF0446002833D1FFF7E0FFA6
:102E30000520E0F739FA1A4813F09AF8194A106099
:102E400050B3194913F0B2F8044618BB174DFFF7F9
:102E500009FF174B2B60174B6B60174B2B61174B00
:102E6000EB602246164B17491748AB60E0F78CF829
:102E7000044678B91548164BFF22C0E9003583F89F
:102E80005820144B8360144BC3600123037412F069
:102E9000D5F904B2204638BD6FF01804FAE700BF38
:102EA0000CE60300A8A50020BC07002094A5002084
:102EB000852C0200FD2C02002D2C0200652C020046
:102EC000272C0200912D020000E6030080A50020BF
:102ED000D0A40020812C0200B807002010B50446C1
:102EE00012F01CFA0B4B98420BD008D8103B9842BA
:102EF00007D00233984209D06FF00B0010BD064B8B
:102F0000F8E740F6980323800020F7E740F648539F
:102F1000F9E700BF1203CADE1403CADE014B0360E7
:102F2000704700BFF8E503000220704701F0DEB8EB
:102F30002DE9F3470D46044601F0D8F80746242052
:102F40007843E0F755F8064648B3394601AA01F040
:102F500067FB0027854228BF0546B146BA46AF4207
:102F600009F1240906D13046E0F780F8284602B07E
:102F7000BDE8F08759F8240C01F064FC59F8201CD6
:102F800080462046FDF757FD39F8043CC4F814800C
:102F9000A8EB8303C4E9033A01371834DFE7054699
:102FA000E4E7002310B50360044601F0BFFFC0F55D
:102FB0004840606001F0C0FF4FF44843C0F548400E
:102FC000A060E36010BDF7B505465C200F461646CD
:102FD000E0F70EF8044670B10023456580F85830DC
:102FE0007DB906FB07F0E0F703F8606530B92046CD
:102FF000E0F73CF80024204603B0F0BD012384F83C
:10300000583000230093626D231D3946304600F08E
:103010008FFB20600028EED194F85830002BE6D0CA
:10302000606DE0F723F8E2E710B5044668B190F868
:10303000583013B1406DE0F719F8206800F008FE31
:103040002046BDE81040E0F711B810BD1FB504469A
:10305000019100F0B7F801990346C0B10023206840
:10306000039303AA00F036FC039B012B08D10A4B03
:103070004FF080525A6040BFBFF34F8FBFF36F8F46
:1030800000280CBF6FF00B00002004B010BD0246FA
:10309000206800F089FBF3E700ED00E030B514464E
:1030A00085B00546F8B10191E9B100F08BF80199BE
:1030B00060B100232868039303AA00F073FD002881
:1030C00014BF00206FF00B0005B030BD631C05D0AD
:1030D00024B14FF47A735C43B4FBF3F428682246BE
:1030E00000F050FCEBE76FF00A00EDE738B5042084
:1030F000DFF77EFF044648B1012000F0D9FB05460A
:10310000206018B92046DFF7B1FF2C46204638BDB5
:1031100010B5044638B1006800F09AFD2046BDE8BD
:103120001040DFF7A3BF10BD37B50C460546E0B130
:1031300000F048F860B100212868019101AA00F070
:1031400031FD002814BF00206FF00B0003B030BD2C
:10315000631C05D024B14FF47A735C43B4FBF3F4E1
:103160002868214600F088FCEBE76FF00A00EDE7E5
:1031700013B50446B0B100F025F8034660B1002352
:103180002068019301A900F0D4FB002814BF00209F
:103190006FF00B0002B010BD02460146206800F03F
:1031A00003FBF2E76FF00A00F4E7704770476FF037
:1031B00011007047002070476FF0110070476FF0EA
:1031C00011007047EFF30580003818BF01207047E9
:1031D00070B5064604200D46DFF70AFF044650B1DD
:1031E0002846314600F0D7FA0546206018B9204637
:1031F000DFF73CFF2C46204670BD10B5044638B1C1
:10320000006800F025FD2046BDE81040DFF72EBF26
:1032100010BD37B50C460546E0B1FFF7D3FF60B1EE
:1032200000212868019101AA00F0BCFC002814BF0D
:1032300000206FF00B0003B030BD631C05D024B13B
:103240004FF47A735C43B4FBF3F42868214600F032
:1032500013FCEBE76FF00A00EDE713B50446B0B1DD
:10326000FFF7B0FF034660B100212068019101AA79
:1032700000F098FC002814BF00206FF00B0002B093
:1032800010BD02460146206800F08EFAF2E76FF0AA
:103290000A00F4E738B50420DFF7AAFE044658B167
:1032A000052204210020FFF78EFE0546206018B994
:1032B0002046DFF7DBFE2C46204638BD10B504461D
:1032C00038B10068FFF7B0FE2046BDE81040DFF7D8
:1032D000CDBE10BD07B50068019101A9FFF7B6FE8C
:1032E00003B05DF804FB0068FFF7D8BE034B036032
:1032F000034B0B6080231360704700BF98A700202A
:10330000F4A90020034B0360034B0B608023136080
:10331000704700BF3CA70020F4A700202DE9F04330
:1033200085B089469DF8347016469846054620B902
:103330000024204605B0BDE8F083002AF8D0002B19
:10334000F6D0062FF4D86020DFF752FE044600289E
:10335000EED00346002243F8042B0C9AC7F106076F
:103360000332CDE90183284600974B469208314647
:1033700000F0DCFD054620600028DAD12046DFF7AA
:1033800075FE2C46D5E710B50446206800F032FEE5
:1033900018B9012000F098FFF7E7002010BD10B524
:1033A0000468DFF763FE204600F0DAFD002010BD60
:1033B00013B504464FF0FF3269462046FFF76EFE14
:1033C00008B102B010BD009B002BF3D001989847C4
:1033D000F0E70000F7B50F46064618B9002420466E
:1033E00003B0F0BD1420DFF703FE05460028F5D03A
:1033F000032208210020FFF7E6FD0446686018B9A3
:103400002846DFF733FEEAE74FF44060DFF7F0FDD0
:103410000446286118B96868FFF706FEF0E74FF424
:1034200040630622CDE900320346084A696808482D
:10343000FFF774FF0446286018B92869DFF716FE05
:10344000E9E7C5E902672C46C9E700BF20E60300AB
:10345000B133020020B100F108014068FFF7F6BD6A
:103460006FF00A00704738B5044690B10068FFF766
:103470008AFF054680B92068FFF791FF6068FFF773
:10348000D3FD2069DFF7F2FD2046DFF7EFFD284688
:1034900038BD6FF00A05FAE70025F8E770B5056852
:1034A0000446D5B10121C1604068C0B1DFF7C2FE5A
:1034B00006462068FFF773FFD0B10025606818B199
:1034C000FFF7FCFE00236360A06818B1DFF7CEFDB4
:1034D0000023A3603046DFF7B2FE284670BDFFF739
:1034E000F9FEE368022BE1D00120DFF7DDFEF8E70B
:1034F00020600125E2E700000A4B98420ED008D870
:10350000103B98420CD0023398420CBF022000209E
:103510007047054BC31A5842584170470120704705
:10352000022070471203CADE1403CADEDEF7C6BFEC
:10353000DEF7D4BFDEF7E0BFDEF7E8BFDFF700B8A5
:10354000DFF718B808B5DFF71FF808BD1FB5099CED
:103550000394089C0294079C0194069C0094DFF756
:1035600045F804B010BD1FB5099C0394089C029453
:10357000079C0194069C0094DFF75FF804B010BD2F
:10358000DFF786B808B50022DFF766F808BD08B592
:103590000122DFF761F808BD08B5DFF77BF808BD49
:1035A0007047DFF7C5BF10B5044601F037FBA46BC9
:1035B00001F03EFBB4FA84F0400910BDF8B51546A1
:1035C000026C866B044652B9076847BB406801F03D
:1035D000C9F8676005460136A6632846F8BD65B997
:1035E0008068FCF735FCA368226C13446268A36012
:1035F0009342F0D32368A360EDE7C068FCF728FC92
:10360000226CE36851429B1A2268E36093423EBFFA
:1036100063685B18E360022D01D116B1013E0025FD
:10362000D9E73546D7E7034610B41A6C08466AB1A5
:10363000DC68596814448C4228BF1968DC6028BFD4
:10364000D960D9685DF8044BFCF702BC5DF8044B07
:10365000704770B5044601F0E1FA94F8455004F162
:1036600024066DB2002D14DCFF2384F8453001F0F0
:10367000DFFA01F0D3FA94F8445004F110066DB269
:10368000002D12DCFF2384F84430BDE8704001F0C7
:10369000CFBA636A002BE7D0304600F0C3FE08B112
:1036A00000F030FF013D6DB2DCE72369002BE9D06B
:1036B000304600F0B7FE08B100F024FF013D6DB2C6
:1036C000DEE7000038B504460D4601F0A7FAD4E95C
:1036D0000F312268A2604B43D0185B1A134460601C
:1036E000E3600020FF23A06384F8443084F8453071
:1036F0009DB923696BB104F1100000F093FE40B155
:103700000A4B4FF080525A6040BFBFF34F8FBFF358
:103710006F8F01F08DFA012038BD04F1100001F027
:1037200011FC04F1240001F00DFCF2E700ED00E0D3
:1037300010B51C4683B10123002908BF2246C4E905
:103740000F0184F84630194622602046FFF7BAFF81
:103750009DF8083084F84C30204610BDF8B5064678
:10376000484350300D46174601F03EFB044670B109
:10377000002380F8463065B100F15003C4E90F65BD
:10378000236001212046FFF79DFF84F84C702046FE
:10379000F8BD0346F2E710B502220C460021FFF700
:1037A000DDFF00B1846310BD2DE9FF474FF0000835
:1037B000DFF8F8A0019204460F461E46C14601F00C
:1037C0002DFAA26BE36B9A4201D3022E1AD1324634
:1037D00039462046FFF7F2FE636A1BB104F124006C
:1037E00000F020FE40B1314B4FF080525A6040BF94
:1037F000BFF34F8FBFF36F8F01F01AFA012004B0AF
:10380000BDE8F087019D1DB901F012FA0020F6E72E
:10381000B8F1000F02D102A800F040FE01F008FA52
:1038200000F056FC01F0FAF994F84430FF2B08BF81
:1038300084F8449094F84530FF2B08BF84F84590F5
:1038400001F0F6F901A902A800F034FE38BB01F03E
:10385000E5F9A26BE36B9A420FD101F0E9F9019906
:1038600004F1100000F0BAFD2046FFF7F2FE00F070
:10387000C1FC50B14FF00108A1E701F0D9F9204691
:10388000FFF7E7FE00F0B6FCF4E74FF08053CAF80C
:10389000043040BFBFF34F8FBFF36F8FEAE720467E
:1038A000FFF7D7FE00F0A6FCB0E700BF00ED00E098
:1038B00010B5024600210120FFF750FF044638B141
:1038C0000023C0E90033C3601A461946FFF76CFFB6
:1038D000204610BDF8B504461746EFF31186A02226
:1038E00082F31188806BE26B904201D3022B1ED1D0
:1038F00094F845501A466DB22046FFF75FFE6B1CE8
:1039000010D1636A0BB9012009E004F1240000F032
:1039100089FD0028F7D0002FF5D00120386086F30C
:103920001188F8BD01356DB284F84550EBE70020F1
:10393000F5E738B50C46EFF31185A02383F3118822
:10394000826BC36B93421BD990F845100132FF295B
:103950004BB282630FD1436A0BB9012008E02430D7
:1039600000F060FD0028F8D0002CF6D00120206087
:1039700085F3118838BD01335BB280F84530ECE740
:103980000020F5E72DE9F04385B00027DFF8E4904B
:10399000019204460E46B84601F040F9A56BDDB130
:1039A00031462046013DFFF73EFEA56323696BB11A
:1039B00004F1100000F036FD40B12E4B4FF0805264
:1039C0005A6040BFBFF34F8FBFF36F8F01F030F9E4
:1039D000012005B0BDE8F083019D1DB901F028F973
:1039E0000020F6E717B902A800F058FD01F020F911
:1039F00000F06EFB01F012F994F84430FF2B08BF81
:103A000084F8448094F84530FF2B08BF84F8458043
:103A100001F00EF901A902A800F04CFDF8B920460A
:103A2000FFF7C1FDA8B1019904F1240000F0D6FC14
:103A30002046FFF70EFE00F0DDFB40B94FF080534B
:103A4000C9F8043040BFBFF34F8FBFF36F8F01271A
:103A5000A2E72046FFF7FDFD00F0CCFBF7E720468C
:103A6000FFF7F7FD00F0C6FB2046FFF79CFD00289E
:103A7000EDD0B5E700ED00E02DE9F04385B000257D
:103A8000DFF81C91019104462F462E4601F0C6F83E
:103A9000A36BEBB1013BA363236813B900F0C6FE2F
:103AA000606023696BB104F1100000F0BBFC40B111
:103AB0003B4B4FF080525A6040BFBFF34F8FBFF374
:103AC0006F8F01F0B5F80125284605B0BDE8F083F9
:103AD000DDF80480B8F1000F03D101F0A9F800254A
:103AE000F2E717B902A800F0D9FC01F0A1F800F044
:103AF000EFFA01F093F894F84430FF2B08BF84F8F4
:103B0000446094F84530FF2B08BF84F8456001F00D
:103B10008FF801A902A800F0CDFC48BB2046FFF7B2
:103B200042FDF8B123683BB901F078F8606800F015
:103B3000D7FD054601F07CF8019904F1240000F05E
:103B40004DFC2046FFF785FD00F054FB40B94FF0D7
:103B50008053C9F8043040BFBFF34F8FBFF36F8F5E
:103B6000012793E72046FFF774FD00F043FBF7E7DA
:103B70002046FFF76EFD00F03DFB2046FFF713FDEA
:103B80000028EDD0002D9FD001F048F8616A19B1EE
:103B9000236B1968C1F10701606800F00FFE9CE714
:103BA00000ED00E02DE9F04105469046EFF3118766
:103BB000A02383F31188846B0CB390F8446076B231
:103BC000FFF731FD013C731CAC6313D12B690BB9BA
:103BD00001200BE005F1100000F024FC0028F7D0D4
:103BE000B8F1000FF4D00120C8F8000087F3118865
:103BF000BDE8F081013676B285F84460E8E72046FA
:103C0000F4E7000010B5074A002352F833402CB9FE
:103C100042F8331002EBC303586010BD0133082B88
:103C2000F3D1FAE7F4AB002010B5084A002302EB09
:103C3000C3014C68844204D1002042F8330048603C
:103C400010BD0133082BF2D1FAE700BFF4AB00201E
:103C500010B50446FFF7E8FF94F8463023B9204634
:103C6000BDE8104001F03CB910BD70B504460D46EA
:103C7000164600F0D3FF94F84430FF2B04BF002316
:103C800084F8443094F84530FF2B04BF002384F8B7
:103C9000453000F0CDFFA36B2BB93246294604F125
:103CA000240000F0ABFB2046BDE87040FFF7D1BC1C
:103CB0002DE9F041044600F0B1FF2F4B2F4E1A685A
:103CC0002F4F01321A603568002D4AD134601B68CD
:103CD000012B1FD1B8464046013501F033F9072DBD
:103CE00008F11408F7D1DFF8C480264D404601F0F2
:103CF00029F9284601F026F9234801F023F9234841
:103D000001F020F9224801F01DF9224BC3F8008090
:103D1000214B1D60214A136801331360204A6364FC
:103D20001168E36A14208B4200FB037004F1040164
:103D300088BF136001F014F900F07AFF194B1B687B
:103D40006BB13368DA6AE36A9A4208D2164B4FF0D5
:103D500080525A6040BFBFF34F8FBFF36F8FBDE8F3
:103D6000F081104B1B68002BD4D13368DA6AE36A08
:103D70009A4298BF3460CDE7CCAC002034AC002030
:103D800040AC0020F8AC002018AD002044AD00206D
:103D900030AD002038AC00203CAC0020DCAC002072
:103DA000E0AC00202CAD002000ED00E0E4AC0020F1
:103DB000F8B5154B154E1D680446306804300F46A3
:103DC00001F0F1F8631C07D137B131681048BDE844
:103DD000F840043101F0C4B833682C195C6007D393
:103DE0000C4B18683168BDE8F840043101F0C4B8E4
:103DF000094B18683168043101F0BEF8074B1A68A6
:103E0000A24288BF1C60F8BD58AD002034AC002031
:103E100030AD00203CAC002038AC002010AD0020BC
:103E2000094B0A4A1B681268D06A50B9084A1268DE
:103E3000012A07D833B9074B1868074B1B68C01A0B
:103E400070470020704700BFE0AC002034AC002079
:103E500040AC002010AD002058AD0020064A136889
:103E60001968064B19B94FF0FF321A607047126893
:103E7000D268D2685268F8E738AC002010AD002054
:103E800010B590F8593004463BB9006B01F028F8A2
:103E90002046BDE8104001F023B8012BF9D010BD39
:103EA0002DE9F047DDE9099496000D4632460746B4
:103EB000A521206B9846FBF7D9FF226B043E1644E0
:103EC00026F007066B1E266404F134020B3513F846
:103ED000011F02F8011B09B1AB42F8D1089D062D64
:103EE00028BF06254FF0000AC4E9135AE562201DD9
:103EF00084F83FA001F031F8C5F1070504F118007E
:103F000001F02BF8C4F854A02461A561646284F820
:103F100058A042463946304600F048FE2060B9F1CC
:103F2000000F01D0C9F80040BDE8F08730B587B078
:103F3000DDE90B547CB18DB12563022584F859501D
:103F400005AD01950A9D02940095FFF7A9FF204653
:103F5000FFF7AEFE059C204607B030BD2C46FAE7C1
:103F600070B504461C4D00F059FE04B92C68261D9E
:103F7000304601F018F8A36A1BB104F1180001F0F3
:103F800012F8164A1368013313602B68A34219D143
:103F90001348314600F0E4FF124A136801331360FE
:103FA00000F046FE104B1B685BB12B68A34208D1A2
:103FB0000E4B4FF080525A6040BFBFF34F8FBFF39C
:103FC0006F8F70BD0A4A13682046013B1360FFF7EC
:103FD00057FFFFF743FFE3E734AC0020DCAC0020E1
:103FE00044AD0020D0AC00202CAD002000ED00E05E
:103FF000CCAC002038B5144B1B68834205461DD05D
:1040000000F00CFE6C6900F013FE104B1B689C4224
:1040100016D00F4B1B689C4212D00E4B9C4205D110
:10402000AB6A002B14BF0220032038BD0A4B9C4210
:1040300008D0002C0CBF04200120F6E70020F4E794
:104040000220F2E70420F0E734AC002038AC002076
:104050003CAC002030AD002044AD002010B588B04D
:10406000002407AA06A905A8CDE90544FFF74AF9E7
:10407000059B0293069B079A0F491048CDE9004320
:104080002346FFF753FF0E4B186098B100F032FC47
:1040900001280FD1A02383F311880A4B4FF0FF3280
:1040A0001A60094B1860094B1C6008B0BDE810404D
:1040B00000F08EBD08B010BD2BE60300F9420200EF
:1040C0000CAD002010AD00202CAD002058AD00201C
:1040D000024A136801331360704700BFD8AC002058
:1040E000014B1868704700BF58AD0020014B18689D
:1040F000704700BFCCAC0020024A1368184410601F
:10410000704700BF58AD00202DE9F84F2E4B1B68BB
:10411000002B53D12D4B1D6801351D605DB92C4A14
:104120002C4B1168186810602B4A19601368013312
:104130001360FFF793FE294F3B68AB424FF0000638
:1041400007D9274B1B68002B0CBF30460120BDE868
:10415000F88FDFF87C80DFF89490DFF894A0D8F82F
:1041600000301B681BB94FF0FF333B60E9E7D8F81C
:104170000030DB68DC6863689D42F6D304F1040B11
:10418000584600F010FFA36A1BB104F1180000F0BC
:104190000AFFE36AD9F800201420934200FB03A031
:1041A000594688BFC9F8003000F0DAFE0D4BE26ACC
:1041B0001B68DB6A9A4228BF0126D0E70A4A1368C7
:1041C000013313600026BCE7D8AC002058AD0020B6
:1041D00038AC00203CAC002014AD002010AD002015
:1041E0005CAD002034AC0020D4AC0020E0AC00205A
:1041F00040AC0020F7B500F011FD2A4B1A68013AD7
:104200001A601C682CB1002400F012FD204603B097
:10421000F0BD254B1B68002BF5D0244D244E254FB7
:104220001EE0EB68DC6804F1180000F0BCFE211D04
:104230000846019100F0B7FEE36A32680199142044
:10424000934200FB037088BF336000F089FE1A4B75
:10425000E26A1B68DB6A9A4202D3184B01221A6099
:104260002B68002BDDD10CB1FFF7F8FD144D2C6845
:1042700044B1124E0127FFF747FF00B13760013C00
:10428000F9D12C600D4B1B68002BBCD00D4B4FF0AF
:1042900080525A6040BFBFF34F8FBFF36F8F01242E
:1042A000B2E700BFD8AC0020CCAC002018AD002095
:1042B000E0AC002040AC002034AC00205CAD00201D
:1042C000D4AC002000ED00E008B548B9094B4FF030
:1042D00080525A6040BFBFF34F8FBFF36F8F08BD4E
:1042E0000021FFF7F5FEFFF763FDFFF783FF0028CE
:1042F000ECD0F4E700ED00E0F8B51B4C1B4F1C4D73
:104300002368EBB91B4B1B68012B08D91A4B4FF0E4
:1043100080525A6040BFBFF34F8FBFF36F8FDDF7FE
:10432000E5FEFFF77DFD0128E9D9FFF7D1FEFFF794
:1043300077FD012801D900F0D9FCFFF75BFFDEE72C
:1043400000F06CFCFB68DE68301D00F02CFE2B6872
:10435000013B2B602368013B236000F069FC304681
:10436000FFF78EFDCCE700BFD0AC002044AD0020AD
:10437000CCAC002040AC002000ED00E0124B1A68ED
:10438000124B70B512B101221A6070BD104D1A6047
:104390002968104A142606FB01F3D018D4588CB1B2
:1043A000446808336468446013449C4204BF6368F3
:1043B0004360142303FB01225368DA68064B1A603A
:1043C0002960E2E70139E6E7D8AC00205CAD0020C7
:1043D000E0AC002040AC002034AC002010B5064B0F
:1043E0000C461968183100F0C7FD20460121BDE8D0
:1043F0001040FFF7DDBC00BF34AC002038B5084BDF
:104400000D4619681446183100F0AAFD002C21460B
:104410000CBF28464FF0FF30BDE83840FFF7C8BC5E
:1044200034AC0020C36813B5DC6804F118010846F9
:10443000019100F0B8FD134B01991B68FBB9211DD8
:104440000846019100F0AFFD0F4AE36A1068019938
:10445000834288BF13600D4A142000FB032000F044
:104460007FFD0B4BE26A1B68DB6A9A4285BF094BF2
:10447000012000201860FFF7F1FC02B010BD0648D3
:10448000EDE700BFD8AC0020E0AC002040AC00203D
:1044900034AC00205CAD002018AD0020034B1B683D
:1044A0000360034B1B684360704700BF14AD0020DE
:1044B00058AD002070B50C46054600F0AFFB0F4B21
:1044C000196823685A1C10D00D482E6800686A6865
:1044D000864201D08A420FD9881A83420AD95B1AD0
:1044E000134423602846FFF7D9FF002400F0A0FB07
:1044F000204670BD002323600124F7E758AD00205B
:1045000014AD0020014B01221A6070475CAD002001
:10451000084B186860B9084B1B6853B9074B1868FB
:10452000074B1B68013B984214BF012002207047D3
:104530000020704718AD00205CAD002030AD002099
:10454000CCAC002070B50C461646054608B91B4A8F
:104550001568256005F134026260EA6A22612A6BFF
:10456000E2616A6CA260EA6C6261052B4FF00002A6
:10457000A26119D011490968A94209D12273D6B1A3
:10458000296B0023CA5CA52A13D09B08238470BD25
:10459000032B2373F3D1FFF79BFDAB6A0BB102230F
:1045A0002373FFF727FEEAE72846FFF723FD207372
:1045B000E5E70133E6E72684E9E700BF34AC0020F5
:1045C0002DE9F84F0D6806460C46174625B34B6893
:1045D0005B684B6001F10808434504BFCB684B6042
:1045E0004B68D3F80CA000254FF0240B63685B6880
:1045F0006360984504BFD8F8043063606368D3F8FB
:104600000C900BFB05613B4601224846FFF79AFFE1
:10461000CA4505F10105E9D12846BDE8F88F00003B
:104620002DE9F0471746FFF753FD1F4B1B688B42E0
:10463000054637D8DFF88490072600244FF0140A87
:104640004FF02408013E08FB045001220AFB0691AA
:10465000FFF7B6FF0444002EF4D1144B0222196870
:1046600008FB0450FFF7ACFF114B04441968022209
:1046700008FB0450FFF7A4FF04440E49042208FB82
:104680000450FFF79DFF044408FB04500A4903222D
:10469000FFF796FF044407B13E60FFF7ABFD2046ED
:1046A000BDE8F0870024F8E7CCAC002038AC00204F
:1046B0003CAC002044AD002030AD002040AC0020D8
:1046C000054B1B6833B1054B1B68002B0CBF022048
:1046D00000207047012070472CAD0020D8AC00208E
:1046E00073B5044600282BD01B4DC36A2A68D26AD2
:1046F000934229D28269194E002AA1BF2A68D26A40
:10470000C2F107028261142202FB036342699A42EA
:1047100012D1011D0846019100F045FC2B68104A9A
:10472000DB6A10680199E36283420BD8142000FB16
:10473000036000F015FC02E02B68DB6AC362012015
:1047400002B070BD1360F1E72B68C06CDC6AA04258
:104750002CBF00200120F3E734AC002040AC002047
:10476000E0AC002013B5044610B9002002B010BD23
:10477000036DC16AC26C013B91420365F5D0002B09
:10478000F3D1011D0846019100F00DFCE36C019985
:10479000E362C3F10702A261064A1068834288BF40
:1047A0001360054A142000FB032000F0D9FB012010
:1047B000DCE700BFE0AC002040AC002037B5044689
:1047C00068B3C36C994238BF1946C36A8B4226D07E
:1047D000026D012A23D18269124DC162002A4FF075
:1047E000140202FB03534269A4BFC1F107018161B6
:1047F0009A4214D1011D0846019100F0D4FB0A4AE7
:10480000E36A1068019983424FF0140000FB0350E3
:1048100088BF136003B0BDE8304000F0A1BB03B017
:1048200030BD00BF40AC0020E0AC0020044B1A6853
:104830001AB119680A6D01320A651868704700BF1D
:1048400034AC002018B1036C006B181A08307047A4
:10485000F7B5114C00F0E2F92568BDB90F4F104EC5
:10486000384600F06FFB304600F06CFB0D4B0E4AF3
:104870001F600E4B10211E6003200D4B0095FEF7AC
:1048800057FF206010B10B49FFF7BCF903B0BDE83A
:10489000F04000F0CDB900BF14AE002098AD00206C
:1048A000ACAD002060AD002068AD002064AD0020FC
:1048B000C4AD002030E60300914208B541600061BC
:1048C0000AD8D21A83699A420DD2084B011D186882
:1048D00000F052FB002008BD9A4201D2994202D258
:1048E000034B011DF3E70120F5E700BF64AD002095
:1048F00060AD002010B588B0FFF7AAFF0E4B186816
:104900000024B8B107AA06A905A8CDE90544FEF719
:10491000EDFC059B0293069B019302230093079AEB
:10492000064907482346FFF701FB064B1860001BAA
:1049300018BF012008B010BD14AE002035E60300FA
:10494000214A020018AE00207FB50F4C05462068B2
:1049500016461A4680B10529CDE9001602950DDCF0
:10496000FFF7AEFE0023022808BF089A206818BF90
:104970001A466946FEF718FF04B070BD0023694669
:10498000FEF7A8FFF8E700BF14AE00202DE9FF47AF
:10499000DFF888800646FFF7A3FBD8F80030834293
:1049A000054634D91B4F4FF000093B681A685AB9C5
:1049B000194A116839601360012328463360C8F82A
:1049C000005004B0BDE8F087DB68DC68D3F800A0D5
:1049D000211D0846039100F0E6FA636A20469847D5
:1049E000E3690399012BE0D1A36953449A4505D2A9
:1049F00038686360246100F0BFFAD6E70023CDF881
:104A00000090524619462046FFF79EFFCDE700234F
:104A1000D3E700BF60AD002064AD0020C0AD002032
:104A20002DE9F0475B4E88B04FF0000833681D68F1
:104A3000002D5BD0DB68D3F80090574FFFF748FBA1
:104A400004A8FFF7A3FF049C8246002C6AD1002D26
:104A50004ED0484552D3FFF7CDFB3368DB68DD68A5
:104A6000281D00F0A0FAEB69012B0ED1A9694B4675
:104A7000524649442846FFF71FFF30B100942346B1
:104A80004A4621462846FFF75FFF6B6A284698474B
:104A90003868002204A9FEF775FF0028C6D0049BE1
:104AA0000698002B41DB069C6369002B44D103A8C8
:104AB000FFF76CFF049B0246092BE9D801A151F8CE
:104AC00023F000BF414B0200414B0200414B02006A
:104AD000914A0200734B0200834B0200414B0200DB
:104AE000414B0200914A0200734B0200A946A4E721
:104AF0002A4B1B681C68B4FA84F46409386822469F
:104B0000A9EB0A01FFF7B1F8FFF774FB0028BFD14A
:104B1000234B4FF080525A6040BFBFF34F8FBFF31B
:104B20006F8FB5E7FFF766FBB2E7059B07999847DC
:104B3000049B002BACDBB6E7201D00F034FAB6E78F
:104B4000A169059B20461944FFF7B6FE00289FD0B7
:104B5000636A20469847E369012B99D1A2690599B8
:104B6000CDF8008000230A4420461946FFF7ECFEEA
:104B70008EE70599A161034601442046FFF79CFE9C
:104B800086E794F82C30002B82D1204600F0A8F95B
:104B90007EE700BF60AD002014AE002064AD0020B1
:104BA00000ED00E0A02383F31188FEE74FF080734F
:104BB00040E90213054B40F80C3C6FF0020340F84B
:104BC000202C40F8243C4438704700BFA54B02001D
:104BD0000F4C08B5E02384F8223000F06BF80D4B41
:104BE00000221A60D4F888300B4A43F47003C4F8EA
:104BF0008830536B43F040435363236943F0100301
:104C0000236100F0E1F9A02383F31188FEE700BFE0
:104C100000ED00E01CAE002000EF00E0A02383F3D5
:104C20001188024A13680133136070471CAE0020DC
:104C3000034A1368013B13600BB983F31188704773
:104C40001CAE002073B5194B0022C3F84021D3F8E5
:104C5000401101910199EFF31186A02181F3118890
:104C6000D3F80445C3F80021D3F800310093009B2A
:104C7000FFF736FA201A20F07F4424F0010020B11B
:104C8000FFF71EFD022818BF01240025013C09D2B0
:104C900025B1074B4FF080525A6040BF86F3118810
:104CA00002B070BDFFF730FA0543EFE70010014096
:104CB00000ED00E008B5002000F098FB094B202231
:104CC000C3F808250122C3F804239A601A6002225F
:104CD000C3F84423044BE02283F811234FF400323D
:104CE0001A6008BD0010014000E100E07FB50546F4
:104CF00072B6284CD4F80465FFF70AFC002845D0AA
:104D0000254BAB4228BF2B46F21822F07F420121EF
:104D1000C4F80813C4F840250022C4F84021D4F890
:104D200040210192019A4FF48032C4F80423BFF36A
:104D30004F8F3DB1194A20BFD2F80001D2F80411BB
:104D40000143F8D04FF48032C4F808230022C4F89D
:104D50004021D4F8401103910399C4F80021D4F8FC
:104D600000210292029A0122C4F80423D4F8040517
:104D70000A4A801B20F07F4098424FF4003128BF40
:104D80001846C2F8801108B1FFF7B6F962B604B050
:104D900070BD00BF00100140FDFFFF0000E100E01A
:104DA00010B50F4B1A461B688342FBD35468111988
:104DB000884201BF416810460919516044680119D1
:104DC0008B4207D1074909688B421FBF59681B688E
:104DD000091941609042036018BF106010BD00BF08
:104DE0003076012020AE00202DE9F0410446FFF787
:104DF0006FF93549354D0B680BBB354A354E5007B9
:104E00001FBFD01D20F0070002F548431B1A14BF36
:104E100002464FF448431344083B23F007030020A5
:104E200070603260C3E90000981AC2E900300B607C
:104E3000294B1860294B18604FF000432B602F68F6
:104E400027423ED1002C34D004F1080362071CBF76
:104E500023F007030833002B33D0DFF88080D8F825
:104E600000609E422DD31B4A15686868984201D2A3
:104E70002C681CBB0968A94223D0296814681160FA
:104E8000C21A102A04F1080404D9E81842606B60C1
:104E9000FFF786FF10496A680868B61A864247EA33
:104EA00002074FF00003C8F8006038BF0E606F6063
:104EB0002B60FFF79FF92046BDE8F0812A46254682
:104EC000D3E70024F5E700BF20AE002024760120C0
:104ED00024AE0020307601202C7601202876012097
:104EE00010B50446E0B10F4A50F8043C1268134272
:104EF00016D050F8081C99B923EA020340F8043C84
:104F0000FFF7E6F8084A54F8043C1168A4F10800D9
:104F10000B441360FFF744FFBDE81040FFF76AB988
:104F200010BD00BF2476012028760120014B1868AF
:104F3000704700BF28760120014B1868704700BFFA
:104F40002C76012000F108034FF0FF32C0E9022364
:104F500043600361002303607047002303617047CF
:104F600043684B609A688A609A68516099600368E8
:104F7000086101330360704730B50C68631C0AD1C7
:104F800003695A684A6091608B60596003680861E0
:104F90000133036030BD00F1080213465268156802
:104FA000A542FAD9EDE7D0E9011203698A605160A0
:104FB0005968814208BF5A60002202611A68013AAA
:104FC0001A601868704700000548006880F3088878
:104FD00062B661B6BFF34F8FBFF36F8F00DF00BFC4
:104FE00000000000064B19680868B0E8F04F80F335
:104FF0000988BFF36F8F4FF0000080F3118870476E
:1050000034AC0020EFF30980BFF36F8F144B1A68A4
:105010001EF0100F08BF20ED108A20E9F04F10603D
:105020004DF8043D4FF0A00080F31188BFF34F8F7F
:10503000BFF36F8FFFF7A2F94FF0000080F31188E4
:1050400008BC19680868B0E8F04F1EF0100F08BFE0
:10505000B0EC108A80F30988BFF36F8F704700BFF0
:1050600034AC0020074B1B5C1F2B86BF064903F0A6
:105070001F034FF0A041012202FA03F3C1F80C35DF
:10508000704700BF3DE6030000030050074B1B5C68
:105090001F2B86BF064903F01F034FF0A0410122DA
:1050A00002FA03F3C1F80835704700BF3DE603007C
:1050B0000003005008B50020FFF7E8FF0120FFF7CC
:1050C000E5FF0220FFF7E2FFBDE808400320FFF7FD
:1050D000DDBFC20710B504460CD54FF0A043032234
:1050E000C3F81027C3F81427C3F85827C3F8382784
:1050F000FFF7E0FFA30742BF4FF0A0430C22C3F825
:10510000082710BD0648074A03780749D35C0122E7
:1051100013B1043001F04CBA0C3000F0F5BF00BF01
:105120000008002088760120607601200648074AA2
:1051300003780749D35C012213B1043001F0EAB9C6
:105140000C3000F091BF00BF0008002088760120DD
:105150006176012037B50578012D0DD0022D30D0B4
:1051600075B91F491F4806F048FE002834D103B026
:10517000BDE83040FFF7DABF037A1BB9FFF7C2FF83
:1051800003B030BD4368184C1978204606F023FE62
:1051900080B18DF800500190144B68461B68984709
:1051A000A168E368A2885B1A9A42E7D2104B0122F9
:1051B0001A70E5E7A268E3689A42F1D08DF8000022
:1051C000EAE7C3688DF800500193FFF79BFF074B98
:1051D00068461B689847D3E703238DF80030F6E74D
:1051E00061760120507601203C760120387601203E
:1051F0004C760120F0B51F46234B89B004461A6057
:105200000D4600293DD08A882048096806F0D4FD63
:10521000002834D1AA89A9681D4806F0CDFD0028D0
:105220002DD11C4E0FCE6D460FC596E80F0085E8B8
:105230000F0063690693237C174A18488DF81C7089
:10524000003B18BF01238DF81430637C002B14BF82
:105250000E2300238DF81530E3680293A3680393AF
:105260002368019369466368009300F067F930B9D9
:105270000B4B18702368013301D0FFF743FF09B0CF
:10528000F0BD0720FBE700BF387601203C76012007
:105290005076012044E6030055510200000800202A
:1052A0004C76012070B5084D014608482E7806F06E
:1052B000A4FD044636B100232B70FFF723FF08B18D
:1052C00000F02EF8204670BD4C7601203C7601207F
:1052D00010B501460E4806F07EFD0446A8B90D48FB
:1052E0000D4A0378D35C63B1043001F007F960B96B
:1052F0000A49074806F081FD38B9BDE81040FFF7BC
:1053000015BF0C3000F0A4FEF1E7204610BD00BF31
:105310005076012000080020887601206176012067
:105320001FB50021039001AA44F20100CDE901114B
:1053300000F004F805B05DF804FB000072B6094BFC
:10534000D3F8F020D20700D500BEBFF34F8FD96845
:10535000054A01F4E0610A43DA60BFF34F8F00BFF2
:10536000FDE700BF00ED00E00400FA0538B5074C8A
:10537000051E04F1080318BF1C4623682BB11A68E8
:1053800022605B6828469847F7E738BD6C760120B5
:1053900020B9054B01225A70FFF7E8BF012802D15E
:1053A000014A9070F8E770476476012038B50C4CDC
:1053B00023789BB90B486360A3602361E36001F02D
:1053C000E9F9054601F0F2F901232370064BD3F801
:1053D00000340BB10123A370284638BD8525F5E7BD
:1053E00064760120915302000000014038B5134C4F
:1053F000A378054603F0FF0073B115B16B68012077
:105400009847002006F01CFDE3680133E3600020AC
:10541000BDE8384006F016BD06F012FD25B1226940
:1054200013463BB92A602561E368002BECD101F0FB
:10543000D3F9E9E79D42F7D01B68F2E764760120D3
:1054400038B5134C6378054603F0FF0073B115B10E
:105450006B6800209847002006F0F2FC6368013377
:1054600063600020BDE8384006F0ECBC06F0E8FCC4
:1054700025B1A26813463BB92A60A5606368002B7A
:10548000ECD101F0B6F9E9E79D42F7D01B68F2E7ED
:105490006476012038B5084C002006F0D1FC636822
:1054A000013B6360656815B901F0AFF96570BDE84F
:1054B0003840002006F0C6BC647601204FF08043DF
:1054C000D3F80C0400F00110A0F101135842584128
:1054D000704700001FB503788DF8003043680193D2
:1054E00083688DF80830C368054A0393054B684606
:1054F00053F8213052F82110984705B05DF804FBAD
:1055000078760120807601201FB503788DF8003071
:105510004368019383688DF80830C368054A039394
:10552000054B684653F8213052F82110984705B0D2
:105530005DF804FB7876012080760120F0B5194BE8
:1055400090F800C0DFF86CE043F82C20164B1646AC
:105550000A6943F82C204B7F0EF80C300C460746A6
:105560000FCC89B06D460FC594E80F0085E80F0099
:105570003B78CDF810C01EF803304BB1002E0B4A1B
:10558000694608BF3246381D00F0DCFE09B0F0BDA8
:10559000002E074A694608BF324607F10C0000F0AA
:1055A00087FCF3E78076012078760120D55402004D
:1055B000095502008876012000F1804000F5C040C6
:1055C000002382B0036003680193019B02B070471F
:1055D00003681F2B83BF03F01F03036001484FF0D4
:1055E000A04070470003005007B5019001A8FFF7E5
:1055F000EFFF019B00EB8300D0F8003723F440332A
:10560000C0F80037D0F8003743EA0141C0F800176E
:1056100003B05DF804FB0000054B4FF0FF32072894
:1056200043F8202084BFC01880F84620704700BF90
:105630008C76012038B51E4991F85530ABBB40F24D
:10564000FF30FF245A09012A0CBF02464FF0FF32F7
:1056500003F01F05EA40D20748BFCA1803F101034F
:1056600048BF82F824402A2BECD10024E0B2013458
:10567000FFF7D2FF092CF9D10E4B0022C1F84F20C1
:105680009A800D4BE02083F80603402018604FF409
:10569000BE70FFF791FF094B4FF00040C3F80403C1
:1056A000012381F85530104638BD0820FCE700BFC3
:1056B0008C760120DB76012000E100E000600040F4
:1056C000034B93F85500003818BF0120704700BF06
:1056D0008C760120F7B53D4F3B18044693F92430F2
:1056E000002B71DA8B78C3F34003002B0BBF082526
:1056F000002509200820854202D1042003B0F0BD16
:1057000057F82560013647D138196EB247F8252081
:1057100080F8246013B97B1983F846408B785A07C8
:105720001AD4D8073AD501A80194FFF751FF019B7D
:1057300000EB8300D0F8003723F00203C0F80037F5
:105740002348E20804F0070C012303FA0CF310F8D5
:1057500002C043EA0C03835488780B7810F00200EF
:1057600028D0AD0005F1804505F5C0452402D5F8E7
:10577000102522F44F3222F44072C5F810251B0484
:10578000D5F8102504F47C5403F440331C4314432F
:10579000C5F810450020B1E70135ACE701A84A780B
:1057A0000194FFF715FF019B03F5E073920040F8A9
:1057B0002320C5E7083E47FA86F797F84E4044EAAB
:1057C000831387F84E3099E7082097E78C760120FD
:1057D000DB76012073B5244D2E18044696F924205B
:1057E000072A1DDD083A45FA82F595F84E309B09E7
:1057F000032B10D1019001A8FFF7EAFE019BD0F81E
:105800001015D94001F001010231204602B0BDE877
:105810007040FFF7E9BE012B0CBF02210321F4E722
:10582000D3B2072B1DD8930003F1804303F5C04387
:10583000D3F8100540F00100C3F8100502F1400054
:1058400040B2800080B2FFF7B7FE51B196F9243024
:1058500055F823302BB1012303FA02F2034BC3F8AE
:10586000042302B070BD00BF8C76012000600040B0
:105870000E4B034493F92420072A02DD0021FFF791
:10588000B3BED3B2072B10D8930003F1804303F5C6
:10589000C043D3F8101521F00101C3F810150123FE
:1058A00003FA02F2024BC3F8082370478C760120FA
:1058B00000600040F7B50446FFF7DAFF19491A4EB9
:1058C0000A19E50892F9243092F82420072A9FBF8C
:1058D000164A03F5A273002042F8230004F00703E0
:1058E00001229A40735D13420DD001A80194FFF785
:1058F0006FFE019B03F5E073022740F82370735D90
:1059000023EA020272550B1993F92400002802DBE6
:10591000C0B2FFF781FE2144FF2381F8243003B099
:10592000F0BD00BF8C760120DB76012000600040D6
:105930002DE9FF410024CDE90244534D4FF480721C
:10594000012102F1804303F5C04390B21B68012B93
:1059500006D1D5F804330B4202D0FFF72DFE0C43DD
:105960000432B2F5907F4FEA4101EAD1464BD3F8B9
:105970007C31012B11D14FF4BE70FFF71DFE4FF0AB
:10598000A04344F00044D3F820250292C3F8202518
:10599000D3F820280392C3F82028E3B2D3B13B4FB9
:1059A00001260025344210D0AB0003F1804303F5FB
:1059B000C043D3F81005D3F8101557F8253023B19C
:1059C000C1F30141C0F3052098470135082D4FEA86
:1059D0004606E7D1002C4EDA2C4F2D4E97F94E306B
:1059E0005A1C3AD0C3F3C20110316944DAB211F83B
:1059F000081C03F03F04012503F0070305FA03F335
:105A000019422AD001A80194FFF7E2FD019B03F59A
:105A1000E07350F82330C3F30148B8F1020F0CBF14
:105A2000032102212046FFF7DFFD01A80194FFF7C3
:105A3000CFFD019B9D403B19C0F8205593F92430C0
:105A400057F823304BB19109032904D0B8F1020F64
:105A500014D1012901D1204698474FF0A043D3F833
:105A600020250292C3F82025D6F820350393C6F8E6
:105A700020351343B2D104B0BDE8F081B8F1030F73
:105A8000EBD10229E6E700BF006000408C760120E0
:105A9000000300500023435082B043580193019B00
:105AA00002B070472DE9F047DFF8988004460D46B4
:105AB000914600F5A07A4FF480370026D4F80433DD
:105AC000B10001F5A0713B4289B20DD0DAF8003087
:105AD00053B1C4F848732046C4F80873FFF7DAFFDF
:105AE00058F82530F0B298470136B1454FEA4707DC
:105AF0000AF1040AE2D1D4F80433DA070CD5D4F859
:105B000000314BB120464FF48071FFF7C3FF0D4BBE
:105B1000042053F825309847D4F804339B070ED55A
:105B2000D4F804315BB120464FF48271FFF7B2FF25
:105B3000044B052053F82530BDE8F0471847BDE871
:105B4000F08700BFEC760120F0B51A4C43791A4D6E
:105B500044F8232003EB4303EB5C43BB90F9044080
:105B60008B7802795B01002CDBB21BDB134E3719FB
:105B700087F800330123640902F01F0203FA02F2DE
:105B800046F8242003680A88C3F808254379087971
:105B9000C97803EB4303EA18507091700122EA546C
:105BA0000020F0BD064C02F00F02A354EAE70820E3
:105BB000F7E700BFEC760120E476012000E100E089
:105BC00014ED00E0036801221A604379024A03EBF6
:105BD00043030221D1547047E476012008B50068E0
:105BE0004FF480338B40C0F84833D0F8042313427D
:105BF00001D1002008BD5031890089B2C0F80833B6
:105C00004358002BF5D0FFF745FF0D20F2E70000C9
:105C10002DE9F04105464FF4803400681C4F8C405C
:105C2000C0F84843C0F8084395F805C00CEB4C0693
:105C30003E4422F07F4296F8018001F5A8764FEAB3
:105C40004C0E40F82620B8F1000F11D0D0F8048592
:105C5000F4446744A8EB0206424588BF06F1FF16EC
:105C6000BA7888BF06F57F46964201DA0D200CE02F
:105C70003BB15031890089B2FFF70CFF2B68C3F8A4
:105C800004432B680020C3F84443BDE8F08100BF03
:105C9000E4760120024610B500680C464FF482718C
:105CA000FFF7F8FE13680222C3F844230CB1C3F8CF
:105CB000042310BD024803220021FFF7F3BE00BFFA
:105CC00000B00040024804220121FFF7EBBE00BFF4
:105CD000004002400023435082B043580193019B8F
:105CE00002B070470A4610B54FF48E71FFF7F2FF0D
:105CF000136A9168C95C136A01331362C0F81C15FA
:105D000010BD024608B500684FF49271FFF7E2FF3C
:105D100010684FF48471FFF7DDFF136801221A60E9
:105D200008BD8B690A4610B54FF4847123B9FFF79B
:105D3000D1FFD0F8183510BDFFF7CCFF536AD168FA
:105D4000D0F81805C854536A01335362F3E70000D2
:105D50001FB501238DF80030044BCDE90110D3E9C4
:105D600000126846904705B05DF804FBF476012008
:105D700030B54D4DD5F804339A0585B051D5D5F8D9
:105D80002431002B4DD04FF492712846FFF7A2FF2B
:105D90004FF40173C5F80833444B93F829200AB92E
:105DA00001226A60404902228DF80020D1F8802447
:105DB000C1F8802403929A690292DA680192002263
:105DC000C3E906226846D3E9001290473648D0F866
:105DD0001C315BB1354A5169136A99424DD992F829
:105DE0002830002B49D11146FFF77CFF2E48D0F810
:105DF0004431002B56D04FF4A271FFF76BFF2B4BB1
:105E000093F829200AB1012202609A69002A49D038
:105E1000586AD96800229A6105B0BDE83040FFF7A2
:105E200097BFD5F804335B07D0D5D5F80831002BE0
:105E3000CCD01E4C1C482146FFF773FF636AA26951
:105E40009A42C3D1E369E1684BB1A3612369E3607E
:105E50000023606AE3616362FFF77AFFB6E794F8B4
:105E600029300BB901236B600F4B4FF40172C3F85B
:105E700008230023606AA361EEE70B484FF48E719C
:105E8000FFF728FF5369002BB0D05169029100231E
:105E900091688DF80030019153616846D2E9001392
:105EA0009847A3E705B030BD00200040F4760120FC
:105EB0002DE9F843604D90F804802C2303FB085330
:105EC000064693F82A300C469146002B40F0AF80EE
:105ED0005A49006800F01AFD0746002840F0A980E2
:105EE0002268531C10D01F2A87BF554902F01F0398
:105EF00013464FF0A0410120984003F5E073C1F82C
:105F00000805032041F823006168481C0DD01F29B3
:105F10008BBF01F01F030B4649484FF0A04003F52B
:105F2000E0734FF0000C40F823C03068A369C0F85C
:105F3000243594F814C0637DBCF1010F4CEA0303CF
:105F4000C0F86C35C0F81415C0F80C252BD1A36827
:105F5000591C0DD01F2B8BBF03F01F021A46384966
:105F60004FF0A04102F5E0724FF0000C41F822C062
:105F7000E1684A1C13D01F2987BF314A01F01F0C6A
:105F80008C464FF0A0424FF0010E0EFA0CFE0CF5BD
:105F9000E07CC2F808E54FF0030E42F82CE0C0F8B0
:105FA0000815C0F810352C2202FB08F2AB18C3F814
:105FB00004902369AB50B9F1000F20D04FF48E71DB
:105FC000247FFFF787FE4FF4A2713068FFF782FE4F
:105FD00032681C4BC2F80433130B42F307326101E1
:105FE000002AC9B21EDB1848841884F80013012166
:105FF000520903F01F0301FA03F340F8223033681B
:106000000422C3F800252C2303FB08530022C3E914
:10601000062283F829205A61012283F82A20384673
:10602000BDE8F883094A03F00F03D154E7E70827D6
:10603000F5E71127F3E700BFF4760120715D020058
:10604000000300508000020000E100E014ED00E0D9
:106050000279044B2C2101FB02335869003818BF28
:1060600001207047F47601202DE9F84F064690F89C
:10607000048089469246FFF7EBFF044600283CD196
:10608000204F2C2508FB057B4FF48E71CBF814A014
:10609000CBF80890CBF820008BF828003068FFF789
:1060A00019FE3068012383605946FFF71BFEDBF8B9
:1060B00004305D461BBB3068DBF814402B6A9C4201
:1060C00011D83368D3F81C21002AFBD00122DA60F2
:1060D00000202C2303FB087700237B61BDE8F88FA9
:1060E00095F828303BB9D0F81C31002BF8D0594630
:1060F000FFF7F8FDE2E70F20EBE71120EEE720467F
:10610000ECE700BFF47601202DE9F0473A4D07791E
:106110002C2303FB075306465C6824B103684FF445
:106120000170C3F808032C2303FB0753986950B18F
:10613000D869002841D024B133684FF40172C3F804
:106140000423112436E09A61D9605862D8612C2367
:1061500003FB075393F829301BB910B93046FFF7FA
:10616000D0FD4FF02C0808FB075A3068DAF80430ED
:10617000002B37D14FF4A271D046FFF7ABFD30684A
:10618000D0F82491D0F80831D0F84441CBB914B9F3
:10619000B9F1000FF3D02C2303FB07550023AB61AB
:1061A000B9F1000F24D12CBB95F8291033680122D6
:1061B000B1B11A602046BDE8F0871961DA610120AB
:1061C000C5E7B9F1000FE6D1002CE4D14146FFF755
:1061D000A8FDDAF82430DAF818209A42CFD8DAE7A6
:1061E0005A60E7E74FF40173C0F804330024E1E795
:1061F0000324DFE70F24DDE7F4760120002343507A
:1062000082B043580193019B02B070471FB5012330
:106210008DF80030044BCDE90110D3E90012684637
:10622000904705B05DF804FB207701207FB5434A15
:10623000D2F82461002E60D010464FF49271FFF71F
:10624000DDFF02238DF80030D2F88034C2F88034AC
:106250000393D2F83C350293394BDA68019200225D
:10626000C3E906226846D3E9001290473348D0F8C4
:10627000443173B14FF4A271FFF7C0FF304B9A69FC
:106280003AB10022C3E90622D0F83C05D968FFF7ED
:10629000BDFF2A48D0F82031ABB14FF49071FFF721
:1062A000ADFF0123C360264B5A6962B1D0F84C158B
:1062B0000291002299688DF8002001915A61684688
:1062C000D3E9001290471D48D0F858319BB14FF4E4
:1062D000AC71FFF793FF1A4B5A6962B1D0F84C15B5
:1062E0000291002299688DF8002001915A61684658
:1062F000D3E90012904704B070BDD2F81031002BE2
:10630000B4D04FF488711046FFF778FF0C4BD2F8E9
:106310003C0599698842A9D1DC69D96864B1D2F891
:10632000005225F02005C2F800521A699C61DA601B
:10633000DE61FFF76BFF99E79C61FAE70020004000
:10634000207701202DE9F843664E90F8048024233D
:1063500003FB0863044693F820300D469146002B5A
:1063600040F0BC806049006800F0D0FA0746002881
:1063700040F0B68029684B1C10D01F2987BF5B4AAC
:1063800001F01F030B464FF0A0420120984003F597
:10639000E073C2F80805032042F823006A68501C25
:1063A0000DD01F2A8BBF02F01F0313464F484FF03A
:1063B000A04003F5E0734FF0000C40F823C02068C4
:1063C000AB69C0F8243595F814C06B7DBCF1010FA2
:1063D0004CEA0303C0F86C35C0F80C15C0F814255E
:1063E0002BD1AB68591C0DD01F2B8BBF03F01F02A4
:1063F0001A463E494FF0A04102F5E0724FF0000C02
:1064000041F822C0E9684A1C13D01F2987BF374AC8
:1064100001F01F0C8C464FF0A0424FF0010E0EFA17
:106420000CFE0CF5E07CC2F808E54FF0030E42F8D4
:106430002CE0C0F80815C0F81035242202FB08F241
:10644000B318C3F804902B69B350B9F1000F2FD0E3
:106450004FF488712A7FFFF7D1FE20684FF49071C6
:10646000FFF7CCFE20684FF49271FFF7C7FE20685B
:106470004FF4A271FFF7C2FE4FF4AC712068FFF732
:10648000BDFE23681A49C3F80413190B43F30733FD
:106490005201002BD2B21CDB1648C51885F8002328
:1064A00001225B0901F01F0102FA01F140F82310FB
:1064B00023680822C3F80025242303FB0866002371
:1064C000C6E906337361012386F820303846BDE8FB
:1064D000F883094B01F00F015A54E9E70827F5E763
:1064E0001127F3E7207701202D62020000030050FE
:1064F0001003420000E100E014ED00E00279044BDB
:10650000242101FB02335869003818BF012070476D
:106510002077012001F06043B3F1005F2DE9F047DF
:106520000646884692463BD190F80490FFF7E6FF76
:106530000446002836D11D4F3068242505FB097517
:106540004FF49071C5F814A0C5F80880FFF756FE07
:106550004FF4AC713068FFF751FE33686A69A9687F
:10656000C3F84415C3F8482501229A606A68DAB96D
:10657000D3F82021D3F858011AB90028F8D00F20F9
:1065800007E00028FBD10122DA60D3F85821002A65
:10659000FBD0242303FB097700237B61BDE8F08750
:1065A0001020FBE71120F9E72046F7E720770120CC
:1065B000F8B501F06043B3F1005F04460F465ED1C9
:1065C0000379304D242101FB0351496821B1006852
:1065D0004FF40476C0F80863242000FB03539E693F
:1065E00056B1D869002839D021B123684FF404721C
:1065F000C3F80423112030E09A61DF60DE61206877
:106600004FF48871FFF7FAFD20684FF4A271FFF78D
:10661000F5FD2368C3F83475C3F8382516BB01228D
:106620001A602479242202FB045252680ABBD3F870
:106630001011D3F84421D3F82401114302D10028CA
:10664000F5D00A46242303FB04550023984218BFC3
:1066500003209A42AB6118BF0F20F8BD1F61DA61B9
:106660000126CCE7D3F8002242F02002C3F8002232
:10667000D7E74FF40472C3F804230020EDE710209D
:10668000EBE700BF2077012013B5084CD4F80031A8
:106690004BB1074B1B6898470023C4F80031D4F86E
:1066A00000310193019B02B010BD00BF000001400A
:1066B0004877012070B5114B1960114B1C780546C5
:1066C000D4B9104E01221A700378C6F80C3541680F
:1066D0004FF47A720023C803490C14F0A1FDC6F8E8
:1066E00004052B7A084A5B01DBB282F810334FF4C1
:1066F00080331360204670BD0820FCE748770120F6
:10670000457701200000014000E100E0044B012238
:10671000C3F804231A60034B02221A70704700BFAB
:10672000000001404577012010B50446002005F027
:1067300087FB0B4B1A78072A10D8511C197009498E
:106740002270D1F80805012393400343C1F80835AE
:106750000024002005F076FB204610BD0424F8E755
:106760004477012000000140034B044A00F5C0704B
:1067700043F82020704700BF000001403546526EAC
:1067800000F18040002382B0036003680193019B05
:1067900002B07047044A137923B9012110601171C6
:1067A00018467047852070474C770120084B1A68BF
:1067B000D20704D4C02283F8002301221A604FF0CC
:1067C00080420123C2F81835024A1370704700BF97
:1067D00000E100E05477012008B54FF48270FFF724
:1067E000CFFF4FF080430222C3F8042301229A60B6
:1067F00008BD08B54FF48070FFF7C2FF4FF080432B
:106800000122C3F804231A6008BD4FF08042012121
:1068100008B54FF48070C2F80813FFF7B1FF51605C
:10682000D2F80C3403F00113B3F1011FF8D008BD06
:106830004FF0804210B5D2F8003153B14FF4807060
:10684000FFF79EFF0123C2F808330B4B00201B68A3
:1068500098474FF08042D2F8043163B14FF4827010
:10686000FFF78EFF0223C2F80833034BBDE8104048
:106870001B680120184710BD4C770120044AD2F84C
:106880000034DB07FBD50160BFF35F8F704700BFAB
:1068900000E001404FF0805302461869B2FBF0F36C
:1068A00000FB132068B9084B0221C3F80415C3F894
:1068B0000825D3F80024D207FBD50022C3F804250D
:1068C00070471020704700BF00E00140F8B50B4B47
:1068D0001546012206460F46C3F804250024A542AA
:1068E00004D1064B0022C3F80425F8BD57F8241044
:1068F00006EB8400FFF7C2FF0134F0E700E001403F
:10690000014B1B68184700BF5877012038B50B4B67
:1069100098420C4601D0002038BD002005F090FAC6
:10692000074B1D7915B901221C601A71002005F072
:1069300089FA002DEFD01120EEE700BF00200040C3
:1069400058770120034B984201BF034B00221A6085
:106950001A7170470020004058770120020713D4B5
:1069600000F00F0310F0800F084A0BBF03F5887387
:1069700003F5847302EB830352F8230008BF5868C1
:10698000431E584258417047002070470070024033
:1069900010F0080F074B06D0D3F8C00410F4803F66
:1069A00018BF0020704700F00F0000F5947053F8F6
:1069B00020007047007002404FF08053D3F8300140
:1069C000A0F10D0358425841704730B54C680D682E
:1069D0009C4229BFC0E900530021E41AED1832BFE0
:1069E000C0E900514C600D60934203D1201E18BFD6
:1069F000012030BD0020FCE74B6810B59A420C68BE
:106A000028BF1A46C0E90042981A0B6848601A4429
:106A100000380A6018BF012010BD30B54C680B6803
:106A2000A24228BF2246002A14BF1D460025C0E905
:106A30000052A4EB02041A444C600A6014BF012007
:106A4000002030BD054B10F0800FA3F1900208BF6D
:106A5000134600F00F0003EB00107047D4780120BC
:106A600010F0800F14BF0023102300F00F00184413
:106A70007047000007B5094A00231370084AADF8B3
:106A8000053013708DF8073001238DF80430054B65
:106A900001A81B68984703B05DF804FB60770120EC
:106AA0006879012064790120704700004B689342A7
:106AB00028BF134670B51D46094B0C4606462A46AC
:106AC00009681846F9F7C4F9C6E900056068226844
:106AD000401B60602A440038226018BF012070BD4E
:106AE0006C7901204B68934228BF134670B5064667
:106AF0000D461C468BB10A4B096822461846F9F729
:106B0000A7F930606B6874601B1B6B602B68201EDC
:106B100023442B6018BF012070BD0360F2E700BF63
:106B20006C79012008B5002005F08AF90A4BD3F8EA
:106B3000001C032261B949F27531C3F8001CC3F887
:106B4000142DC3F8001CBDE80840002005F07AB9F8
:106B5000C3F8142DF7E700BF00E0064008B5002099
:106B600005F06EF90A4BD3F8001C61B949F2753291
:106B7000C3F8002CC3F8141DC3F8002CBDE808406E
:106B8000002005F05FB90022C3F8142DF6E700BF1E
:106B900000E0064008B50C4B00221A700146FFF7D2
:106BA00051FF837B032B0AD10846FFF759FF0121D0
:106BB0008140BDE808400548C94305F01CBA036898
:106BC000002BF1D008BD00BF61770120D0770120F4
:106BD0008720FFF7DFBF8620FFF7DCBF8520FFF7A8
:106BE000D9BF8420FFF7D6BF8320FFF7D3BF822011
:106BF000FFF7D0BF8120FFF7CDBF0000084B002278
:106C00001A70084B93F89E20032A04D106486FF0AF
:106C1000010105F0F0B9D3F89030002BF6D07047A1
:106C20006177012044780120D0770120012273B5DB
:106C300002FA01F51E491F4E0B6810F0800F43EA5F
:106C4000050304460B6027D000F00F021A4B33F8FF
:106C5000123003F1804303F51C331A684AB1002255
:106C60001A60BFF36F8FBFF34F8F802811D0FFF7EB
:106C700091FF316829400AD106238DF804308DF840
:106C800006408DF807100D4B01A81B68984702B00D
:106C900070BDFFF7B3FFECE733681D42F7D1062361
:106CA0008DF804308DF806008DF80720EBE700BF63
:106CB00040780120D07701206EE60300647901203E
:106CC00008B5054B1A781046FFF7CAFEBDE8084024
:106CD00001461046FFF7AABF68790120FFF78EBF73
:106CE00007B500238DF804300B4BD3F82025ADF801
:106CF0000620D3F8C034094A002B13680CBF4FF4A8
:106D000080714FF001210B431360054B01A81B68F4
:106D1000984703B05DF804FB007002404078012002
:106D20006479012007B5124B00221A70114B93F8B9
:106D30001E21032A07D110486FF4807103B05DF85B
:106D400004EB05F058B9D3F8103173B90A486FF461
:106D5000807105F050F906238DF804308823ADF8D2
:106D60000630064B01A81B68984703B05DF804FB8A
:106D70006177012044780120D077012064790120D7
:106D800007B50E4B00221A700D4B93F88E20032A84
:106D900011D0D3F8803073B90A486FF0807105F0D4
:106DA0002AF906238DF804300823ADF80630064B87
:106DB00001A81B68984703B05DF804FB61770120C8
:106DC00044780120D0770120647901202DE9F04F2B
:106DD000594E337885B0002B66D1584C584B196802
:106DE0002368194060D011F0012360D093FAA3F119
:106DF00000295FD0B1FA81F10F295DD9A1F1100806
:106E00005FFA88F84046FFF71DFE4FF0010B4FFA7E
:106E100088FA0BFA01F1BAF1000F81466FEA010B13
:106E20004DDA03688289416802A8984708B9C9F811
:106E3000000001232168039A3370D9F8083001EA71
:106E40000B011344BAF1000F2160C9F8083008F0B3
:106E5000080002993B4B08F00F085EDA002854D076
:106E6000C3F8A016C3F8A426042303EB880303F198
:106E7000804303F51C3301221A60BFF36F8FBFF309
:106E80004F8F314B314A2F4913EA2A0338BF13463B
:106E900033F8183003F1804303F51C331A681AB92C
:106EA000D1F80021002AF9D005B0BDE8F08F91FAA1
:106EB000A1F19DE72021A1E741F08008A2E740462B
:106EC000FFF766FDB9F80C20D9F80410D9F8005086
:106ED0000346074602A8A847029A002AA6D0039AAA
:106EE0009742A3D9022789F80E705946144805F035
:106EF00082F806238DF80430154B8DF806801B6848
:106F00008DF8077001A8984768E7142000FB083344
:106F1000C3F80016C3F80426A6E728B1C3F8A017E3
:106F2000C3F8A4272823A0E7142000FB0833C3F8E4
:106F30000017C3F80427F5E76177012040780120A6
:106F4000D0770120007002406EE603008AE603005D
:106F500064790120174B37B500221A700446FFF7F9
:106F600071FD837B032B0DD12046FFF779FD0121B5
:106F70008140C943104805F03EF803B0BDE83040F9
:106F8000FFF724BF0568002DF7D12046FFF768FD05
:106F900001218140C943084805F02DF806238DF8EA
:106FA0000430064B8DF806401B688DF8075001A889
:106FB0009847E2E761770120D077012064790120CA
:106FC0000720FFF7C7BF0620FFF7C4BF0520FFF764
:106FD000C1BF0420FFF7BEBF0320FFF7BBBF0220E5
:106FE000FFF7B8BF0120FFF7B5BF000038B5134B5E
:106FF000D3F86C44C3F86C44BFF36F8FBFF34F8F6B
:1070000001251CB9BDE83840FFF7E0BE94FAA4F1B1
:1070100071B1B1FA81F30F2B19460BDDA1F110000C
:10702000C0B205FA01F324EA0304FFF7FFFDE8E725
:107030002021F3E743F08000F3E700BF0070024037
:1070400008B5FFF7B9FC08B1FFF76CFD0D4B012245
:10705000C3F80025BFF36F8FBFF34F8FD3F8002421
:107060001205FBD54FF40062C3F80024BFF36F8F05
:10707000BFF34F8FFFF7A0FC18B1BDE80840FFF742
:107080006DBD08BD00700240254B13B5D3F8004418
:10709000C3F80044BFF36F8FBFF34F8FBFF36F8F01
:1070A000BFF34F8FE1050ED51E4B01221A7000234E
:1070B000ADF805308DF8073002238DF804301A4BF7
:1070C00001A81B689847A2050DD5164A0023137026
:1070D000ADF805308DF8073003238DF80430124BDE
:1070E00001A81B689847630518D50E4A1378ABB101
:1070F000002313700A4A0121C2F808159165BFF3F5
:107100006F8FBFF34F8FADF805308DF80730042334
:107110008DF80430044B01A81B68984702B010BDDD
:10712000007002406077012064790120024A002348
:107130001360024A1370704764790120627701205E
:1071400070B51E4E4FF40063C6F80034BFF36F8F66
:10715000BFF34F8FFFF774FFFFF72EFC60B1184CA1
:1071600023784BB10025C6F80055BFF36F8FBFF3EE
:107170004F8FFFF765FF2570FFF71EFC08B1FFF783
:10718000D1FC0E4A8023C2F81C350023C2F83035EA
:107190000C4A40F2FF1111600B4A13600B4A137046
:1071A0000B4A13700B4B02221A70FFF705FC18B143
:1071B000BDE87040FFF7D2BC70BD00BF0070024058
:1071C0001408002040780120D07701206177012049
:1071D00068790120627701200C4B00221A700C4A5A
:1071E0000C4B002818BF13460B4AC2F804330B4B54
:1071F000A02183F82713802159600123C2F80435A8
:10720000BFF36F8FBFF34F8F704700BF60770120D0
:107210000714E0010714C0010070024000E100E023
:10722000024B1878003818BF0120704762770120A0
:10723000034B1878012894BF00200120704700BF3D
:107240006277012010B5002004F0FAFD094B1B788D
:1072500003F0FF0433B1084AD2F82C353BB10023C8
:10726000C2F82C35002004F0EDFD204610BD1C4670
:10727000F8E700BF6077012000700240024B034A2C
:10728000C3F80823704700BF007002400414800157
:10729000024B034AC3F80423704700BF007002404A
:1072A00004148001014B00221A707047607701209E
:1072B00008B5FFF7C7FB818108BD000073B51D4B02
:1072C0001C78002C33D11C4A106001221A7025460C
:1072D000264615F0080F65F07F00C0B20CBF4021B4
:1072E0004FF400710190FFF7E3FF0198FFF7AAFB4D
:1072F0000135092D867306608660EAD1402100259C
:107300002046FFF7D5FF2046FFF79CFB0134E4B28F
:10731000092C85730560856002D1002002B070BD24
:1073200014F0080F14BF4FF400714021E8E7082063
:10733000F4E700BF627701206479012008B5FFF708
:1073400081FB808908BD0000064A10F0800F00F024
:107350000F0314BFD2F81005D2F81405D84000F07E
:1073600001007047007002402DE9F0478046002080
:107370008A4604F065FD18F00F0503D1294B1B78F0
:1073800043454AD1284B294F1C683E684046FFF7C9
:1073900067FBE443A4B24FF00109344309FA00F952
:1073A00014EA09043BD14046FFF74CFB0C2218F0CD
:1073B000800F034602FB05F52BD01D4ADAF80010BA
:1073C000154401F06041DAF80820B1F1005F02F0E5
:1073D000010219D1B2B9174A1A609AE8070085E884
:1073E000070000229A609A735D60134B46EA090613
:1073F00080223E60C3F80421002004F023FD2046D3
:10740000BDE8F0870D4AE7E70AB90D4AE4E70D4AFF
:10741000E2E70D4A15440D4ADEE71024ECE711249B
:10742000EAE700BF6879012040780120D077012089
:10743000D4770120F969020000E100E01B6A020034
:10744000AD6A0200E56A020064770120CB690200A0
:107450002DE9F041074600200E4604F0F1FC3B0701
:1074600003D1174B1B78BB4225D1164B16491C681C
:107470000D683846FFF7F4FAE443A4B201232C4325
:1074800003FA00F814EA080417D13846FFF7DAFACD
:1074900033680360736843600C4B846045EA0805F9
:1074A000802284730D60C3F80421002004F0CAFC1C
:1074B0002046BDE8F0811024F7E71124F5E700BF6E
:1074C0006879012040780120D077012000E100E0B8
:1074D000004870476C790120044B40F48070C3F879
:1074E0001805BFF36F8FBFF34F8F704700700240D6
:1074F000FFF734BA064BC3F80C05BFF34F8F40F4C7
:107500008070C3F80C05BFF36F8FBFF34F8F7047C8
:10751000007002400023036043600E4BD3F88024C8
:107520000270D3F884244270D3F88824D3F88C14E2
:1075300042EA01224280D3F89024D3F8941442EA1C
:1075400001228280D3F89824D3F89C3442EA0323A2
:10755000C380704700700240034B0122DA64BFF31E
:107560006F8FBFF34F8F70470070024013B5134BFE
:1075700000221A70124B9A7B032A07D111486FF42C
:10758000803102B0BDE8104004F035BD1C687CB904
:107590006FF480310B4804F02EFD06238DF8043083
:1075A000094BADF806401B6801A8984702B010BD12
:1075B00002B0BDE81040FFF7CFBF00BF61770120E8
:1075C00044780120D077012064790120034B012207
:1075D0001A65BFF36F8FBFF34F8F70470070024083
:1075E000034B01225A65BFF36F8FBFF34F8F704774
:1075F00000700240014B1878704700BF6879012085
:1076000010B50446002004F01BFC2046FFF728FAC2
:107610000D4901220B6802FA00F023EA000314F07E
:1076200008020B600AD104F00F04084B04F59474AF
:1076300043F82420BFF36F8FBFF34F8FBDE8104096
:10764000002004F0FFBB00BF407801200070024022
:10765000F7B50446002004F0F3FB2046FFF7F2F9EB
:1076600005462046FFF7FCF9012214F0800F02FACC
:1076700000F22D4818D1036832EA03010AD02046EF
:10768000FFF7BEFF0323AB73002003B0BDE8F0405B
:1076900004F0D8BB23EA020329600360234B186877
:1076A00020EA02001860EDE7230715D4802C204B58
:1076B0002ED004F00F0101F2DA314900C3F80018AE
:1076C000D3F80418D3F80468C9B241F00201314379
:1076D000C3F80418D3F80438144E0168336861EA1B
:1076E00003071742D0D0134321EA0201336000237D
:1076F00001602B600323AB738DF807300D4B8DF8C1
:10770000064006221B688DF8042001A89847BBE7B5
:1077100040F2B471C3F80018D3F80418D3F8046821
:10772000C9B241F00401D2E7D077012040780120AE
:107730000070024064790120FFF78ABF73B5184BCF
:10774000184CD3F880542368174EDA43174B31781E
:107750001B6892B208461A43FFF782F9012303FA25
:1077600000F0104202D00846FFF772FF6FF00111DF
:1077700005F080050D48357004F03DFC236843F0AA
:10778000010323600023ADF805308DF80730052391
:107790008DF80430064B01A81B68984702B070BDF5
:1077A000007002404078012068790120D0770120E4
:1077B000647901201C4BD3F8041300232DE9F04118
:1077C00001241D4671B9194F03F4000623F4000487
:1077D0004FF00108D4B9FFF7F9FA1EB3BDE8F04144
:1077E000FFF7ACBF91FAA1F21148B2FA82F296000B
:1077F000304404FA02F206682EB10560BFF36F8FC1
:10780000BFF34F8F134321EA0201DBE794FAA4F59B
:10781000B5FA85F557F8253008FA05F5984724EAB2
:107820000504D7E7BDE8F081007002409CE6030044
:1078300000710240F8B5134E134B34681B68240CDA
:1078400024041C4301271CB940F2FF133360F8BD28
:1078500094FAA4F585B1B5FA85F30F2B1D460DDD1D
:10786000A5F11000C0B2030701D4FFF7F1FE07FA3B
:1078700005F524EA0504E6E72025F1E743F080005A
:10788000F1E700BF40780120D077012038B50E4CD9
:107890008025C4F8845163681B0613D5FFF7CAFF1F
:1078A0000A4B0022C3F80425BFF36F8FBFF34F8F3D
:1078B000C4F88450BFF34F8FBFF36F8F4FF0FF3288
:1078C000C3F8082338BD00BF00E100E000700240AB
:1078D00008B5FFF7DBFF094BD3F80423C3F80823EF
:1078E0000022C3F80025BFF36F8FBFF34F8F044B07
:1078F0001A70044B01221A7008BD00BF00700240CC
:10790000617701206277012010B5002004F098FA19
:107910000E4B1B7803F0FF042BB90024002004F069
:1079200091FA204610BDFFF785FF094AD2F80034CE
:1079300013F40073F1D10121C2F82C15D2F8001410
:10794000890544BFC2F82C351C46E7E76077012063
:107950000070024010B50446FFF77AFE134A04F0A7
:107960000F0064B2002C4FF00103B4BFD2F8101521
:10797000D2F8141503FA00F36FEA0303B5BF0B4006
:107980000B40C2F81035C2F81435BFF36F8FBFF348
:107990004F8F074A074B13EA240338BF13461A5C7C
:1079A00001239340014AC2F8083310BD0070024021
:1079B00080E6030064E6030038B5254A254B45B24E
:1079C000002DA8BF134600F00F010446585C224A60
:1079D0004FF0010303FA00F0C2F804032ADAD2F8E8
:1079E0001005C840C00731D4D2F810058B400343BE
:1079F000C2F81035BFF36F8FBFF34F8F31B3002D37
:107A000024DB14F0080521D1284604F019FA204699
:107A1000FFF7F6FD2046FFF723F8104901220B6817
:107A200002FA00F023EA00030B602846BDE8384064
:107A300004F008BAD2F81405C840C00706D4D2F83A
:107A400014058B400343C2F81435D3E738BD00BF9B
:107A500080E6030064E6030000700240D077012056
:107A6000030610B5044605D4FEF778FF10B1204692
:107A7000FFF7C6FD034BC3F81845BFF36F8FBFF385
:107A80004F8F10BD007002404FF0E0236FF07F4237
:107A90005A6105221A6170474FF0E022916993699B
:107AA000CB1A23F07F438342F9D37047034B044A38
:107AB0001B68B3FBF2F35843FFF7EEBF200800202A
:107AC00040420F00F8B50A4F850900F03F044FF41B
:107AD0007A76013D6B1C3868B0FBF6F004D1604348
:107AE000BDE8F840FFF7D8BF8001FFF7D5FFF0E70A
:107AF0002008002043681B6818470000024B5B68A1
:107B000003B11847704700BFAC790120020600F0AE
:107B10000F034CBF02480348DB001844704700BF06
:107B2000B8790120007A012008B5FFF7EFFF016066
:107B300009B14B681968416008BD00000378052B46
:107B40000BD1074AD2F88434D2F88024D2B222B9B9
:107B5000044ADBB2052B08BF1046034B1B681847CD
:107B60000070024018E70300AC790120012805D01D
:107B7000022805D030B90448FFF7E0BF0348FBE70F
:107B80000348F9E7704700BF14E7030010E703005C
:107B90000CE70300FFF7D2BF0148FFF7CFBF00BFDC
:107BA0001CE70300024B0146D3E90002104700BF67
:107BB000007A012038B5831EDBB2062B98BF1A4A23
:107BC0001A4D98BFD25C2B78A3F10203DBB288BFB9
:107BD0000022062B9ABF1449CB5C00239342044633
:107BE00003D0B2B11248FDF72BFC022C14D0A4F143
:107BF0000800424242412B78022B0FD0A3F108012A
:107C00004B424B41934202D052B1FFF741FB2C70E3
:107C100038BDFDF73FFCE8E70122ECE70123F1E77F
:107C2000FFF72CFBF3E700BF00E70300517A0120C8
:107C3000180800202DE9F04F87B000260546884639
:107C400091461F4602966B6800225C682946012314
:107C500002A8A047044638B98DF806000490824671
:107C6000564503D8052028E00136ECE76B680DF196
:107C70000602D3F804B02946012304A8D8476B684C
:107C80000DF10702D3F804B02946012304A8D84710
:107C90009DF8073043459DF8063013D14C450FD170
:107CA000109A13603B7087F801806A68023B546841
:107CB0002946BA1C04A8A047002007B0BDE8F08FF1
:107CC0000134E4B26A68023BD2F804B029460022CB
:107CD00004A8D8479DF806309A44C1E72DE9F74338
:107CE00005462B48FFF7EAFA044600284CD1294BF9
:107CF0001870294B1860294B014618604822284803
:107D0000F8F7B4F8274848222146F8F7AFF8264B91
:107D100095B9264A1D72C3E90025002004F0A4F895
:107D200018B1852801D0FDF7FBFA214F002697F8FE
:107D3000089007F1090814E095E8070083E80700B8
:107D40000028EAD1194A1A60E7E7A37823443946A4
:107D5000985CFFF7E9FE01356378EAB29342F4D804
:107D60000136F4B2A14504D904EB4404444400258F
:107D7000F2E70B230E488DF8043001A9FFF7BAFE95
:107D8000044608B1FFF7D2F9204603B0BDE8F083FE
:107D9000957B0200517A0120487A01204C7A01201B
:107DA000B8790120007A0120AC790120DD80020041
:107DB00024E7030010B5FFF733FA10B9082318467B
:107DC00010BDFFF735FA04460028F7D1044804F047
:107DD00066F803460028F2D0FDF7A2FA2346EEE744
:107DE00008E70300FFF7ACB9FFF772BD4FF080431F
:107DF000D3F83824920702D50348FFF79FBED3F883
:107E00003824D107F4D4704721E7030007B5822353
:107E100001A88DF80430FFF791FE03B05DF804FB74
:107E20002DE9F74300F1090190F808900546002775
:107E30000E46FBB24B452AD291F801800024E3B2F2
:107E400098450AD98B780A190134D05CFFF75EFE99
:107E50000368002BF3D0112028E001370331E8E755
:107E6000A27823442946985CFFF75EFE01376278CA
:107E7000FBB29A42F4D808F101082B7A5FFA88F431
:107E8000A34216D904EB440434440027EFE74FF033
:107E90000008F2E713681A68002AFBD11D6001A9E7
:107EA0000B2328468DF80430FFF724FE03B0BDE80D
:107EB000F083014BEFE700BF487A0120024B1878AE
:107EC000003818BF01207047507A0120030710B511
:107ED000044604D4FFF70EFB2046FFF7C1FD204601
:107EE000BDE81040FFF768BDFFF734BD014B1868CF
:107EF000704700BF487A0120F0B50A4B0246186867
:107F000078B1057A0023861DDCB2A54201D803684A
:107F1000F5E7013303EB4307F75D9742F4D101B175
:107F20000C70F0BD487A01201146FFF7E3BD08B59B
:107F300000F00F03082B07D8FFF7E8FD006818B121
:107F4000BDE80840FFF7D6BD102008BD38B5054B89
:107F500005461C6804B938BD29462046FFF7CAFD0E
:107F60002368F6E7487A012038B5074B05461C68B8
:107F70000CB9062038BD29462046FFF7BBFD062870
:107F8000F8D12368F3E700BF487A012013B504460F
:107F90000191FFF7D9F950B1064B1B78022B06D19E
:107FA0000199204602B0BDE81040FFF7DDB9082076
:107FB00002B010BD517A012013B504460191FFF7BC
:107FC000C3F950B1064B1B78022B06D1019920460C
:107FD00002B0BDE81040FFF73BBA082002B010BD68
:107FE000517A0120F8B543689B6805460C46164651
:107FF00013B92EB1072002E098470628F9D0F8BD42
:108000002B7AA34213D9093504EB44042C44677836
:10801000F3B29F4201D80020F1E762789A4208D972
:10802000A219A378D05CFFF751FF0136F0E773780F
:10803000FFDE00231B78FBE74368DB6870B505466D
:108040000C4603B198472B7AA34213D9093504EBA8
:1080500044042C4400256678EBB29E4200D870BDE3
:1080600062789A4209D96219A378D05CFFF772FC52
:108070000135F1E700235B78FFDE00231B78FBE787
:1080800043681B6903B118471846704770B5084B21
:108090001C6804B970BD267A0025E9B28E4201D869
:1080A0002368F5E700222046FFF79CFF0135F4E73F
:1080B000487A012070B5084B1C6804B970BD267A57
:1080C0000025E9B28E4201D82368F5E72046FFF784
:1080D000B3FF0135F5E700BF487A012038B50378D2
:1080E0000F2B044610D9A3F1800283F08003052BE7
:1080F00000D938BD052AFCD8DFE812F067002C0053
:10810000490073007E00E0000F2BF2D801A252F864
:1081100023F000BF1B8202004B820200AB820200F0
:108120006F8202008D820200BD820200CF820200B7
:10813000F3800200F9820200FD8202000183020046
:10814000F3800200F3800200F3800200F38002005B
:10815000C78202006B48FFF725FD6A48FFF7F6FE6D
:108160000D20FFF7CBFCFFF7A5FF00F078F9664B79
:108170001B6853B9654B187A00F00100FFF72CF823
:108180000120BDE83840FFF715BD0120F4E7FFF7F7
:1081900091FFFFF77BFB0020FFF70CFD5C48FFF72A
:1081A000D5FE5B48FFF7FEFC0E20FFF7A7FC594BFE
:1081B0001B78023BDBB2062B9BD8574AD35C002BC3
:1081C00097D0BDE83840FDF765B9524B1B78062BB8
:1081D00005D003F0FD03052B8BD10220D1E7082049
:1081E000CFE74C4B1B78032B83D1FFF78DFB002887
:1081F0003FF47FAF0420C4E7464B1B78032B05D127
:10820000FFF782FB10B10420FFF7D4FCFFF71AF848
:1082100000283FF46EAF0620B3E73E4B1B78032BDC
:1082200001D0082B02D13D48FFF758FF0020FFF78F
:1082300065FC354B1D68002D3FF45BAF2846214699
:10824000FFF758FC2B685D68F5E7FFF733FF00F098
:10825000FDF80220FFF7AEFC0120FFF74FFC20469F
:10826000FFF7A0FC2046BDE83840FFF76FBE294B62
:108270001B78082B06D10220FFF79CFCFFF712F8B1
:108280000320EAE70520FFF795FCF9E70320FFF755
:1082900035FC2348FFF786FC2148FFF757FE1D4BAE
:1082A0001B78062B99D107206BE70320FFF782FC90
:1082B0000220FFF723FC2046FFF748FE2046BDE8DA
:1082C0003840FFF76FBC0F20FFF718FCCAE7807833
:1082D000FFF71CFC214643680068984700283FF4DC
:1082E00008AFA07802073FF404AF03073FF501AFE2
:1082F000BDE83840FFF7F0B80820E5E70920E3E7DC
:108300000A20E1E720E703004C7A0120AC79012044
:108310001FE70300517A012000E703001EE7030076
:108320001DE70300002070472DE9F04F2DED028B73
:108330004B6885B080460C4601926BB90B681B6890
:108340001B684BB98D683DB9C0E90055284605B09A
:10835000BDEC028BBDE8F08FFFF7BAF8019BE76830
:108360009F4228BF1F4604F110034FF0000A08EE99
:10837000103A8146564601254FB3A3686168BB4257
:108380009B4628BFBB4629B35A4609EB0600F7F7C0
:108390005FFD00236360A268E368A2EB0B02A3EB1E
:1083A0000B03A260E360A7EB0B075E440ABBBAF1C4
:1083B000000F03D02268126812682260DBB12368C4
:1083C000DBB963601EB1019BB34288BF0025C8E9D9
:1083D0000096BBE7002BDED021684B6818EE100A30
:1083E000D3F804A009EB06025B46D0474FF0010A20
:1083F000D1E7002BC0D10025BEE7002302932168FE
:108400004B680022D3F804B002A80123D84708B96A
:108410002061B1E7A3680133A360F0E7084B1A7845
:1084200082420CD0052818BF064A187018BF13786E
:1084300005481CBF23F002031370FFF74FBE7047BF
:10844000607A01207C7A012034E7030008B500201F
:10845000FFF73CFDBDE808408020FFF737BD08B5B9
:108460000020FFF741FDBDE808408020FFF73CBD3C
:1084700038B505460C46FFF7BDF8A84205BFD4E95C
:108480000001034B1020C3E9000108BF002038BDE4
:10849000807A01207FB5C38893421E4628BF1646C6
:1084A00093420D46144620D98020FEF747FFB4FBC7
:1084B000F0F202FB1044B4FA84F46409002003943F
:1084C000CDE9015603F0BCFC01A98020FFF75EFD59
:1084D000044620B906498020FFF7CAFF0446002061
:1084E00003F0B0FC204604B070BD0024E6E700BFF6
:1084F00068E703002DE9F04F0B780E2B89B00D468D
:1085000013D8A3B1013B0D2B11D8DFE813F01200F3
:108510001A00160010002A00EE01100010001000D2
:1085200010001A00D801DC01EC01852B13D00624C1
:10853000D5E10320FFF772FFF9E7A54803F090FCAF
:1085400008B90024CBE1A34B0122DA65BFF36F8F9A
:10855000BFF34F8FF5E7A04B1B78032BE7D1042027
:10856000E8E705239D4D8DF814300DF11500FEF759
:10857000D1FF00232B609DF8153003F01F07032F58
:1085800000F25681DFE817F00400EF004B013700DE
:1085900013F0600FC3F341182DD1DB099DF81620AD
:1085A00000F09B80062A0FD0082A00F0888012BBBA
:1085B0008B490B708B4B4A701B789A0744BF03237F
:1085C0000B70022286490EE09DF81830022B16D05F
:1085D000032B64D0012B0ED1BDF81B30002B00F013
:1085E0006B81814912220DF11500FFF753FF0446FC
:1085F000062C40F0258105A8FFF7B6FC0DE1BDF87B
:108600001B60002E00F05881092E28BF0926FFF7B5
:108610006DFC4FF00909044654BB714C7349324656
:108620002046F7F715FC2771A4F80290FFF746FCE7
:1086300018B1E37943F02003E371FFF757FC6C4B6B
:10864000C3E900049E60BDF81B20DA60002003F03F
:10865000F7FB68498020FFF7AFFC044620B9664964
:108660008020FFF705FF0446002003F0EBFBBFE787
:10867000CDF80C804FF0000A63680022D3F804B0F4
:108680002146012303A8D84730B9237A1F44236821
:10869000D1441C68FFB2BFE70AF1010AECE7BDF85C
:1086A0001B30002B00F00881BDF819109DF8170051
:1086B00000F092F9014600289DD0027893E7464ADF
:1086C0001278052A03D1464A137001227AE7042A58
:1086D00091D1434B83F80080F7E7032A0FD0092A92
:1086E0002BD0012A87D1BDF81730012B83D1FFF79A
:1086F000E5FB60B13B4A137823F002030FE0BDF8BD
:108700001730012B7FF477AFFFF7D8FB18B90F2490
:10871000FEF766FFE3E0334A137843F00203137079
:108720002B68002B00F0C880FEF764FF0446002889
:108730007FF407AFFEF710FFD1E0274B1B78043B17
:10874000012B01D90824E3E79DF817302BB9FFF777
:10875000B1FC0420FFF762FEE2E7012B56D1FFF7E0
:1087600095FC0520F6E79DF8190003A9FFF7C4FB67
:10877000064608B91024CBE79DF80C1005AAFFF7B0
:10878000D3FB062804465BD19DF8152012F0600F3C
:10879000BED1114B9DF80C1018789DF81630D209F7
:1087A0002CD07BB10A2BB3D10528CBD13046019216
:1087B000FFF766FC0A49019A08700DF11500FFF7F2
:1087C00069FE2AE00528BDD105490B800222F4E7A5
:1087D000887A012000700240607A0120807A0120AE
:1087E0008C7A01207C7A012054E7030035E70300EE
:1087F000647A012070E7030068E703000B2B87D140
:1088000005289FD1BDF81730FF2B01D907247FE73A
:108810009DF817203046FFF7E5FB044610E09DF871
:108820001900030706D19DF8153013F0600F0BD027
:1088300006246DE705A9FFF77AFB06280446F2D067
:10884000002C3FF46DAF63E79DF81620344B9DF884
:1088500019401B78012A1DD0032A0CD0002AE7D129
:10886000052B02D027077FF46DAF2046FEF740FEB0
:108870002C490880AAE72607DAD4BDF81720002A79
:10888000D6D12007D4D0052B7FF45CAF2046FEF76D
:1088900023FE45E72107CBD4BDF81720002AC7D116
:1088A0002207C5D0052B7FF44DAF2046FEF722FEF0
:1088B0002046FFF7D5F833E7FEF788FE41E60020B3
:1088C000FFF7ACFD3DE64FF08043D3F8384414F099
:1088D000010401D00220F3E70120FFF79FFD2046AD
:1088E00009B0BDE8F08F0120EAE7C87803283FF41B
:1088F0001EAE0D4E33688BB100227168326098470E
:10890000044600287FF404AF336823B1AB78002B12
:108910007FF417AE0EE7FEF759FEE0E70E24F7E608
:10892000607A01208C7A0120807A012008B14023EE
:1089300003600148704700BF8C7A0120014B187812
:10894000704700BF607A012070B54FF0805286B04A
:10895000D2F8A830D2F8A42000926FEA83436FEADD
:1089600093430B4A0B4E9BB20D2102A812F0E2FD7D
:1089700002AD002402A8F8F766F8844201D306B0DD
:1089800070BD15F8013B06F8013B0134F2E700BF6A
:1089900078E70300CC7A012010B50E4B53F8204045
:1089A00023780BB9A01C10BD0020FFF7BFFF013CCE
:1089B00000235A1CA15C39B9DBB201335B00DBB286
:1089C00043F440730380EEE7D3B220F8131013464C
:1089D000EFE700BFD0E70300034608B9FFF7DCBFAD
:1089E000012807D0022805D0032803D0042801D08D
:1089F000052809D1054800EB4303587820B1044B02
:108A000053F82030002BE9D100207047E8E703003D
:108A1000D0E70300C36903B1184770470368002219
:108A2000C3E91E22C3E920221A845A62DA6203F1E2
:108A300034025A677047CA699A4210B543600CD332
:108A40008C690460086F18440867D01A1C44C86118
:108A500000388C6118BF012010BD01F128020260AE
:108A60008B670020F8E7CA6943609A4227BF8A698A
:108A7000026001F12802026026BF0B67CB618B67A1
:108A80000020704758B90B681A7B202A09D1D3F807
:108A90000E209A615A8A9A831A7D9A77704703202A
:108AA0007047062070470000F0B504680D7A002C6E
:108AB00000F08780A4F213347C2C00F222837C2CFB
:108AC00000F21F83DFE814F085008F009D00A900ED
:108AD000B500C100CD00D9001D031D031D031D03FA
:108AE0001D031D03EF00FB001D031D031D031D03DC
:108AF0001801240132011D031D031D03450151010D
:108B00007F011D031D031D031D03670173017F0109
:108B10001D031D031D031D031D031D038B011D03E9
:108B20001D031D031D039F01AB01B701C301CF014D
:108B30001D031D03DB01E701F301FF010B021D0310
:108B40001D031C022802340240021D031D034C02B7
:108B50005802640270027C021D031D031D031D03E5
:108B60001D031D031D031D031D031D031D031D0305
:108B70001D031D031D031D031D031D031D039B0278
:108B8000A7021D031D031D03C0021D031D031D03BA
:108B90001D03DD021D031D031D031D03DD021D0357
:108BA0001D031D031D031D031D03E902F5021D0323
:108BB0001D031D031D0313031D031D031D031D03BF
:108BC00013030824047123B940F213330360012016
:108BD000F0BD0AB1047914700B24012B04710ED876
:108BE0004FF44573F2E700240AB1067916550134B3
:108BF0000E7D06719C4205D340F21533E6E7012451
:108C0000F2E700240AB106791655013402269C4287
:108C1000067103D340F21633D8E700240AB106796F
:108C20001655013402269C42067103D340F21733D5
:108C3000CCE700240AB106791655013402269C427D
:108C4000067103D34FF44673C0E700240AB10679D6
:108C5000165501344E7E06719C4203D340F21933FF
:108C6000B4E700240AB106791655013400269C4267
:108C7000067103D340F21A33A8E700240AB106793B
:108C800016559D4E0027013437709B4E3678AE4204
:108C900002D340F29A3399E70926A342067103D81A
:108CA00040F2213392E700240AB1067916550134C7
:108CB00004269C42067103D340F2223386E7002447
:108CC0000AB1067916558C4E0F7A3678DFF82CC229
:108CD000B74204F1010440F2188201F1090706EBE2
:108CE000460607EB060E9C42BE5DCCF800E006711E
:108CF00003D340F2273369E700240AB106791655F9
:108D0000013400269C42067103D34FF44A735DE799
:108D100000240AB106791655784E36680134767803
:108D200006719C4203D340F229334FE700240AB175
:108D300006791655714E0F7D36683678B74204F1C4
:108D400001041ED102269C42067103D340F22D334A
:108D50003CE700240AB106791655013402269C42EC
:108D6000067103D340F22E3330E700240AB10679AE
:108D7000165501344E7E06719C4225D340F22F33A6
:108D800024E78F7DB74223D10A269C42067103D384
:108D90004FF44D731AE700240AB1067916550134D1
:108DA00000269C42067103D340F235330EE70024BF
:108DB0000AB106791655013400269C42067103D388
:108DC00040F2363302E700240AB106791655013421
:108DD0000026A342067103D840F23D33F6E6002494
:108DE0000AB106791655454E0F7D36683678B7427A
:108DF00004F1010440F0E98005269C42067103D38A
:108E000040F24233E2E600240AB1067916550134F5
:108E100024269C42067103D340F24333D6E6002455
:108E20000AB106791655013400269C42067103D317
:108E30004FF45173CAE600240AB10679165501347D
:108E400010269C42067103D340F24533BEE600244F
:108E50000AB106791655013401269C42067103D3E6
:108E600040F24633B2E600240AB1067916550134C1
:108E700005269C42067103D340F24933A6E600243E
:108E80000AB106791655013424269C42067103D393
:108E900040F24A339AE600240AB1067916550134A5
:108EA00001269C42067103D340F24B338EE6002428
:108EB0000AB106791655013403269C42067103D384
:108EC0004FF4537382E600240AB106791655013433
:108ED0008E7D06719C4203D340F24D3376E600242A
:108EE0000AB106791655013404269C42067108D34E
:108EF0004FF454736AE600BFDA7A0120DC7A01206D
:108F000000240AB106791655013424269C420671C4
:108F100003D340F2513359E600240AB106791655BD
:108F2000013402269C42067103D340F252334DE6CF
:108F300000240AB106791655013402269C420671B6
:108F400003D340F2533341E600240AB106791655A3
:108F5000013405269C42067103D340F2563335E6B0
:108F600000240AB106791655013424269C42067164
:108F700003D340F2573329E600240AB10679165587
:108F8000013406269C42067103D34FF456731DE646
:108F900000240AB10679165501340E7D06719C42F3
:108FA00003D340F2593311E600240AB1067916556D
:108FB00001348E7D06719C4203D340F25A3305E69C
:108FC00000240AB1067916550134534E3668777875
:108FD000524E3770524E00273770514E37784F4EF1
:108FE0003678B74204D34F4F3E7801363E704CE698
:108FF0000726A342067103D840F26E33E6E500244B
:109000000AB106791655013405269C42067103D330
:1090100040F26F33DAE500240AB1067916553E4E68
:109020003F4F36683F7896F801C0BC4504F1010413
:1090300070D996F802C03E449C4216F80C60067146
:1090400003D340F27333C1E500240AB10679165503
:10905000314E0F7D36683678B74204F1010406D1EF
:1090600003269C4206710DD34FF45E73AEE58F7DEF
:10907000B7420BD102269C42067103D340F27D33E6
:10908000A4E500240AB10679165501344026A3420E
:10909000067103D84FF4617398E500240AB106798C
:1090A0001655013400269C42067103D340F28533E5
:1090B0008CE500240AB106791655174E0F7D3668E7
:1090C0003678B74204F1010407D10E6A9C42367823
:1090D00006710DD340F28A3378E58F7DB7420BD10C
:1090E00000269C42067103D340F28F336EE50024C4
:1090F0000AB1067916550134094F3E7801363E70A3
:109100006BE700230360184662E50023CCF80030CB
:109110001B78FFDE0023FBE7DC7A0120D97A0120EF
:10912000DB7A0120DA7A0120037A012B08D9427B0D
:10913000012A00F10C0306D9827B1344587870474A
:1091400000235B78FFDE00231B78FBE72DE9F04767
:109150000B7888B005460E460E2B1AD8DFE813F0C0
:1091600060003B016000600019000F00A6001900BC
:1091700019003801190060006000600060004A7842
:10918000D1094FEA521335D013F0030303D0012B5A
:1091900021D006241BE002F01F02012AF9D1B47885
:1091A000062CF6D105A80393FFF7C0FB03AB009391
:1091B000F2783179034607462846FEF73BFD05283D
:1091C00005D0039A3946701CFFF764F9044620461F
:1091D00008B0BDE8F087B378212BDAD1B6F80720C4
:1091E000072AD6D10168701C183108B0BDE8F047D5
:1091F000FFF750B9012BCCD1B3780768202B11D0E1
:10920000222BC6D1B6F80730002BC2D13A8CB6F863
:1092100003303B8402F0010203F001018A4220D1B5
:109220000024D4E7B6F80730072BB2D14FF4E4623C
:10923000BA8100200E37CDE90573079002F000FED9
:1092400005A90020FEF7A2FE044630B9684B03A929
:10925000CDE90335FFF70CF90446002002F0F2FDDA
:10926000B5E78CB2C1F10301C9B2FFF7D3FB002C03
:10927000D6D12B7A012B40F2B4806B7B05F10C0226
:10928000002B00F0B080AB7BD05CFEF755FA28468F
:10929000FFF74AFFFEF750FA07F13403C7E91E440F
:1092A000C7E920447C62FC627B6790E7037A002B6D
:1092B00000F09B80837A00F10901002B00F093807D
:1092C000C27AB3788A5C9A42AAD01B06F77809D58D
:1092D00027B1032F14BF0324002478E70121FFF7EF
:1092E00099FB9DE707F0FD03012B99D0002F76D164
:1092F0000668FFF719FF3F4BB46A059306F10C03AC
:1093000081460693C4B9F36FB467C6E91F43F36A95
:1093100063B1D6E90B0106F1240383E80300F4628C
:1093200005A94846FEF748FE044600E074620021A5
:109330002846FFF76FFB4AE7D6F884A0706A5445C9
:1093400028BF544606F1340822464146F6F780FD10
:10935000F36F2344C6E91F73AAEB0403B367F36AF0
:10936000444474672BB306F1240406F12C0898E8F2
:10937000030084E80300B36F706AF7621BB9736A75
:10938000002BCDD116E0B26A716F9A4214D8F6F76D
:109390005FFDB36AB26FC6F88030D21AB267726FDF
:1093A0001A44726700212846FFF734FBF36A002B4A
:1093B000DDD173620024BAE71A46F6F749FDB26FB1
:1093C000B36AF2679B1AB362736A13447362D6E797
:1093D0000321FFF71FFB2846FFF720FB20E70324AC
:1093E000F5E66378FFDE1B78FCE75B78FAE700BF01
:1093F000858A0200378A02001FB503681B8CDC07D0
:1094000014D5037A012B13D9437B00F10C0493B1DB
:10941000837BE05C9306CDE901120CBF012300239E
:1094200001A90393FEF7B2FD04B010BD0820FBE7CD
:1094300000235B78FFDE1B78FCE70368D3F880002D
:10944000704700002DE9F3410468238CDB070646D2
:109450008846174630D5002002F0F2FCA56FBDB15A
:10946000BD4228BF3D46616F2A464046F6F7F0FCF4
:10947000A36FC4F880505B1BA367636F2B446367C3
:109480000024002002F0DEFC204602B0BDE8F0819E
:10949000636A7BB9C4E909873046FFF745FE0C349F
:1094A000064B019469460093FEF786FD041E08BF33
:1094B0009224E6E71124E4E70824E5E7678A02003E
:1094C0000649074A074B9B1A03DD043BC858D05096
:1094D000FBDC00F025F8D8F7B7FD00000CF2030024
:1094E0000000002078080020FEE7FEE7FEE7FEE728
:1094F000FEE7FEE7FEE7FEE7FEE7FEE74FF08053FC
:10950000D3F83001A0F10D035842584170470000D4
:10951000024AD2F80034002BFBD0704700E0014033
:1095200010B5FFF7EBFF40B14FF080430022C3F8C6
:109530000C21C3F81021C3F83825FFF7DFFF0028FE
:1095400046D04FF08052514BD2F80414C3F8201586
:10955000D2F80814C3F82415D2F80C14C3F828154F
:10956000D2F81014C3F82C15D2F81414C3F830151F
:10957000D2F81814C3F83415D2F81C14C3F84015E7
:10958000D2F82014C3F84415D2F82414C3F84815AF
:10959000D2F82814C3F84C15D2F82C14C3F850157F
:1095A000D2F83014C3F85415D2F83414C3F8601547
:1095B000D2F83814C3F86415D2F83C14C3F868150F
:1095C000D2F84014C3F86C15D2F84424C3F87025BF
:1095D000FFF794FF48B14FF08043D3F80024D2073F
:1095E00044BF6FF00102C3F80024294AD2F8883042
:1095F00043F47003C2F88830BFF34F8FBFF36F8F0F
:109600004FF08053D3F830210D2A0ED1D3F83431E6
:10961000022B02D81F4AD35C3BB14FF01023D3F882
:1096200008224FF08043C3F858254FF01023D3F899
:109630000022002A03DBD3F80432002B22DA164979
:1096400001234FF01020C1F804351224FFF760FF0A
:10965000C0F80042FFF75CFFC0F80442FFF758FF74
:109660000023C1F80435FFF753FFBFF34F8F0849BC
:109670000A4BCA6802F4E0621343CB60BFF34F8F1A
:1096800000BFFDE7064B074A1A6010BD00C000404E
:1096900000ED00E008E8030000E001400400FA05E6
:1096A000200800200090D00338B10268044B48F233
:1096B00002509A4208BF0020704748F2015070479C
:1096C0006341455338B50D4604461146FFF7ECFF9C
:1096D00018B148F20253984207D13DB1AB686560BA
:1096E0002046984708B9034B236038BD48F2105014
:1096F000FBE700BF6341455310B50446FFF7D4FFB5
:1097000048F2025398420AD12268064B9A4208D185
:1097100063682046DB6898470023236001E0002847
:10972000F6D010BD5345416370B50446FFF7BCFF4A
:1097300040B929B1636820461B69BDE870401847ED
:1097400048F2105070BD70B50446FFF7ADFF48B940
:1097500063685B6923B131B12046BDE870401847AA
:1097600048F2035070BD48F21050FBE7F0B585B0E9
:1097700004460A9F03921D46FFF796FF80B989B100
:109780009DB197B1636800971E6A039A2B462046E5
:10979000B04728B92046FFF7AFFF08B9044B236054
:1097A00005B0F0BD48F21050FAE748F21350F7E761
:1097B00053454163F0B5064685B01F460C46002967
:1097C00039D0A8B948680392F8F752FB054600283B
:1097D00034D0039A064621463046FFF773FF04460D
:1097E00040B115B12846F8F74BFB204605B0F0BD57
:1097F0000025F0E739463046FFF796FF044600287B
:10980000EFD10A993046FFF79EFF48F20353984282
:10981000044601D00028E4D10E9B00930B99DDE9AA
:109820000C233046FFF7A2FF04460028D9D030466B
:10983000FFF762FFD5E748F21054D6E748F2155417
:10984000D3E70000F8B50A4F0A4C0B4EE41B012386
:10985000E40833700025A54203D1022333700020B1
:10986000F8BD57F8353098470028F9D10135F2E7AF
:10987000E0F10300F0F10300E07A012070B5094E39
:10988000094CA41BE40800250436A54203D1074B6C
:109890000020187070BD56F8353098470028F9D16F
:1098A0000135F2E7E0F10300F0F10300E07A012076
:1098B000054B1A78022A04D01878431E58425841A2
:1098C00070470120704700BFE07A012010B50446C0
:1098D00059B152B160B1084BC0E900314B68114633
:1098E000984708B10023236010BD48F21050FBE7F1
:1098F00048F20150F8E700BF4145414410B5044625
:1099000048B10268074B9A4208D143689B68984760
:109910000023236010BD48F20150FBE748F20250DB
:10992000F8E700BF414541442DE9F0478C46DDE9A9
:109930000856DDE90A74DDE90CE89DF8389028B393
:10994000DFF85CA00168514524D102B94BB9B8F1E8
:10995000000F02D1B9F1000F03D105B90EB91FB93B
:1099600034B148F2105013E0BEF1000F00D1A4B999
:10997000CDE90D89CDE90B4ECDE909670895416820
:10998000CC686146A446BDE8F047604748F2015004
:10999000BDE8F08748F20250FAE748F21350F7E7C3
:1099A0004145414400F052B80021084600F000B89B
:1099B00070B506460C46FFF77BFF002837D01E4DDA
:1099C0002B6823B11D4B1A681D4B9A4232D0BEB989
:1099D0000420F8F74DFA1B4B186018B948F21554DB
:1099E000204670BD28606CB90420F8F741FA04469F
:1099F000D8B9144B18680028F0D0F8F741FAEDE711
:109A00002E60F0E700262146286802F000FB04469D
:109A100028B90A4B0A4A1A602B680B4A1A60002EB2
:109A2000DED03046F8F72CFADAE70646EBE74FF4DB
:109A30000544D5E70024D3E7EC7A0120E47A01203D
:109A40006572E54BE87A01206169614D0D4B0E4A64
:109A50001968914210B512D10C4A10680C4A01687D
:109A600091420CD1002202601A6002F0D3FA094B35
:109A70000446186808B1F8F703FA204610BD48F20A
:109A80000254FAE7E47A01206572E54BEC7A012092
:109A90006169614DE87A012070B50C46154602B146
:109AA000D1B1124B1A68124B9A4218D190B90420C6
:109AB000F8F7DEF9B0B1064601460E4822460068C6
:109AC0002B4602F0B3FA044616B13046F8F7D8F93F
:109AD000204670BD0026EFE748F21054F8E748F240
:109AE0000254F5E748F21554F2E700BFE47A01208A
:109AF0006572E54BEC7A012073B513460D460446BA
:109B0000F8B111B3144A1168144A914220D1144E8D
:109B100001932A460146306802F081FA48F27152F8
:109B2000904210D1002211461046FFF7B5FF50B900
:109B3000019B30682A46214602B0BDE8704002F021
:109B40006EBA48F2135002B070BD48F21450FAE7F2
:109B500048F20250F7E700BFE47A01206572E54B56
:109B6000EC7A01200122FFF7C7BF002070470000F8
:109B700008B50349034802F069FA002008BD00BF98
:109B8000899B02008D9B0200F8F77AB913B501FB9F
:109B900000F210460192F8F76BF9044618B1019AE9
:109BA0000021F6F763F9204602B010BD10F5A24F70
:109BB00018D00EDC10F5C24F1AD010F5C14F14D0DA
:109BC00010F5C34F48F2155348F2165008BF184617
:109BD000704710F1220F0BD0002848F2165008BF32
:109BE0000020704748F21750704748F20350704702
:109BF00048F2115070472DE9F7430F461646984634
:109C0000002500F1090900F11C04B54203D300202E
:109C100003B0BDE8F0837B190093CDF804804B4678
:109C200010220121204601F05BF80028F0D1103508
:109C3000EBE72DE9F0431F4643681B788BB00446E1
:109C40000E461546082B52D8DFE803F0050522140E
:109C50002C2C44444900CDE9001700F10903017A96
:109C60002A461C3001F03CF818B30BB0BDE8F043B5
:109C7000FFF79CBF0023059306ABCDE901170093C6
:109C800005AA00F1090329461C3001F0D1F9EBE7E0
:109C9000CDE9001700F10903017A2A461C3001F0D2
:109CA00063F9E1E715F00F081ED100F10C094545F5
:109CB00003D800200BB0BDE8F083217A07EB08033E
:109CC00006EB0802484600F0FDFF0028CDD108F160
:109CD0001008ECE73B462A46FFF78DFFC4E72A460B
:109CE0000C3001F085FFBFE76FF02100BDE748F2BF
:109CF0000250DFE708B5426803461078082822D8EA
:109D0000DFE800F0050517170E0E17171B0003F10B
:109D10001C001B7A5288012B05D100F0C5FA04E023
:109D200003F10C00F5E700F0A5FBBDE80840FFF7E4
:109D30003DBF528803F11C00EFE7528803F10C008D
:109D400001F02CFFF1E748F2035008BD08B5436865
:109D50001B78082B11D8DFE803F0050505050A0A72
:109D600005050C001C3000F082FA002008BD0C3004
:109D7000F9E70C3001F0B4FCF7E748F20350F5E7DF
:109D800042685388B3F5807F70B505460E4603D010
:109D900023F04003802B4ED11378082B42D8DFE804
:109DA00003F00505050514141B1B2000012E15D812
:109DB0001122002105F10800F6F758F805F11C0002
:109DC00000F050FA00202E7270BD012E06D800243B
:109DD0002C7205F10C00F3E7022EE9D048F217507F
:109DE000F2E7022EFAD105F10C04204601F074FCD2
:109DF0006B685B88C02B11D0B3F5807F10D0802BAF
:109E000013D1304601F048FC014688B1204601F0EC
:109E1000E9FD0028D7D0FFF7C9FED4E70320F1E71A
:109E20000420EFE748F20350CDE748F20250CAE7BA
:109E300048F21650C7E748F21850C5E738B5049DF8
:109E400014462A68A2420CD3220704D04268127832
:109E5000023A012A08D82246FFF7EBFE00B92C602F
:109E600038BD48F21450FBE748F21150F8E770B5DE
:109E7000049E1D4633680F2B12D900F10C042046B6
:109E800001F0B6FE18B1BDE87040FFF78FBE29465D
:109E9000204601F013FF0028F5D11022326070BD7A
:109EA00048F21450FBE710F10F0F1AD010F10E0F0B
:109EB0000EDA10F5C24F17D010F5C14F17D010F5BC
:109EC000C34F48F2155348F2165008BF1846704762
:109ED00010F10D0F0ED0002848F2165008BF0020D8
:109EE000704748F26050704748F21150704748F28E
:109EF0000350704748F21750704708B543681B7805
:109F000013B9083001F08AFA002008BD2DE9F047A6
:109F100086B00E469DF85050A5F1040ABAF10C0F18
:109F2000DDE90E7CDDE910E1DDE9128920D815F0CC
:109F3000010F1DD1DC1F062C1FD8012E0DD1CDE93C
:109F40000495CDE902E8CDE9007C083001F088FAFB
:109F500006B0BDE8F047FFF7A6BF8EB9CDE904957E
:109F6000CDE902E8CDE9007C083001F0B3FAEFE773
:109F700048F2625006B0BDE8F08748F26150F9E758
:109F800048F21750F6E7436813B50A465988044665
:109F900021F04000802802D0B1F5807F14D11B78D9
:109FA0000192ABB904F10800009001F010FA636867
:109FB000019A5B880098022101F00DFA30B102B0DD
:109FC000BDE81040FFF76FBF48F2185002B010BD57
:109FD00048F20350FAE700002DE9F04FADF6240DEA
:109FE00008AC0123002226460DF5846113F08000A1
:109FF00041F8232018BF1B2044F8043B013283EAB8
:10A0000043034340B2F5807FDBB2EFD16D4C0123B7
:10A01000002213F0800018BF1B20013244F8043BDB
:10A020000A2A80EA4303DBB2F3D1674D674C63230E
:10A030002B70002384F86330012051F82030C3F1E5
:10A04000FF0356F823804FEAE81242EA48025FFA1B
:10A0500082FEC2F3C01242EA4E025FFA82FCC2F3F1
:10A06000C01242EA4C02D7B2C2F3C01242EA47021F
:10A07000D3B283EA080383EA0E0383EA0C037B402E
:10A0800083F063032B54E0540130B0F5807FD4D1CA
:10A090008B6B03934B6A04934B6B0693CB6A0793CA
:10A0A0004B4B029348484B4BDFF838C14A4F4B4E5D
:10A0B000DFF834A1DFF83491DFF83481DFF80CE108
:10A0C00001930DF58465FF2410F8013B13F0800F18
:10A0D00014BF1B22002282EA43021904D2B241EAD1
:10A0E00003215140534041EA0361019B43F8041BA3
:10A0F00001934FEA31634AF8043B4FEA314349F890
:10A10000043B1EF8013B4FEA312148F8041B002BA9
:10A1100052D055F823200399114491FBF4FBCBEB6B
:10A120000B2BA1EB0B0B08A951F82BB004990A4497
:10A1300092FBF4F1C1EB0121511A08AA52F8212037
:10A14000120282EA0B020592002B38D0069A55F8CB
:10A150002310114491FBF4FBCBEB0B2BA1EB0B0178
:10A1600008AA52F821100904059A4A4063B10799D8
:10A1700055F823300B4493FBF4F1C1EB0121591A3C
:10A1800008AB53F821301B065A40029B43F8042BBE
:10A1900002934FEA32634CF8043B4FEA324347F8EC
:10A1A000043B0F4B4FEA3222834246F8042B8BD1FB
:10A1B0000DF6240DBDE8F08F9B461A46C1E71946FF
:10A1C000D2E700BFF08B0120F07A0120188C01202B
:10A1D000188D0120F07B012018950120189901208D
:10A1E000F07B012018910120F07F0120F0830120F5
:10A1F000F0870120F0B5CA684D680C688B68D10FF4
:10A20000C9002419C1F108014FF0870646FA01F68A
:10A2100045EB050181EAE6710F0E7440C7710F0C22
:10A22000877101710F0A210EC170210C8170210A02
:10A23000DB184170C2F3C75142EB0206C173C2F38F
:10A24000CF31C2F3D71242731A0E43EAD575C272E8
:10A250001A0C1B0A47710470817306738272437271
:10A260000572F0BD4FF48C720021F5F7FFBD18B1F7
:10A270004FF48C7101F096BD704710B50446FFF79E
:10A28000F1FF04F58C70BDE81040FFF7EBBF10B58F
:10A29000044638B1FFF7EBFF04F58C70BDE81040C1
:10A2A000FFF7E5BF10BD0000C02AF8B504460D4613
:10A2B00016464AD0B2F5807F49D0802A40F0D0803F
:10A2C0000A23694F23603B681BB9FFF785FE012312
:10A2D0003B60224604F10803760942F8043F294610
:10A2E00005EB86068E4234D123680C2B3FD00E2B13
:10A2F0006ED00A2B27D15D4D5D49204604F1A006A2
:10A30000426955F8044B8768C2F307237C40CB5C55
:10A310006340140E10300C5D83EA0443D4B20C5D2C
:10A3200083EA0463C2F307440C5D83EA042350F814
:10A33000044C836063400468C3606340036153401E
:10A3400043618642DCD100208CE00C23B9E70E2368
:10A35000B7E78B7848781B0443EA00230878034367
:10A36000C87843EA006342F8043F0431BAE7204664
:10A370003F493E4C00F1C005C26954F8046B876840
:10A38000C2F307237E40CB5C7340160E18308E5DFF
:10A3900083EA0643D6B28E5D83EA0663C2F30746BC
:10A3A0008E5D83EA062350F80C6C8360734050F88E
:10A3B000086CC360734050F8046C03617340066816
:10A3C0004361734083615340C3618542D4D1BAE78E
:10A3D000264D2749204604F1E006446A55F8042B2F
:10A3E0008768C4F307237A40CB5C87695340220E09
:10A3F00020308A5C83EA0243E2B28A5C83EA026329
:10A40000C4F307428A5C83EA022350F8142C836069
:10A41000534050F8102CC360534050F80C2C03618B
:10A420005340DAB243618A5C7A401F0ECF5D82EA04
:10A430000762C3F30727C3F30743CF5DCB5C82EA10
:10A44000072282EA034350F8042C836153400268D8
:10A45000C36153400362634043628642BDD172E7E9
:10A460006FF01F00F8BD00BF189D0120F08B012088
:10A47000F07A01202DE9F04FC9B0044602A8CDE9D9
:10A480000021FFF7EFFE04F10803DDE9002163601E
:10A4900002A8FFF709FF8046002832D1029E039AE6
:10A4A000266031013301009302EB06135258A2607B
:10A4B0005A68E2609A682261DA68626104F1180CF5
:10A4C000103B741E294899466246A646BEF1000F0D
:10A4D0001EDC009A002E6FF00F0000FB04F4D8BFC2
:10A4E0000024A2F11001D8BF002118191B594CF803
:10A4F00001300CEB01024368536083689360C368CA
:10A50000D36002A8FFF7B3FE404649B0BDE8F08F24
:10A5100002F11005A9F1040B01955BF8045F1449E1
:10A52000EFB210F807A02F0E51F82AA0C75D11490D
:10A5300051F8277010498AEA070AC5F30727C5F3BF
:10A540000745C75D455D51F827700C4951F8255006
:10A5500001998AEA07076F4042F8047B8A42DCD1FE
:10A560000EF1FF3EA9F11009B0E700BFF07A01201B
:10A57000188D0120189901201891012018950120AB
:10A580001346B3F5807F37B50D4604464FEA5202B5
:10A590004FEA131102D0B3F5007F0ED1294404F520
:10A5A0008C700192FFF780FE48B9019A2946204637
:10A5B00003B0BDE83040FFF777BE6FF01F0003B077
:10A5C00030BD1346B3F5807F37B50D4604464FEADC
:10A5D00052024FEA131102D0B3F5007F0ED1294485
:10A5E00004F58C700192FFF75FFE48B9019A294685
:10A5F000204603B0BDE83040FFF73CBF6FF01F00BE
:10A6000003B030BD2DE9F04F91B043680D68089557
:10A610001C68DFF848C3CD4FCD4E6C404D6809959E
:10A6200008945C686C408D680A9509949C686C403D
:10A630000A94CC680B9403F110010791D968C54DB9
:10A6400061400B9101684910019101390291303349
:10A650000091DDE9089ADDE90A815FFA89F4080EC4
:10A660005CF8244057F820004440CAF307205FFA02
:10A6700081FE56F820005CF82EE04440C8F3074005
:10A680005FFA88FB55F820005CF82BB0444053F883
:10A69000200C6040C4B20394040E0494C0F3074439
:10A6A0000594C0F3072406944FEA1864C8F30728FA
:10A6B00057F824408EEA040EC9F30724203356F8D5
:10A6C00024408EEA040ECAF3074455F824408EEA6B
:10A6D000040E4FEA1A645FFA8AFA57F824405CF8CD
:10A6E0002AA08BEA0404C1F3072BC1F3074156F8F3
:10A6F0002BB055F8211084EA0B04C9F3074B4FEA3D
:10A70000196955F82BB057F829908AEA090956F8C3
:10A7100028A089EA0A0A8AEA01090099002984EA3C
:10A720000B0400F39780029B0C905E01019B002BB1
:10A73000079BD8BF002633441E46596889EA0101A9
:10A740000D91986860400E90DB688EEA0304250E38
:10A75000814B0F9413F805C0039D5F5D35696F4011
:10A76000C1F3072587EA0C675D5D87EA0527C0F31B
:10A7700007455D5D87EA0547049D089713F805C006
:10A78000756985EA0C6CCDB25D5D8CEA050CC0F391
:10A7900007255D5D8CEA052CC4F307455D5D8CEAF9
:10A7A000054C059DCDF824C013F80580B56985EAF0
:10A7B0000848C5B2000E5D5D88EA05080D0EC1F3BC
:10A7C00007415D5D88EA0568C4F307255D5D88EA99
:10A7D0000528069DCDF8288013F805E0F569185C7A
:10A7E00085EA0E255FFA84FE13F80E405B5C177055
:10A7F000390A5170390C91704FEA1C2151714FEA9E
:10A800001C41917165404FEA182185EA006551723B
:10A810004FEA184185EA034391724FEA1861D172F9
:10A82000190A5173190C4FEA1C600B93137391733F
:10A830001B0E20213C0ED071D4700DEB010082F86C
:10A8400004C082F80880D37301F0ACFA002011B084
:10A85000BDE8F08F0C9053F83C1C89EA0109CDF853
:10A86000349053F8380C039960400E9053F8344CF0
:10A870008EEA04040F944FEA14685CF821E053F860
:10A88000301C57F8288081EA0E0E8EEA080EC9F3B4
:10A890000728049956F828808EEA080EC0F3074866
:10A8A00055F828808EEA080ECDF820E05FFA89F886
:10A8B00057F821E053F82C1C5CF8288081EA0E0E32
:10A8C0008EEA080EC0F30728059956F828808EEA0C
:10A8D000080EC4F3074855F828808EEA080ECDF814
:10A8E00024E05FFA80FE55F821805CF82EE053F8F2
:10A8F000281C8EEA080E4FEA19688EEA010E57F8F6
:10A90000288006998EEA080EC4F30728E4B256F8A8
:10A9100028805CF824408EEA080ECDF828E056F82E
:10A9200021E0000E84EA0E0EC9F3074153F8244CCF
:10A9300057F8200055F821108EEA040444404C409A
:10A9400000990B940139009183E600BFF087012044
:10A95000F07F0120F0830120F07A0120F07B0120BC
:10A960002DE9F04F91B043680D6808951C68DFF839
:10A9700050C3CF4FCF4E6C404D68099508945C682A
:10A980006C408D680A9509949C686C400A94CC6868
:10A990000B9403F110010791D968C74D61400B91E9
:10A9A0000168491001910139029130330091DDF8BD
:10A9B0002080DDF824A05FFA88F44FEA1A60DDE910
:10A9C0000A9157F820005CF824404440C1F3072066
:10A9D0005FFA81FE56F820005CF82EE04440C9F38F
:10A9E00007405FFA89FB55F820005CF82BB0444023
:10A9F00053F8200C6040C4B20394C0F307240494BD
:10AA0000C0F307440594040E06944FEA18642033FB
:10AA100057F824408EEA040EC9F307244FEA196957
:10AA200056F8244057F829908EEA040ECAF30744DA
:10AA300055F824408EEA040E0C0EC1F3074157F876
:10AA4000244055F821108BEA0404CAF3072B5FFA5F
:10AA50008AFA56F82BB05CF82AA084EA0B04C8F3F3
:10AA6000074BC8F307288AEA090956F828A055F8C1
:10AA70002BB089EA0A0A8AEA01090099002984EAC6
:10AA80000B0400F39780029B0C905E01019B002B4E
:10AA9000079BD8BF002633441E46596889EA010146
:10AAA0000D91986860400E90DB680D0E8EEA0304ED
:10AAB000824B0F9413F805C0039D5F5D35696F40AD
:10AAC000C4F3072587EA0C675D5D87EA0527C0F3B5
:10AAD00007455D5D87EA0547049D089713F805C0A3
:10AAE000756985EA0C2CCDB25D5D8CEA050C050E0E
:10AAF0005D5D8CEA056CC4F307455D5D8CEA054C31
:10AB0000059DCDF824C013F80580B56985EA08488D
:10AB1000C5B2C0F307205D5D88EA0508250E5D5DBE
:10AB200088EA0568C1F30725C1F307415D5D88EA3E
:10AB30000528069DCDF8288013F805E0F569185C16
:10AB400085EA0E655FFA84FE13F80E405B5C1770B1
:10AB5000390A5170390C91704FEA1C2151714FEA3A
:10AB60001C41917165404FEA182185EA0025517218
:10AB70004FEA184185EA034391724FEA1861D17296
:10AB8000190A5173190C4FEA1C600B9313739173DC
:10AB90001B0E20213C0ED071D4700DEB010082F809
:10ABA00004C082F80880D37301F0FCF8002011B0D3
:10ABB000BDE8F08F0C9053F83C1C89EA0109CDF8F0
:10ABC000349053F8380C039960400E9053F8344C8D
:10ABD0008EEA04040F944FEA19685CF821E053F8F8
:10ABE000301C57F8288081EA0E0E8EEA080EC4F356
:10ABF0000728049956F828808EEA080EC0F3074803
:10AC000055F828808EEA080ECDF820E05FFA89FE1C
:10AC100056F821805CF82EE053F82C1C8EEA080EC2
:10AC20004FEA10688EEA010E57F8288005998EEADF
:10AC3000080EC4F3074855F828808EEA080ECDF8B0
:10AC400024E05FFA80FE55F821805CF82EE053F88E
:10AC5000281C8EEA080E4FEA14688EEA010E57F897
:10AC6000288006998EEA080EC9F30728E4B256F840
:10AC700028805CF824408EEA080ECDF828E057F8CA
:10AC8000218053F8241CC0F3072081EA0808C9F387
:10AC9000074156F8200055F8211088EA040E8EEA84
:10ACA000000E8EEA01010B910099013900917EE6B8
:10ACB000189901201891012018950120188C012065
:10ACC000188D012010B40C46012C11461A4603D1F0
:10ACD0005DF8044BFFF796BC5DF8044BFFF740BEF0
:10ACE0002DE9FF471F461307DDE90C5680468A46CB
:10ACF000144657D105EB0209002950D01644A9EBA0
:10AD00000401351B002C46D00023CA5CF85C42408D
:10AD1000EA540133102BF8D12B462A4651464046BF
:10AD2000FFF7D0FF3B4605F1100255F8041B43F82E
:10AD3000041B9542F9D1103CE1E76A462B4605F128
:10AD4000100E1446186859689446ACE8030008339E
:10AD500073456246F6D1294632464046FFF700FE6B
:10AD6000731E791E06F10F0013F8012F11F801CFA1
:10AD7000834282EA0C021A70F6D13A46234603CB8C
:10AD80005345106051601C4602F10802F6D110359F
:10AD900010364D45D1D1002004B0BDE8F0870DF14B
:10ADA000100AF6E76FF02100F6E700002DE9F04FFA
:10ADB000884619464E4B1446103A8FB09A42DDE948
:10ADC00018A7814600F28F8002AD2A4600F58C70EC
:10ADD000FFF718FC064600283BD14FEA141B04F08D
:10ADE0000F04BBF1010B38D29CB3B8F1000F78D03F
:10ADF00002AD0AABA7F1100B781E9C46002210F89A
:10AE00000F1C00F8011F15F802E01AF802100132B9
:10AE100081EA0E0194420CF8011BF0D11BF80420CA
:10AE2000295D4A401A550134102CF7D11A46414683
:10AE300048460093FFF746FF002857D1009B013D8D
:10AE400013F8012B15F8011F4A400BF8012B5F4541
:10AE5000F6D130460FB0BDE8F08F7CB1B8F1000FED
:10AE60000CD1BBF1000F09D195E80F000DF1180CC2
:10AE70008CE80F0029462846FFF7BCF90AAB0AF117
:10AE80000F010AF1FF3200951846AC46019112F805
:10AE900001EF1CF8011B81EA0E0100F8011B01996A
:10AEA0008A42F4D11A46414648460193FFF70AFF09
:10AEB000E0B9019B7A1E07F10F00009913F801EB2E
:10AEC00011F801CB00918EEA0C0102F8011F8242B9
:10AED000F3D129462846FFF78DF910370AF1100AF9
:10AEE0007FE706AD85E76FF02106B2E70646B0E7DB
:10AEF000F0FFFF002DE9F0471C68DDF828A00F2CBB
:10AF0000DDE90856814698462BD8B71811B3BE42E2
:10AF100022D024B92A4629464846FFF773FB2B5D09
:10AF200016F8012B53400AF8013B2B55013404F06D
:10AF30000F04ECE724B92A4629464846FFF762FB8E
:10AF40002B5D16F8012B53400AF8013B2A550134BA
:10AF500004F00F04BE42EDD1C8F800400020BDE867
:10AF6000F0876FF02000FAE72DE9F04F87B0DDE9B8
:10AF7000105980460E461C46AF1803F1100A0DF119
:10AF8000150BBD4203D1002007B0BDE8F08F23466A
:10AF90000DF1040C18685968624603C20833534522
:10AFA0009446F7D1224621464046FFF72BFB16B9BF
:10AFB0002B788DF8143015F8012B2378012E83EAB5
:10AFC000020309F8013B08BF8DF8143022460DF149
:10AFD000050353F8041B42F8041B5B45F9D1D0E785
:10AFE0002DE9F04714680F2CDDE908A980461746C3
:10AFF0001E461AD80AEB0105AA4502D13C60002082
:10B0000011E04CB1335D1AF8012B0134534009F8BB
:10B01000013B04F00F04EFE7324631464046FFF7AC
:10B02000F1FA0028EED0BDE8F0876FF02000FAE7D3
:10B030002DE9F84F14680F2CDDE90AB88146174650
:10B040009A4624D808EB0106B04503D13C600020A5
:10B05000BDE8F88F74B95A4651464846FFF7D2FA10
:10B060000AF1100212F8015D0135EDB215700DB94B
:10B070009245F7D11BF8042018F8011B0C9B4A409D
:10B0800003F8012B01340C9304F00F04DCE76FF09C
:10B090002000DDE72DE9F04F2DED028B95B008EE95
:10B0A000103A269B229C0591022BDDE920AB054638
:10B0B000164607D16FF00C03184615B0BDEC028B95
:10B0C000BDE8F08F269B102BF4D813F00107F1D1C7
:10B0D000AAF10703062BEDD8B4F57F4FEAD85FFA43
:10B0E0008AF0C0F10F09C0F10E00C2B20392269A95
:10B0F000002CA2F1020214BF40230023520843EAAD
:10B10000C203039A18EE101A13430DF121005246A0
:10B110008DF820305FFA89F9F4F79AFE0DF12F02CD
:10B1200031463B460133DBB2994502F801194FEA3B
:10B130001121F7D10029BDD110220CA8F4F796FEF9
:10B1400008AF0CAB049339464FF010081A7811F889
:10B15000010B08F1FF38424018F0FF0803F8012BFB
:10B16000F4D107AB00930CAB19461022284600F02F
:10B17000EFFA034600289FD1002C42D1039B8DF8A3
:10B18000403018EE101A52460DF14100F4F760FEFF
:10B1900010AB0AF1010018444A460021F4F766FE9C
:10B1A00001238DF84F30002E40F08C80039BC3F1BB
:10B1B0000F0010AB4A4631461844F4F757FE07AB70
:10B1C0000093102208AB10A9284600F0C1FA0346EC
:10B1D00000287FF471AF1022049917F8010B097849
:10B1E00041400498013A00F8011B12F0FF0204905C
:10B1F000F2D1269A259803930CA9F4F729FE039B14
:10B200005AE74146102208A8F4F730FE0E2CA0465B
:10B2100028BF4FF00E08230A424659460DF122007E
:10B220008DF820308DF82140F4F712FE38460CAA34
:10B230001023117810F801CB013B81EA0C0113F0C7
:10B24000FF0302F8011BF4D107AB00930CAB1946C6
:10B250001022284600F07CFA034600287FF42CAF29
:10B26000A4EB0804D844002C88D0102CA3464FF03F
:10B27000100228BF4FF0100B002108A8F4F7F6FDCC
:10B280005A46414608A8F4F7E3FD38460CAA1023B5
:10B29000117810F801CB013B81EA0C0113F0FF0398
:10B2A00002F8011BF4D107AB00930CAB1946102236
:10B2B000284600F04DFA034600287FF4FDAEA4EBCB
:10B2C0000B04CFE7059B102E344628BF102453B340
:10B2D00007AB0093102208AB10A9284600F038FAFB
:10B2E000034600287FF4E8AEC3B29C4200F101009F
:10B2F0003DD8059B012B46D0249B23442493239BBC
:10B3000023442393361B0DF14F0100220B780133A8
:10B31000DBB201F80139002B7FF445AF0132D2B224
:10B320009145F3D13FE70599102208A8F4F79EFD57
:10B330002246239908A8F4F78BFD38460CAA10235F
:10B34000117810F801CB013B81EA0C0113F0FF03E7
:10B3500002F8011BF4D107AB00930CAB1946102285
:10B36000284600F0F5F903460028B1D0A4E603F121
:10B3700050020DEB0201239A11F8301CD25C4A40B6
:10B380002499CA54B0E71022002108A8F4F76EFDF2
:10B390002246249908A8F4F75BFD38460CAA10232E
:10B3A000117810F801CB013B81EA0C0113F0FF0387
:10B3B00002F8011BF4D107AB00930CAB1946102225
:10B3C000284600F0C5F90346002895D074E64422CB
:10B3D0000021F4F74BBD2DE9F0410446174608461D
:10B3E000012219461E4600F063F9054690B14369F3
:10B3F000102B0FD1204600F073F92946204600F0AB
:10B40000F1FA48B93246394620460123BDE8F041F9
:10B4100000F07EB96FF00C00BDE8F08110B5044675
:10B4200038B100F05DF920464421BDE8104000F03D
:10B43000B9BC10BD10B588B00F9C06940E9C059445
:10B440000D9C04940C9C03940B9C02940A9CCDE9E3
:10B45000003413460A460021FFF71CFE08B010BD59
:10B46000F0B5DDE909E41CB1BDE8F040FFF7E2BF4B
:10B470006FF00C00F0BDF0B58DB0DDE915640D4640
:10B4800008A9CDE9046114990391139902911299C5
:10B49000179F0697CDE90031134601212A46FFF791
:10B4A000F9FD60B90346DAB2BA4203F1010308D3E9
:10B4B00028B13046294600F075FC6FF00E000DB043
:10B4C000F0BD02F130016944A25C11F8101C4A4041
:10B4D0001043E8E7F0B5DDE909E41CB1BDE8F04050
:10B4E000FFF7C9BF6FF00C00F0BD10B5891A00243A
:10B4F000E3B2994204F1010400D810BD0344995409
:10B50000F6E70000F0B508B302B3431813F8015C86
:10B51000B5FA85F34E1B5B0916608D4288BF43F078
:10B52000010300228A4204D1002B094808BF0020F1
:10B53000F0BD845C964284EA05048CBF0027012795
:10B5400014FB07F42343DBB20132EBE70148EFE7DA
:10B55000009EFFFF009FFFFF802330B58354891AB0
:10B56000012300248B4200D330BDC5180133AC54F5
:10B57000DBB2F7E770B501238D1A0026AB4203D387
:10B58000084400F8015C70BDC4181444013304F889
:10B59000016CDBB2F2E7000070B5F0B1EAB14D1E0C
:10B5A000445DB4FA84F30E1B5B0916608C4288BFBD
:10B5B00043F001030022954204D8002B084808BF3D
:10B5C000002070BD9642815C8CBF0024012411FBD9
:10B5D00004F10B43DBB20132EDE70248F1E700BFB3
:10B5E000009EFFFF009FFFFF13468A1A8B4288BF11
:10B5F000002218440021F4F739BC000018B112B140
:10B600001160002070470148704700BF009FFFFF96
:10B61000F0B5F8B1F2B1002313600844802421B9D9
:10B62000002C0D4808BF0020F0BD10F8015D002D72
:10B630000CBF1E4643F0010673401568013901FB3B
:10B6400003F73D431560057815FB03F35C40E4B256
:10B650003346E4E70148E7E7009EFFFF009FFFFF56
:10B6600070B5A0B19AB10023136009B9084670BD46
:10B670004C1E065D002E0CBF1D4643F001056B40BD
:10B6800059431368194311602B462146EDE70148E1
:10B69000EDE700BF009FFFFF044B5A680AB9104650
:10B6A000704719788142FAD00833F6E70CEC0300B2
:10B6B000084B30B50446586800B930BD85692D780F
:10B6C000A54205D145688D4202D145789542F4D016
:10B6D0000833F0E70CEC030044220021F4F7C6BB6A
:10B6E00010B5044698B1006C28B1242100F05AFB33
:10B6F000206C00F0A5FCE06B18B123689B699B6A85
:10B70000984720464421BDE8104000F04BBB10BDD7
:10B7100030B40468B4B12569AD0702D465689542B8
:10B7200010D1012B4260037203D06578033D022DD6
:10B7300004D8A369DB69C06B30BC184713B9A3698F
:10B740001B6AF8E7014830BC704700BF009FFFFF4D
:10B750002DE9F04F154687B00268DDF840A005914D
:10B76000044698461AB97C4807B0BDE8F08F00211E
:10B77000CAF800105769002F00F0E78051780129BE
:10B780000FD1BD4240F0E3809269CAF8005055687D
:10B7900090F90810059AC06BAC4607B0BDE8F04FB1
:10B7A0006047059B434508D1436A002BDBD1B5FBBD
:10B7B000F7F307FB1353002BD5D102297AD194F963
:10B7C0000830D4F824908BB9E268A7EB09038AB15A
:10B7D000AB4211D309F114002A4605992044F4F72D
:10B7E00037FB626A2A4462620020BDE7012B03D165
:10B7F000A7EB0903AB42EDD8B9F1000F25D0A7EBB9
:10B80000090B09F1140005995A462044F4F720FB6E
:10B81000234694F9081053F8142BE06B9269CDE994
:10B82000003893683A461E4604F12803B0470028C2
:10B830009AD1DAF800303B44CAF80030059B6062C8
:10B840005B444D44B8440593ED1B002DCCD0B5FBB3
:10B85000F7F907FB1959B9F1000F06D194F908302F
:10B860001BB9E368002B18BFB946059BA5EB09057A
:10B8700059194A4604F11400F4F7EAFA636A4B4492
:10B880006362002DB0D02368059A9B690092CDF8C1
:10B8900004809E6894F90810E06B04F128032A469E
:10B8A000B04700287FF460AFDAF800201544CAF8EA
:10B8B000005059E7032913D19369059A019204F1C5
:10B8C00028020092CDF80880DE6894F90810E06B39
:10B8D00004F124032A46B04700287FF445AFE6E789
:10B8E00004290DD19369059A0092CDF804801E6950
:10B8F000E06B04F1280304F124022946B047EBE78A
:10B90000052910D19369059A019204F1140200925D
:10B91000CDF808805E69E06B04F1280304F124028D
:10B920002946B047D8E7092913D1636A8BB99369CF
:10B93000059A0092CDF804809E6994F90810E06B96
:10B9400004F128032A46B047C6E704480CE7044838
:10B950000AE7044808E700BF009FFFFF809CFFFF45
:10B96000809DFFFF809FFFFF036803B35B78022B7E
:10B970001DD104291DD8DFE801F003090D111500C0
:10B980000D4BC3600D4B0361002070470C4BC3602F
:10B990000C4BF8E70C4BC3600C4BF4E70C4BC3604B
:10B9A0000C4BF0E70C4A02610023C360ECE70B4844
:10B9B00070470B48704700BFEBB4020005B50200AA
:10B9C00059B5020011B6020075B5020099B5020022
:10B9D000E9B5020061B60200FDB50200009FFFFF5D
:10B9E000809FFFFF38B504460D4679B144220021FF
:10B9F000F4F73CFAAB695B6A9847E06340B1002119
:10BA000025602046FFF7B0FF084638BD0148FCE737
:10BA10000148FAE7009FFFFF809EFFFF10B5044634
:10BA2000FFF7FCFC2046BDE8104000F009BB10B554
:10BA30004421012000F0FEFA044608B1FFF7C7FCDC
:10BA4000204610BD13460A460221FFF7C4BC10B5BC
:10BA50004FF40C71012000F0EDFA044608B1FEF736
:10BA60000CFC204610BDFEF7ACBDFEF789BD000002
:10BA700030B4DDE9024509B1012904D1CDE902451F
:10BA800030BCFFF793B9014830BC7047009FFFFFFF
:10BA900010B50446FEF7EBFB2046BDE8104000F071
:10BAA000CFBA10B54FF48C71012000F0C3FA0446F0
:10BAB00008B1FEF7D7FB204610BDFEF7DBBCFEF752
:10BAC000F3BBFFF7B5BAFFF78BBAFFF713BAFFF76F
:10BAD00007B9FFF7F7B810B5044630B1FEF7D7FB4A
:10BAE0002046BDE8104000F0ABBA10BD102AF0B5FA
:10BAF00011D0082A1AD11B23551E00240A442E46B1
:10BB0000002D0ADA91F9002003EAE273825D5340C6
:10BB100083550020F0BD8723EEE712F8017D44EA4B
:10BB2000470444551478013DE409E9E70048F1E78A
:10BB3000009FFFFF70B500249C4200D170BD0D5DD9
:10BB4000165D754005550134F6E770B504468AB0B8
:10BB500006A80D461021164600F024F923685A69FC
:10BB6000039205AB009306AB20461946FFF7F0FDA4
:10BB7000044660B9039A06A92846FFF7B7FF0446B2
:10BB800028B9039A29463046FFF7B0FF044606A8B5
:10BB9000102100F007F920460AB070BD38B50546FF
:10BBA000E8B10468DCB1D1B10123FFF7B1FD04466F
:10BBB00038B92B681B78042B05D8012B05D8A0F5C4
:10BBC000C244204638BD242B09D12421012000F095
:10BBD00031FA30B12864102100F0E4F8F1E7024CAA
:10BBE000EFE7024CEDE700BF009FFFFF809EFFFFE5
:10BBF0002DE9F04F0F4685B015468046002856D0F7
:10BC00000368002B53D0002951D0046C002C4ED077
:10BC1000206A5E69E0B1321AAA4219D2103020447B
:10BC2000F4F716F93346224604F110012046FFF7D7
:10BC300081FF03AB00933246234621464046FFF77F
:10BC400087FDE0B9226A2062B31A15441F44AD1B78
:10BC500006F1FF394FF0010A0DF10C0BA944B9FBB5
:10BC6000F6F9CA450ED325B3206A10302A46394664
:10BC70002044F4F7EDF8226A2A442262002005B03D
:10BC8000BDE8F08F3346224639462046FFF752FF83
:10BC9000CDF800B02346324621464046FFF758FD16
:10BCA0000028ECD1AD1B37440AF1010AD9E702485C
:10BCB000E5E72846E3E700BF009FFFFF2DE9F041DD
:10BCC0000F4690B00546002867D00368002B64D06B
:10BCD000046C002C61D000295FD010210DEB010015
:10BCE0005E6900F05FF8102108A800F05BF804A975
:10BCF00008AA2846FFF729FF216AB14204F110087B
:10BD000046D200230CAA18464FF0800C9E4231D137
:10BD10000CA9334608AA0846FFF70CFF3346224613
:10BD20000CA92046FFF706FF03AB009328462346E5
:10BD300032462146FFF70CFD054620B93246214622
:10BD40003846F4F785F810210DEB010000F02AF8D1
:10BD5000102108A800F026F8002310214046236295
:10BD600000F020F81021204600F01CF8284610B002
:10BD7000BDE8F081994206D918F803E082F800E0A6
:10BD800001330132C2E70CBF82F800C01070F7E740
:10BD9000334604AA41460CA8BEE7014DE6E700BFC2
:10BDA000009FFFFF0A4619B1024B00211B6818478C
:10BDB000704700BF2408002049B152B1531E1A40F9
:10BDC00007D1826001608380C260104670470E20F8
:10BDD00070470920704710B58468C2688388121BB9
:10BDE000934208D3C26813400268D154C368013338
:10BDF000C360002010BD0420FCE78268C3689A423B
:10BE00000AD08268838813400268D35C0B70836811
:10BE100001338360002070470520704772B6024AE4
:10BE200013680133136070471C9D0120034A136897
:10BE3000013B136003B962B6704700BF1C9D01202F
:10BE4000FFF7ECBFFFF7F2BF10B5034653E8000F52
:10BE500000EA010243E8002494F0000FF6D110BD7F
:10BE60000021FFF7F1BF000010B5074C23784BB954
:10BE7000064B002808BF184600F02EF808B9012329
:10BE8000237010BD8520FCE7209D0120E0EC03001D
:10BE900008B500F04CF8BDE8084000F04FB807B511
:10BEA0000190FFF7F5FF019800F034F800F038F842
:10BEB000002003B05DF804FB00F1804382B01A68F3
:10BEC000002A14BF0120002004D000221A601B6841
:10BED0000193019B02B070470C4A13789BB9037819
:10BEE0004FF0804103F00103C1F87835084B196821
:10BEF000C90704D4C02183F800130121196001236C
:10BF00001370002070478520704700BF309D0120CE
:10BF100000E100E0014B02681A6070472C9D01208F
:10BF20004FF080434FF46072C3F8042370474FF022
:10BF300080434FF46072C3F808237047014B00221E
:10BF40001A6070472C9D01204FF0804310B5D3F844
:10BF50000443620707D54FF48470FFF7ADFF10B1BB
:10BF60001E4B1B689847A30608D54FF48A70FFF74D
:10BF7000A3FF18B11A4B00201B689847600608D52C
:10BF80004FF48C70FFF798FF18B1154B01201B6818
:10BF90009847210608D54FF48E70FFF78DFF18B132
:10BFA000104B00201B689847E20508D54FF49070AD
:10BFB000FFF782FF18B10B4B01201B689847A305C0
:10BFC0000AD54FF49270FFF777FF28B1054BBDE813
:10BFD00010401B680220184710BD00BF249D01209F
:10BFE000289D01202C9D012008B5FFF7ADFFBDE87D
:10BFF0000840FAF71DBC10B5034653E8000F00EAED
:10C00000010243E8002494F0000FF6D110BD002097
:10C0100000F03AB808B500F057F8002008BD08B5A0
:10C020000846114600F070F8002008BD48F20350A1
:10C0300070470000014B1B68184700BF280800200C
:10C04000014B1B68184700BF2C080020024B1860EA
:10C05000024B002019607047280800202C0800209F
:10C0600007B58DF807000DF10701064800F019F932
:10C07000044800F00AF908B100F09AF803B05DF83E
:10C0800004FB00BFF0F1030038B50C4D2B7893B9D9
:10C090000B4B0C49002808BF18460388284620F897
:10C0A000013F00F045F8044618B900F06FF801238D
:10C0B0002B70204638BD8524FBE700BF809D012002
:10C0C000E1EC030061C0020008B500F071F800F077
:10C0D00077F8034800F04FF9024B00221A7008BDB0
:10C0E000F0F10300809D012007B50A46014605488E
:10C0F00000F026F9019000F049F8019803B05DF8CE
:10C1000004FB00BFF0F10300F8B505460C4604B986
:10C11000F8BD402C264628BF4026F7B239462846AF
:10C12000FFF7E2FF0028F9D1A41B3544EFE7000038
:10C1300010B5124C2378FBB9114B1960037813F03A
:10C14000010F104B1EBFD3F8042542F00102C3F8C3
:10C150000425D3F8002222F00102C3F8002243781C
:10C16000094A5B01DBB282F80D334FF400531360D0
:10C1700001232370002010BD8520FCE7889D01204D
:10C18000849D012000D0004000E100E0074B002228
:10C19000C3F8002182B0D3F800210192019A012254
:10C1A000C3F804231A6002B0704700BF00D00040FB
:10C1B000024B0122C3F808235A60704700D00040A8
:10C1C000084B0122C3F808235A60074B4FF4005272
:10C1D000C3F88020BFF34F8FBFF36F8F034B002254
:10C1E0001A70704700D0004000E100E0889D0120F7
:10C1F000074B0022C3F8002182B0D3F8002101923E
:10C20000019AD3F80805034B1B68C0B202B0184767
:10C2100000D00040849D0120026813685268934258
:10C2200091BFD01A80680130801888BFC01A70474B
:10C23000F8B515460268176816685268964284BFBA
:10C2400082680132961B0B46C2684168B5420446BB
:10C2500007FB02110BD86A431846F3F7F9FDA368F0
:10C260003D449D4288BF002523681D60F8BD06FB44
:10C2700002F73A461846F3F7EBFDE2686168AD1B3A
:10C280006A433844F3F7E4FDEEE7036881681A680F
:10C290005B688B4234BF01330023D31A58425841A4
:10C2A000704770B5044600200D46FFF7C9FD2046D3
:10C2B000FFF7EBFF10B1237C002B3BD12368A16873
:10C2C0005E685A688A4234BF013200225A6028B13F
:10C2D0001A688A4234BF013200221A60E268636839
:10C2E000511E072920D8DFE801F004101F141F1F7A
:10C2F0001F182A789A552046FFF78EFF23689A6800
:10C30000824200D29860002415E02A8823F8162083
:10C31000F1E72A6843F82620EDE7D5E9000103EBB1
:10C32000C603C3E90001E6E7294606FB0230F3F73E
:10C330008FFDE0E704240020FFF784FD204670BD58
:10C3400037B505460191144682B10020FFF778FD0C
:10C350002846FFF761FFA04201990AD322462846EA
:10C36000FFF766FF00240020FFF76CFD204603B0B6
:10C3700030BD0524F7E710B504460020FFF760FD47
:10C3800023680020186058609860BDE81040FFF7EF
:10C3900059BD000038B5044C044DAC4200D338BD43
:10C3A00054F8043B9847F8E71C0200002402000000
:10C3B0000A4B0B4A30B4114603F13C0453F8045BBA
:10C3C00042F8045BA342F9D14B6B013B033302D922
:10C3D00030BCFFF7DFBF30BC704700BF001000006B
:10C3E00038080020B329024818BF0020704700BF5A
:10C3F000F09D0120704700BF30B51144B3F5445F94
:10C4000085B0C1F304423BD201F07F01890041EACB
:10C410004222120A42F0800241F001011C468DF8CE
:10C420000C208DF80D1023B390F87C3042F04002C0
:10C4300005468DF80C2043B90268089B556803A98E
:10C4400022460220A84705B030BD0022022103A8E1
:10C4500009F002FA21460246089809F0FDF92B6816
:10C4600000909D68089B224603A90220A84705B0BA
:10C4700030BD074B074A084840F2CB11F3F71CFCCC
:10C48000064B044A044840F2BF11F3F715FC00BF05
:10C490005CED030058EE0300F8EC0300E4EC03004D
:10C4A00070B502EB010CB3F5445F84B0CCF30442E9
:10C4B00042D20CF07F041D46A30043EA4222120A36
:10C4C00042F0800206468DF80D308DF80C2095B9AB
:10C4D0004B0063F07E0301218DF80C300C4696F87A
:10C4E0007C307BB93268089B566803A92A462046EF
:10C4F000B04704B070BDC4B996F87C3001210C4639
:10C50000002BEFD003A8002209F0A6F92946024625
:10C51000089809F0A1F9336800909E68089B2A46A4
:10C5200003A92046B04704B070BD42F0400202218A
:10C530008DF80C200C46D2E7034B044A044840F225
:10C54000BF11F3F7B9FB00BFE4EC030058EE0300A2
:10C55000F8EC030030B51144B3F5445F85B0C1F386
:10C5600004423BD201F07F01890041EA4222120AD3
:10C5700042F0800241F002011C468DF80C208DF83B
:10C580000D1023B390F87C3042F0400205468DF840
:10C590000C2043B90268089B556803A92246022073
:10C5A000A84705B030BD0022022103A809F054F9C4
:10C5B00021460246089809F04FF92B6800909D68C3
:10C5C000089B224603A90220A84705B030BD074BAF
:10C5D000074A084840F2CB11F3F76EFB064B044ABA
:10C5E000044840F2BF11F3F767FB00BF5CED0300A6
:10C5F00058EE0300F8EC0300E4EC03002DE9F041F1
:10C600000A44B3F5445F84B0C2F3044C44D202F050
:10C610007F021E46930043EA4C2C4FEA1C2C0D4629
:10C6200004468DF80D308DF80CC09AB14CF0400CDA
:10C6300002278DF80CC0384623683246D3F80080B4
:10C640000A9B03A9C04794F87C30022B05D004B0A4
:10C65000BDE8F08101273846EEE7182DF7D000221B
:10C66000394603A809F0F8F8314602460A9809F05D
:10C67000F3F80DF10B030093054601230022182166
:10C680002046FFF7BBFF9DF80B309D42DFD0236AA9
:10C69000002BDCD09847DAE7034B044A044840F209
:10C6A000BF11F3F709FB00BFE4EC030058EE0300F1
:10C6B000F8EC0300FFF7A2BF00B585B003AB009311
:10C6C00000220423FFF79AFF9DF80F109DF80E201B
:10C6D0009DF80D309DF80C0002EB012203EB0223C4
:10C6E00000EB032005B05DF804FB00BF70B590F8C7
:10C6F000763003F0FD02012ABCB005460C4600F07E
:10C70000B48090F87E2002AE12F00102009640F054
:10C710006A8128234FF44021FFF770FF02982060C0
:10C7200004989DF816C0A0609DF8143032792373E8
:10C7300006989DF81F30BDF81610C4F8110022713C
:10C740009DF81520BDF81D00208342EA0C22C91176
:10C75000A4F80F209DF81C20A4F80D10BDF8261099
:10C7600062750898C4F81A009DF82420A2779DF8F5
:10C770002520E2774CEA03239DF80F206271DB113C
:10C78000BDF80D20E280E3828A04C1F30D03BDF8F9
:10C7900028100B9A48BFA3F580431BB2C1F30C01CC
:10C7A00022F0604223846184626295F87E30DB0768
:10C7B00059D5DDE90C01DDE90E2320F00045C1F378
:10C7C0001000C2F31501C3F31502109B6263C3F39B
:10C7D0001503A363DDE91B23E062BDF85000A087C9
:10C7E000BDF86800216360641999A562C2F3150061
:10C7F000C3F315021D9BBDF86050E26421F0404177
:10C80000C3F31503BDF8942021642365BDF884109B
:10C810002B9BA064C5F30B05BDF8B000E587C1F301
:10C820000E01C2F30B0223F04043A4F85620A36587
:10C83000A4F85410E065DDE92D012F9BBDF8CC2054
:10C84000C0F31505C1F31500C3F31501BDF8DC30C5
:10C850002566C2F30E02C3F30B036066A166A4F85B
:10C860006C20A4F86E303CB070BD032B90F87E3085
:10C8700000F0C98013F0080140F0D58013F00402E5
:10C8800002AB00931ABF0A46382320234FF4C0118D
:10C89000FFF7B4FEBDF814300698BDF81E20C4F8AA
:10C8A0001A00BDF81C10E183C3F30C0396046384E3
:10C8B000C2F30D0348BFA3F58043BDF824201BB28B
:10C8C0002384C2F30B03E38795F87E108807CAD44C
:10C8D0009DF837309DF836209DF83F500A9820602B
:10C8E00002EB03229DF83E30BDF83100A4F80F00A2
:10C8F00003EB05230C98DB11E382BDF83930A0600F
:10C900000E9823839DF834309DF83C502373C4F86F
:10C910001100D211BDF82D30A4F80D209DF82F2064
:10C920006575E38049079DF82C30627123719AD4B4
:10C93000DDE91001DDE9122320F0604621F0004519
:10C94000C2F31000C3F31501DDE91423C2F315028D
:10C95000A5626263C3F31505DDE91F23E06221636D
:10C96000BDF864001D99A087C2F31500C3F315023A
:10C97000219BE26421F04041BDF8A4202164A06421
:10C98000BDF89410A563C3F315002F9BBDF8785034
:10C990006564C2F30B02A4F85620C1F30E01BDF882
:10C9A000C020E26523F04043A36566622065A4F8D9
:10C9B0005410DDE93101339BBDF8DC20C0F31505CF
:10C9C000C1F31500C3F31501BDF8EC302566C2F3C1
:10C9D0000E02C3F30B036066A166A4F86C20A4F8F2
:10C9E0006E303CB070BD6C2300224FF44021FFF745
:10C9F00005FE1DAB009300226C234FF45021284606
:10CA0000FFF7FCFD8AE613F0080115D113F00402CC
:10CA100002AB00931ABF0A46382320234FF4F011CB
:10CA2000FFF7ECFD36E702AB00930022E8234FF45A
:10CA3000C011FFF7E3FD2DE702AB00930022E823CE
:10CA40004FF4F011FFF7DAFD24E700BF70B590F85E
:10CA50007E30154613F00102BCB00C4643D002AB49
:10CA6000009300226C234FF440210646FFF7C6FDD9
:10CA70001DAB009300226C2330464FF45021FFF78A
:10CA8000BDFD022D38D8002D3AD1DDE90C310E9ACA
:10CA9000C3F31400C3F349532061A382C2F315000A
:10CAA000DDE90F23C1F310012160C3F31501BDF8C7
:10CAB00060306060C2F31502C3F30B03A2602383EE
:10CAC0009DF85620179BBDF85000E160BDF854104A
:10CAD000E0821209C3F31503284661832277C4F864
:10CAE0001D303CB070BD02AB00934FF440212823B1
:10CAF000FFF784FD022DC6D94FF0FF303CB070BD6A
:10CB0000012D30D02B9BBDF8B0502560DDE92D0103
:10CB1000C3F31405C3F348532F9AA382BDF8CC3056
:10CB20002561C0F31500C1F31501C2F31502C3F36B
:10CB30000E036060BDF8DC00A160E260E382BDF836
:10CB4000D0109DF8D220369BC0F30B00C1F30E012C
:10CB50001209C3F315032083002061832277C4F8F0
:10CB60001D303CB070BDDDE91B01199BBDF868505C
:10CB70002560C3F31405C3F34853C0F315001D9A91
:10CB8000A382BDF884306060BDF894002561C1F3D4
:10CB90001501C2F31502C3F30E03A160E260E38244
:10CBA000BDF888109DF88A20249BC0F30B00CDE7C8
:10CBB00000B590F87620012A83B00B460CD0032AEA
:10CBC00000914FF0050310D104224FF4F011FFF74C
:10CBD00015FD03B05DF804FB00930749052300220F
:10CBE000FFF70CFD03B05DF804FB00226421FFF7A2
:10CBF00005FD03B05DF804FB040018002DE9F041C9
:10CC00001D4684B00A44B5F5445FBDF82C40C2F31C
:10CC1000044380F0A28084F4004CBCF1030F0E4664
:10CC2000074602F07F0207D934B1534B534A5448A8
:10CC30004FF4E071F3F740F8910041EA432144EAF0
:10CC4000010304F003001B0A01438DF80C308DF83A
:10CC50000D10CDB9002C3FD0B4F5004F40F08480CA
:10CC6000730063F07E0301218DF80C300C4697F8B9
:10CC70007C309BB93A680A9B566803A92A4620462D
:10CC8000B04704B0BDE8F081E2B9B4F5004F57D128
:10CC900097F87C3001210C46002BEBD003A8002232
:10CCA00008F0DAFD294602460A9808F0D5FD3B68EF
:10CCB00000909E680A9B2A4603A92046B04704B00C
:10CCC000BDE8F08143F040038DF80C30002C3ED0DD
:10CCD000BCF1030F3ED9FEE77AB343F040030224D0
:10CCE0008DF80C3020463B682A46D3F800800A9B1A
:10CCF00003A9C04797F87C30022BC2D1182EC0D0B0
:10CD00002146002203A808F0A7FD294602460A98FA
:10CD100008F0A2FD0DF10B0300930446012300224D
:10CD200018213846FFF76AFC9DF80B309C42A8D0CA
:10CD30003B6A002BA5D09847A3E701242046D2E701
:10CD4000002CFAD043F040038DF80C30C0E70224E9
:10CD50002046C8E702210C4689E70A4B074A0848E3
:10CD600040F2BF11F2F7A8FF074B044A044840F213
:10CD7000CB11F2F7A1FF00BF78ED030058EE0300DE
:10CD8000F8EC0300E4EC03005CED03002DE9F04F48
:10CD90000C784D7891F803C0594E83B0AC420192A3
:10CDA0008A78A64628BFAE4696454FEA004028BF7F
:10CDB000964600F47F00E64540F0070328BFE646AC
:10CDC000B3424DD84F4EB34240F089804E4E452776
:10CDD0001D234FF01C08F045DFF840A14ED39AF810
:10CDE0000030002B6AD00026DFF834914FF0FF3777
:10CDF000B646334600208AF8000089F80000E41A9D
:10CE0000E4B2ED1ABC42EDB2A2EB030228BF3C46ED
:10CE1000D2B2BD4228BF3D461819BA42ACEB030C52
:10CE2000345D087128BF3A4658195FFA8CFC755D6D
:10CE300048716745B05C28BF67461A448A71F25D45
:10CE40001F44030443EA0523CF7143EA02630199B7
:10CE50002343002081F804E00B6003B0BDE8F08FAD
:10CE60002A4EB3423BD14FF01008F045284EDFF870
:10CE7000ACA04FF04A074FF01103B0D2DFF8A090FA
:10CE80009AF800B089F80030BBF1000F31D1DFF81B
:10CE900070B040F00100584528D003D8ABF5802B86
:10CEA000584512D0C64528BFC646C6450FD94FF0D3
:10CEB000FF3089F8003003B0BDE8F08FDFF86090F4
:10CEC0004FF0070E99F8003094E7124E42270020E9
:10CED0008AF8000089F800004FF0010E8FE74FF04C
:10CEE00000084FF0FF370123464674E70A4E4D27EE
:10CEF000EDE700264FF0FF37B64633467AE700BF2E
:10CF00000100090007000500A0EF03000700090069
:10CF1000E8EF03000CEF030050EF0300ED9D01204C
:10CF2000EE9D012030B587B00546100A140C8DF82F
:10CF300010208DF81100100E204A8DF814304FEAA1
:10CF4000114C02EA810242EA4C22190A12B28DF80F
:10CF50001510190C1B0E8DF812408DF8173042F089
:10CF6000030495F87C308DF80D40C2F3072242F09F
:10CF7000C0028DF813008DF816108DF80C2043B9FF
:10CF80002A6804AB546803A908220220A04707B00E
:10CF900030BD0022022103A808F05EFC08210246F1
:10CFA00004A808F059FC2B6800909C68082204AB88
:10CFB00003A90220A04707B030BD00BFFCFF03005B
:10CFC000F0B585B003AE012300960D4602225C4900
:10CFD0000446FFF713FB9DF80C30012B79D0032B8F
:10CFE00053D0022B40F0A680022D6FD0012D50D1DE
:10CFF0004FF400705349ADF80C0002230022204684
:10D000000096FFF74DFA40F2FF2002230022442150
:10D01000ADF80C0000962046FFF7EEF940F2FF1540
:10D0200049490096022301222046ADF80C50FFF733
:10D03000E3F946490096022301222046ADF80C5040
:10D04000FFF7DAF942490096012300222046FFF754
:10D05000D5FA9DF80C30990738D43D4F312514206E
:10D0600009F018FB01230022009639462046FFF7FD
:10D07000C5FA9DF80C20920705F1FF3326D413F072
:10D08000FF05ECD16FF0010021E0012D1ED0022D33
:10D0900025D040F2FF102B49ADF80C0002230022EE
:10D0A00020460096FFF7A8F928494FF400036FF4D3
:10D0B00080722046FFF736FF02237F252349009622
:10D0C0001A462046ADF80C50FFF796F9002005B03F
:10D0D000F0BD002DFAD0012D8AD0022DD9D140F219
:10D0E000FF312B46ADF80C10204616490096002261
:10D0F000FFF782F9204615494FF400036FF4807260
:10D10000FFF710FF7F212B462A46ADF80C10204672
:10D110000E490096FFF770F94FF400772046094951
:10D1200000962B460022ADF80C70FFF7B9F90020ED
:10D1300005B0F0BD032BCED96FF00800C7E700BFE4
:10D1400030000F0004001100080009000800110061
:10D150000C00090070B50D4684B06A0190F87C306F
:10D160008DF809201F2144F2D25204468DF8081090
:10D17000ADF80C2053B9036802225E6803A902AB24
:10D180001046B04784F8A85004B070BD00220221B8
:10D1900003A808F061FB0221024602A808F05CFB2C
:10D1A000009022689668022202AB03A91046B0479D
:10D1B00084F8A85004B070BD10B5002984B090F870
:10D1C0007C3014BF0822002204464FF0450114BFF2
:10D1D000F720FF208DF80920C0228DF808008DF877
:10D1E0000D108DF80C2043B9236802225C6803A956
:10D1F00002AB1046A04704B010BD0022022103A8D4
:10D2000008F02AFB0221024602A808F025FB236849
:10D21000009002229C6803A902AB1046A04704B00C
:10D2200010BD00BF012936D870B584B04FF0F702A9
:10D2300090F87C308DF808200D4640F6CE520CBF99
:10D240000821002104468DF80910ADF80C205BB9C7
:10D25000036802225E6803A902AB1046B0470020B3
:10D2600084F89C5004B070BD0022022103A808F08D
:10D27000F3FA0221024602A808F0EEFA00902268B2
:10D280009668022202AB03A91046B047002084F83A
:10D290009C5004B070BD4FF0FF30704730B585B082
:10D2A00090F87C3044F6A7420446ADF80C207BB9D8
:10D2B000026803A9556801201A46A84794F87630F9
:10D2C000032B0CBF0123032384F8763005B030BD57
:10D2D000012103A8002208F0BFFA002102460846F7
:10D2E00008F0BAFA226800900023956803A91A464C
:10D2F0000120A847E2E700BF70B584B003AE042365
:10D300000C460022234900960546FFF777F99DF861
:10D310000F309DF80E2002EB03229DF80D3003EB39
:10D3200002229DF80C3003EB02231B0DC4F31304FF
:10D330001B052343190A8DF80D1095F87C208DF8F4
:10D340000C30190C8DF80E101B0E42F2C2018DF834
:10D350000F30ADF8081042B92A683346546802A964
:10D3600004220220A04704B070BD022102A80022BE
:10D3700008F072FA04210246304608F06DFA2B6874
:10D3800000909C680422334602A90220A04704B002
:10D3900070BD00BF0800010070B584B003AE0C463C
:10D3A00004234FF4A021002200960546FFF726F93A
:10D3B0009DF80F209DF80E3003EB02239DF80D2001
:10D3C00002EB03239DF80C2002EB03221E4BE00727
:10D3D00003EA020348BF43F48023A10748BF43F494
:10D3E0001043620748BF43F01203190A8DF80D106D
:10D3F00095F87C208DF80C30190C8DF80E101B0E52
:10D400008A218DF80F30ADF8081042B92A683346EA
:10D41000546802A904220120A04704B070BD012174
:10D4200002A8002208F018FA04210246304608F04B
:10D4300013FA2B6800909C680422334602A901204D
:10D44000A04704B070BD00BFC00FE0FF2DE9F04160
:10D450008DB286B045F400731A0A8DF8103090F83A
:10D460007C308DF81120962204460E46ADF814202B
:10D47000F3B9026805AF04ABD2F80480039302222B
:10D4800039460120C047039B94F87C208DF810603A
:10D490002D0A9621ADF814108DF8115002BB2268A8
:10D4A0003946546801200222A04706B0BDE8F08149
:10D4B00005AF00220121384608F0CEF904AB024640
:10D4C00002211846039308F0C7F900902268039BD5
:10D4D000D2F80880394602220120C047039BD3E7D7
:10D4E000012138460022039308F0B6F9039B024657
:10D4F0000221184608F0B0F9226800909468039B56
:10D50000022239460120A04706B0BDE8F08100BFE5
:10D510002DE9F04184B090F87C30054649F2DE12E6
:10D5200041F2FF000C46ADF80800ADF80C204BBBF3
:10D530002B6802AE03AF0222D3F80480394633468B
:10D540001046C047022C214638BF02210B0A8DF835
:10D550000D300B0C8DF80E3095F87C308DF80C10DA
:10D560004BF2C002090EADF808208DF80F10FBB980
:10D570002A683B465468314604220220A04704B082
:10D58000BDE8F08103AF00220221384608F064F9BB
:10D5900002AE02460221304608F05EF900902B6888
:10D5A0000222D3F80880394633461046C047C9E7FF
:10D5B00002213046002208F04FF904210246384685
:10D5C00008F04AF92B6800909C6804223B463146DB
:10D5D0000220A04704B0BDE8F08100BF10B586B0BE
:10D5E00090F87C308DF810100446080A8DF8110070
:10D5F000080C8DF81200090E100A8DF813108DF822
:10D6000014208DF8150041F2C131100C120E8DF866
:10D6100016008DF81720ADF80C104BB9226804AB3A
:10D62000546803A908220220A047002006B010BDBC
:10D630000022022103A808F00FF90821024604A8DD
:10D6400008F00AF9236800909C68082204AB03A93B
:10D650000220A047002006B010BD00BF11F001035A
:10D6600010B518BF07230446880748BF43F03803A6
:10D67000480748BF43F4E073080748BF43F46063BA
:10D68000C80648BF43F4E043880648BF43F460330C
:10D69000480648BF43F4E013080648BF43F460035C
:10D6A000C90548BF43F0E06386B0D943080A134078
:10D6B0008DF81100080C8DF810108DF81200090E6D
:10D6C000180A94F87C208DF813108DF814308DF81A
:10D6D000150040F2CA31180C1B0E8DF816008DF89B
:10D6E0001730ADF80C1042B9226804AB546803A996
:10D6F00008220220A04706B010BD0022022103A884
:10D7000008F0AAF80821024604A808F0A5F8236842
:10D7100000909C68082204AB03A90220A04706B031
:10D7200010BD00BF10B590F89230013393FAA3F307
:10D73000B3FA83F3013BDAB2072A86B0044612D863
:10D7400001292BD9284A32F813301A01C2F30A02F0
:10D7500002F58062B2F5006F4FEAD31300D30133B4
:10D7600003F07F0300E01023204894F87C1004901D
:10D770000A22ADF8142044F6DC3000228DF8163071
:10D780008DF81720ADF80C00D1B9226804AB5468AD
:10D7900003A908220220A04706B010BD124931F8A3
:10D7A00013304FF4356202FB03F3C3F3CA1202F5E0
:10D7B0008062B2F5006F4FEA9343D1D30133CFE7D4
:10D7C000022103A808F048F80821024604A808F03E
:10D7D00043F8236800909C68082204AB03A9022048
:10D7E000A04706B010BD00BFB8F00300E0FF80FF07
:10D7F000F0B585B090F87C308DF80810044643F2FF
:10D80000D402080A8DF80900ADF80C20002B36D19F
:10D81000236802AE03AD02225F68294633461046F4
:10D82000B847882294F87C308DF8082041F2D40261
:10D83000ADF80C20002B49D12268334657682946A1
:10D8400001220220B84741F2D403ADF80C3094F81D
:10D850007C3000228DF8082033BB226833462946ED
:10D86000566802200122B047204622490095012334
:10D870000022FEF7C3FE9DF80C0005B0F0BD03AD1D
:10D8800000220221284607F0E7FF02AE02460221ED
:10D89000304607F0E1FF2368009002229F68294686
:10D8A00033461046B847BCE70221284607F0D4FFAC
:10D8B00001210246304607F0CFFF236800909F68A1
:10D8C0000122334629460220B847CDE702212846E7
:10D8D000002207F0C1FF01210246304607F0BCFFDD
:10D8E000236800909F680122334629460220B847EA
:10D8F000A9E700BF08000A002DE9F04184B090F8C4
:10D900007C30044642F2D60201200E46ADF80800F3
:10D91000ADF80C20002B46D1236802AF03AD0222E4
:10D92000D3F8048029463B461046C047330A8DF899
:10D93000093094F87C308DF8086041F2D602ADF8D9
:10D940000C20002B58D12268566802223B462946FB
:10D950001046B04742F2D603ADF80C3094F87C3054
:10D960000226ADF80860A3BB22683B4630465768E4
:10D9700029463246B847204629490095042300220B
:10D98000FEF73CFE9DF80F109DF80E209DF80D301F
:10D990009DF80C0002EB012203EB022300EB0320B5
:10D9A00004B0BDE8F08103AD00220221284607F053
:10D9B00053FF02AF02460221384607F04DFF0090A8
:10D9C00023680222D3F8088029463B461046C04708
:10D9D000ACE731460022284607F03EFF31460246BA
:10D9E000384607F039FF009022683B46304697687A
:10D9F00029463246B847BEE702212846002207F0F2
:10DA00002BFF02210246384607F026FF23680090CC
:10DA100002229E6829463B461046B0479AE700BF5F
:10DA200010000B002DE9F04184B090F87C300446E2
:10DA3000002242F2CF000F460392ADF8080083BBEC
:10DA4000236803AD02AED3F8048004222B4631468E
:10DA50000220C04794F87C3000228E210392ADF85A
:10DA60000810002B50D123680422D3F804803146DB
:10DA70002B460120C04740F2FF63ADF8083042F268
:10DA8000E253ADF80C3094F87C3053BB2268334637
:10DA90005668022229461046B047BFB904B0BDE817
:10DAA000F08102AE0221304607F0D6FE03AD0246F9
:10DAB0000421284607F0D0FE009023680422D3F802
:10DAC000088031462B460220C047C3E718494FF073
:10DAD000E0534FF2FF02204604B0BDE8F041FFF7EB
:10DAE00021BA00220221284607F0B6FE0221024692
:10DAF000304607F0B1FE0090226829469568022260
:10DB000033461046A847C8E70121304607F0A4FE77
:10DB100004210246284607F09FFE00902368042255
:10DB2000D3F8088031462B460120C047A3E700BF49
:10DB3000140007002DE9F043054685B095F87C30C8
:10DB40004D48039044F6E204ADF808408946144677
:10DB5000002B53D12B6803AF02AED3F8048004220C
:10DB60003B4631460220C0470F2C09F1FF32A8BFC7
:10DB70000F24022A3DD8102121FA09F94FEA820820
:10DB80005FFA89F995F87C308DF80C9000224AF202
:10DB9000CE018DF80D208DF80E208DF80F20ADF8F8
:10DBA0000810002B55D12B680422D3F8049031467D
:10DBB0003B460220C84704FA08F2130A8DF80D30DC
:10DBC000130C8DF80E3095F87C308DF80C2046F251
:10DBD000D001120EADF808108DF80F2023BB2A6873
:10DBE0003B465468314604220220A04705B0BDE8F8
:10DBF000F0834FF001094FF00C08C3E702AE00229A
:10DC00000221304607F028FE03AF024604213846C1
:10DC100007F022FE00902B680422D3F808803146DA
:10DC20003B460220C0479FE702213046002207F012
:10DC300013FE04210246384607F00EFE2B680090C2
:10DC40009C6804223B4631460220A04705B0BDE84F
:10DC5000F0830221304607F0FFFD042102463846DA
:10DC600007F0FAFD00902B680422D3F808903146A3
:10DC70003B460220C8479EE71408D20030B501F0A9
:10DC80007F0585B0130AC1F304410446A8008DF84E
:10DC90000D3040EA4121130C8DF80E300B0A8DF83F
:10DCA0000C2043F08003120E8DF80F208DF8083001
:10DCB0008DF809008DB143F040038DF8083094F8D9
:10DCC0007C3002210D4673B9226803AB546802A967
:10DCD00004222846A04705B030BD94F87C300121CD
:10DCE0000D46002BF0D0002202A807F0B5FD04215C
:10DCF000024603A807F0B0FD236800909C68042248
:10DD000003AB02A92846A04705B030BD2DE9F04776
:10DD1000044684B01D4641F2E223ADF8083094F881
:10DD20007C303E4803900F461646002B41D12368B5
:10DD30000DF10C090DF10808D3F804A004224B469C
:10DD400041460220D047AA1943F201039A425DDC02
:10DD50007F2D25D9324920461522FFF78FFF314903
:10DD60002A462046FFF78AFF0097334600224FF4E9
:10DD7000E8112046FEF742FC47F6BF7294F87C306B
:10DD8000039241F2E222ADF8082053BB22684B46D1
:10DD90005468414604220220A04704B0BDE8F08741
:10DDA000009733462A464FF4A8112046FEF726FC7A
:10DDB000E2E70DF1080800220221404607F04CFD81
:10DDC0000DF10C0902460421484607F045FD00907C
:10DDD00023680422D3F808A041464B460220D047CE
:10DDE000B1E702214046002207F036FD0421024639
:10DDF000484607F031FD236800909C6804224B469A
:10DE000041460220A04704B0BDE8F087064B074A10
:10DE1000074840F60E21F1F74FFF00BFFFFF40809B
:10DE200004001F0008001F0010EE030048EE03006E
:10DE3000F8EC03002DE9F04111F01D0684B00C460A
:10DE40000FD011F00107054628D011F0020361D070
:10DE5000002300931A460D21FEF722FB0DF10F0659
:10DE60002DE011F020050CD011F002043ED00096F8
:10DE7000334632461121FEF713FB304604B0BDE8AD
:10DE8000F08111F002043BD000952B462A460C216C
:10DE9000FEF706FB284604B0BDE8F08111F0080843
:10DEA00040D111F0100672D111F0020367D0009634
:10DEB000334632461021FEF7F3FA0DF10F06032226
:10DEC0000096012344212846FEF798FB9DF80F2079
:10DED00012F0080447D145492846FEF7EDFBB0F59E
:10DEE000502F40D0204604B0BDE8F0810094234676
:10DEF00022460B21FEF7D4FA204604B0BDE8F0819B
:10DF00000094234622460121FEF7CAFA204604B0B7
:10DF1000BDE8F08100931A460321FEF7C1FA0DF126
:10DF20000F06CCE72C21FEF7C7FB0DF10F060123EE
:10DF30001A4680464FF4602128460096FEF75EFBA5
:10DF40009DF80F202C21A8EB02022846FFF796FE31
:10DF500014F002033BD000973B463A460F21284677
:10DF6000FEF79EFAABE70023284600931A461946AF
:10DF7000FEF796FA4FF0FF3004B0BDE8F081009351
:10DF80001A460921FEF78CFA0DF10F0697E72C21AE
:10DF9000FEF792FB0DF10F0601231A461449009675
:10DFA00007462846FEF72AFB9DF80F202C21BA1AB7
:10DFB0002846FFF763FE14F002030FD0CDF800806F
:10DFC000434642460E212846FEF76AFA77E7009359
:10DFD0001A4607212846FEF763FA70E700931A46AF
:10DFE00005212846FEF75CFA69E700BF30000F0004
:10DFF00004000100F0B585B090F87C300022942137
:10E000000446ADF80820ADF80C10002B3FD1036892
:10E0100002AE03AD5F680222334629460120B847AD
:10E0200045F2D403ADF80C3094F87C3000228DF822
:10E030000820002B65D12268334657682946012203
:10E040000220B84741F2D403ADF80C3094F87C308C
:10E0500000228DF80820002B41D1226833465768F2
:10E06000294601220220B84741F2D403ADF80C3012
:10E0700094F87C3002278DF80870E3B922683346A3
:10E080005468294601223846A04705B0F0BD03ADCB
:10E090000121284607F0E0FB02AE0246022130468D
:10E0A00007F0DAFB236800909F6802223346294676
:10E0B0000120B847B4E739460022284607F0CCFBD8
:10E0C00001210246304607F0C7FB236800909C6898
:10E0D0000122334629463846A04705B0F0BD02214B
:10E0E000284607F0B9FB01210246304607F0B4FB91
:10E0F000236800909F680122334629460220B847D2
:10E10000B2E70221284607F0A7FB0121024630466C
:10E1100007F0A2FB236800909F680122334629463E
:10E120000220B8478EE700BFF0B5022987B0044649
:10E130003DD090F87C30FE2144F2C012ADF81010B2
:10E14000ADF81420E3B9026805AD5668022204ABAD
:10E15000294610460393B047039B45F2C001ADF832
:10E16000141094F87C100022ADF81020002939D149
:10E17000216802224C6810462946A04707B0F0BD2E
:10E1800005AD00220221284607F066FB04AB0246DB
:10E1900002211846039307F05FFB226800909668FF
:10E1A000039B022229461046B047039BD5E705AFE3
:10E1B00040F2FF1316460D46ADF8143000970B469B
:10E1C00000221021FEF718F9310A8DF8151000977A
:10E1D0002B460022204614218DF81460FEF760F9CA
:10E1E00007B0F0BD02212846039307F035FB039BDF
:10E1F00002460221184607F02FFB216800900222F8
:10E200008C68039B29461046A04707B0F0BD00BFAD
:10E210002DE9F043044685B0174694F87C208DF82C
:10E220000810B1F5807F4FF0000343F2D40034BFF3
:10E230004FF090084FF0B0088DF80930ADF80C00A1
:10E24000002A3FD1236802AE03AD0222D3F8049026
:10E25000294633461046C84744F2D403ADF80C3083
:10E2600094F87C308DF80870002B68D12368012267
:10E270005F68294633460220B84794F87C308DF811
:10E28000088041F2D402ADF80C20002B44D1226862
:10E2900033465768294601220220B84741F2D40389
:10E2A000ADF80C3094F87C3000228DF80820FBB9D2
:10E2B000226833465468294601220220A04705B04F
:10E2C000BDE8F08303AD1A460221284607F0C4FAE0
:10E2D00002AE02460221304607F0BEFA00902368E3
:10E2E0000222D3F80890294633461046C847B3E7C0
:10E2F0000221284607F0B0FA01210246304607F015
:10E30000ABFA236800909C6801223346294602201C
:10E31000A04705B0BDE8F08302212846002207F09F
:10E320009BFA01210246304607F096FA23680090D6
:10E330009F680122334629460220B847AEE70022F3
:10E340000221284607F088FA01210246304607F0EC
:10E3500083FA0090236801229F68294633460220F1
:10E36000B8478AE72DE9F04184B01E460446884646
:10E37000174608F091F9022E054600F0B180012EF3
:10E3800000F09F8000236FEA08023C212046FEF740
:10E39000C9FD0023FA4340212046FEF7C3FD03AB2D
:10E3A0000093002204233C212046FEF727F99DF824
:10E3B0000F309DF80E2002EB03229DF80D3003EB89
:10E3C00002229DF80C3003EB02231A0A8DF80D206F
:10E3D0001A0C8DF80E2094F87C208DF80C3041F248
:10E3E000C1011B0EADF808108DF80F30002A3CD18A
:10E3F000236802AE5F68042203AB31460220B847AF
:10E4000003AB00930022042340212046FEF7F6F8D8
:10E410009DF80F309DF80E2002EB03229DF80D3081
:10E4200003EB02229DF80C3003EB0223190A8DF84E
:10E430000C308DF80D1094F87C20190C1B0E8DF803
:10E440000F3042F2C1038DF80E10ADF8083002BB58
:10E45000226803AB5468314604220220A0472846B4
:10E4600004B0BDE8F04108F020B902AE002202215C
:10E47000304607F0F1F90421024603A807F0ECF951
:10E480000090236804229F68314603AB0220B847FE
:10E49000B6E700220221304607F0DEF904210246E9
:10E4A00003A807F0D9F9236800909C68042203AB05
:10E4B00031460220A047284604B0BDE8F04108F0EC
:10E4C000F4B8434620464FF0FF323C21FEF72AFDC8
:10E4D0003B464FF0FF3240212046FEF723FD5EE72A
:10E4E000424620463C21FFF7C9FB3A4640212046E0
:10E4F000FFF7C4FB53E700BF2DE9F0410B6890F82C
:10E500007C2084B00D46190A8DF80D10190C8DF879
:10E510000C308DF80E101B0E43F2C40104468DF82A
:10E520000F30ADF80810002A5ED1036803AF02AEC9
:10E53000D3F8048004223B4631460220C0476A6873
:10E540008DF80C20110A8DF80D1094F87C30110C08
:10E55000120E8DF80F2044F2C4028DF80E10ADF8A3
:10E560000820002B7FD123680422D3F80480314691
:10E570003B460220C047AA688DF80C20110A8DF88E
:10E580000D1094F87C30110C120E8DF80F2045F20E
:10E59000C4028DF80E10ADF80820002B4FD123686F
:10E5A0000422D3F8048031463B460220C047EA6883
:10E5B0008DF80C20130A8DF80D30130C8DF80E30E9
:10E5C00094F87C30120E46F2C401ADF808108DF8B4
:10E5D0000F20FBB922683B465468314604220220D2
:10E5E000A04704B0BDE8F08102AE0022022130460F
:10E5F00007F032F903AF02460421384607F02CF940
:10E60000009023680422D3F8088031463B4602205C
:10E61000C04794E702213046002207F01DF904218B
:10E620000246384607F018F9236800909C680422D7
:10E630003B4631460220A04704B0BDE8F0810022ED
:10E640000221304607F008F904210246384607F057
:10E6500003F9009023680422D3F8088031463B4632
:10E660000220C047A3E700220221304607F0F4F859
:10E6700004210246384607F0EFF800902368042290
:10E68000D3F8088031463B460220C04773E700BFFD
:10E690002DE9F0410B6890F87C2084B00D46190AF2
:10E6A0008DF80D10190C8DF80C308DF80E101B0E16
:10E6B00047F2C40104468DF80F30ADF80810002A67
:10E6C0005ED1036803AF02AED3F8048004223B4658
:10E6D00031460220C0476A688DF80C20110A8DF877
:10E6E0000D1094F87C30110C120E8DF80F2048F2AA
:10E6F000C4028DF80E10ADF80820002B7FD12368DE
:10E700000422D3F8048031463B460220C047AA6861
:10E710008DF80C20110A8DF80D1094F87C30110C36
:10E72000120E8DF80F2049F2C4028DF80E10ADF8CC
:10E730000820002B4FD123680422D3F804803146EF
:10E740003B460220C047EA688DF80C20130A8DF87A
:10E750000D30130C8DF80E3094F87C30120E4AF206
:10E76000C401ADF808108DF80F20FBB922683B46B4
:10E770005468314604220220A04704B0BDE8F0816D
:10E7800002AE00220221304607F066F803AF0246CF
:10E790000421384607F060F8009023680422D3F87B
:10E7A000088031463B460220C04794E702213046AC
:10E7B000002207F051F804210246384607F04CF8D1
:10E7C000236800909C6804223B4631460220A04703
:10E7D00004B0BDE8F08100220221304607F03CF889
:10E7E00004210246384607F037F8009023680422D7
:10E7F000D3F8088031463B460220C047A3E70022F9
:10E800000221304607F028F804210246384607F076
:10E8100023F8009023680422D3F8088031463B4651
:10E820000220C04773E700BFF0B5044687B00D462D
:10E83000BAB104AE314A94F87C304FF0FF31CDE9E3
:10E84000041240F2CE32ADF80C20002B41D12268E8
:10E850003346576803A908220220B847E5B907B034
:10E86000F0BD27494FF008234FF0FF32FEF75AFB67
:10E87000204623494FF060134FF0FF32FEF752FB62
:10E8800004AEF922ADF810201E49009602230122A1
:10E890002046FDF7B1FDCDE71B4900960423002279
:10E8A0002046FDF7ABFE9DF811109DF810204FF2A9
:10E8B000FF0302EB01221340F3B143F0012343F4C1
:10E8C00080331149FF22204607B0BDE8F040FEF733
:10E8D00029BB0022022103A806F0BEFF0821024640
:10E8E000304606F0B9FF0090236803A99F6808220C
:10E8F00033460220B847B1E7044BE2E7003C000290
:10E900004800070008001100140007000011010171
:10E9100030B5A1F11003B3F5FE6F85B0054619D8E7
:10E9200011F007022ED190F87C308DF80920C9082B
:10E9300001394AF2C0408DF80810ADF80C002BBB2D
:10E940002B6802225C6803A902AB1046A047002096
:10E9500005B030BDB1F5805F14D1012303A91A467B
:10E960000024009128218DF80C40FDF799FD2846E0
:10E970004FF440536FF470422421FEF7D3FA20463F
:10E9800005B030BD4FF0FF3005B030BD022103A807
:10E9900006F062FF0221024602A806F05DFF2B6826
:10E9A000009002229C6803A902AB1046A047CEE764
:10E9B0002DE9F043044685B090460D46002240F212
:10E9C0000B11FFF725FC4FF4827294F87C30ADF800
:10E9D000082043F2D402ADF80C20002B6FD123683D
:10E9E00002AF03AE0222D3F8049031463B461046F4
:10E9F000C847882294F87C308DF8082041F2D40270
:10EA0000ADF80C20002B40F0AB8023680122D3F836
:10EA1000049031463B460220C84794F87C300022DF
:10EA200041F2D4018DF80820ADF80C10002B40F015
:10EA3000848023680122D3F8049031463B460220AB
:10EA4000C84701235049009600222046FDF7D6FD15
:10EA50009DF80C204FF4827102F01F022046FFF750
:10EA6000D7FBB4F878302B4323F400639BB2A4F8AF
:10EA700078308DF808301B0A8DF809309423ADF8F2
:10EA80000C3094F87C30002B44D1236802225D685E
:10EA900031463B460120A84794F87C308DF8088029
:10EAA00045F2D402ADF80C20FBB922683B4654680D
:10EAB000314601220220A04705B0BDE8F08303AE35
:10EAC00000220221304606F0C7FE02AF02460221B4
:10EAD000384606F0C1FE009023680222D3F8089061
:10EAE00031463B461046C84783E7022130460022A4
:10EAF00006F0B2FE01210246384606F0ADFE23685C
:10EB000000909C6801223B4631460220A04705B098
:10EB1000BDE8F08300220121304606F09DFE02216F
:10EB20000246384606F098FE0090236802229D684F
:10EB300031463B460120A847AEE70221304606F0A9
:10EB40008BFE01210246384606F086FE00902368BF
:10EB50000122D3F8089031463B460220C84770E7AF
:10EB600002213046002206F077FE01210246384697
:10EB700006F072FE009023680122D3F80890314617
:10EB80003B460220C84748E708000A0003EB010C97
:10EB9000BCF5806F7ADA2DE9F0437F2B87B00F4602
:10EBA0001C4616463AD91423059341F2FE03ADF8EC
:10EBB000103090F87C300546002B3AD102680DF1F8
:10EBC000100805ABD2F804900393042241460220BA
:10EBD000C847039B95F87C108DF814400022240A46
:10EBE00042F2FE008DF815408DF816208DF81720A2
:10EBF000ADF81000002935D12A684146546802203A
:10EC00000422A047284600963B4600224FF4E81114
:10EC1000FDF746FC002007B0BDE8F08300920B46EC
:10EC200022464FF4A011FDF73BFC002007B0BDE8E1
:10EC3000F0830DF1100800220221404606F00CFE80
:10EC400005AB024604211846039306F005FE00902A
:10EC50002A68039BD2F80890414604220220C84744
:10EC6000039BB7E702214046039306F0F5FD039BA3
:10EC700002460421184606F0EFFD00902A68039B27
:10EC80009468414604220220A047BBE74FF0FF30C2
:10EC9000704700BF2DE9F04F2DED028B8BB0022A9B
:10ECA000BDF85840CDE903419DF85C10059100F294
:10ECB000F181BC4931F8122013449BB2BA4A069341
:10ECC00090F87C30099241F2E2220546ADF820200E
:10ECD000002B40F0B18103680DF1240B5C6808AB98
:10ECE00008EE103A194604225B460220A047039B17
:10ECF000002B00F09680069E43F201039E4200F333
:10ED000090804FF0000A5B46A84FDDF81090D34684
:10ED10009A46039BA3EB0B039BB2102B28BF102337
:10ED20001522984695F87C30099241F2FE02ADF822
:10ED30002020002B40F0DA802B6818EE101A5C6857
:10ED4000042253460220A0474FF00003320A8DF8F8
:10ED5000273095F87C308DF824608DF82520360C0E
:10ED600042F2FE028DF82660ADF82020002B40F024
:10ED7000D2802B6818EE101A5C68042253460220D9
:10ED8000A04708EB48068A4B00937600731C9BB2A1
:10ED900000224FF4E8112846FDF730FC059B4FEAAE
:10EDA0004804002B65D0032B4FEA4B0600F0088186
:10EDB000022B00F0C58000227D49079510462546AC
:10EDC0008B78CC7891F801C01B0203EB04436344B9
:10EDD000C3F3110C3B4206EB000E02F101044CEAB6
:10EDE000070C38D147F6FF729342A8BF1346049828
:10EDF000A2B2954220F81E3001F103011046DFD87F
:10EE0000079D08EB0B031FFA83FB039B5B4507D9A8
:10EE1000069B0BEB030643F201039E427FF779AF9B
:10EE2000D34647F6BF7295F87C30099241F2E22250
:10EE3000ADF82020002B40F018812A6818EE101A37
:10EE400054685B4604220220A04700200BB0BDECB2
:10EE5000028BBDE8F08F574B9C45B8BF9C46A2B2D1
:10EE6000049B954223F81EC0104601F10301A7D868
:10EE7000C6E7A6F11D034FF6E272934200F2D1807D
:10EE80004D4BA9EB0303022B40F2CB804B48059B73
:10EE90004FEA960C49464A46013350F8044B41F874
:10EEA000044B634502F10402F6D326F00303434901
:10EEB0009E4201EB030409EB030099B200F0BA8013
:10EEC0003E4A8146D35C09F8013B4B1C9BB2B342DE
:10EED00097D2023189B2637843708E4200F1020901
:10EEE0008FD9A378837000F103098AE718EE100A1E
:10EEF0000221002206F0B0FC04210246504606F032
:10EF0000ABFC00902B6818EE101A9C680422534644
:10EF10000220A04718E718EE100A0221002206F08E
:10EF20009BFC04210246504606F096FC00902B689C
:10EF300018EE101A9C68042253460220A04720E7CE
:10EF40000021A4461A48049C079507EE90AA47F6AC
:10EF5000FF7E0A46837890F803A0164D1B0203EB50
:10EF60000A4A43789A441AEA070318BF3B46CAF391
:10EF7000110A4AEA030A43EA5A03AB42B8BF2B46D6
:10EF80000131324489B27345A8BF73468C4524F8D9
:10EF9000123000F103000A46DCD8079D17EE90AA54
:10EFA0002FE700BF04EF0300FFFF40800000FCFFDD
:10EFB0008C9D01200080FFFF8E9D01208D9D0120F2
:10EFC0000021A4463548049C079507EE90AA47F611
:10EFD000FF7E0A46837890F803A0314D1B0203EBB5
:10EFE0000A4A43789A441AEA070318BF3B46CAF311
:10EFF000110A4AEA030A43EA9A03AB42B8BF2B4616
:10F000000131324489B27345A8BF73468C4524F858
:10F01000123000F103000A46DCD8079D17EE90AAD3
:10F02000EFE61E4B4E4413F8012F09F8012B4E4515
:10F03000F9D1E6E69146E4E608AB18460022022143
:10F040001E4608EE103A06F007FC0DF1240B0246AE
:10F050000421584606F000FC00902B6804229C68AE
:10F0600031465B460220A04741E618EE100A022115
:10F07000002206F0F1FB04210246584606F0ECFBA4
:10F080002B6800909C6818EE101A5B460422022040
:10F09000A047DAE64FF0FF30D8E600BF8C9D012094
:10F0A0000080FFFF70B511F0010684B0054639D02D
:10F0B0000C464FF410736FF47C624FF4A021FDF7FF
:10F0C00031FF39494FF404034FF0FF322846FDF772
:10F0D00029FF14F002044FF010020CBF00210F2191
:10F0E0008DF80C2095F87C308DF80E1001228DF8EB
:10F0F0000D2045F6E20100228DF80F20ADF8081032
:10F1000053BB2A6803AB566802A904220220B04709
:10F1100004B326494FF48872284604B0BDE8704015
:10F12000FEF7ACBD33466FF47C624FF4A021FDF7CF
:10F13000F9FE95F87C304FF6FF6145F6E222039127
:10F14000ADF80820E3B92A6803AB546802A9042289
:10F150000220A04704B070BD022102A806F07CFB8B
:10F160000421024603A806F077FB00902A6803AB4F
:10F17000966802A904220220B047002CEAD0C8E712
:10F180003246022102A806F067FB0421024603A8CA
:10F1900006F062FB2B6800909C68042203AB02A976
:10F1A0000220A04704B070BD040011001600110039
:10F1B0002DE9F04184B090F87C3004469E22022074
:10F1C0000D468DF80B00ADF80C2073B923680DF1D6
:10F1D0000B0703AE0122D3F8048031463B461046AC
:10F1E000C047D5B904B0BDE8F08103AE00220121CB
:10F1F000304606F031FB0DF10B070246012138467F
:10F2000006F02AFB009023680122D3F808803146DB
:10F210003B461046C047002DE4D09E23ADF80C308D
:10F2200094F87C3001258DF80B504BB922683B4691
:10F23000546831462A462846A04704B0BDE8F0810C
:10F2400029460022304606F007FB2946024638468A
:10F2500006F002FB236800909C682A463B46314634
:10F260002846A04704B0BDE8F08100BF10B5012AD0
:10F2700084B004461BD0C94389B290F87C308DF825
:10F280000C100022080A43F2CA218DF80D008DF8F7
:10F290000E208DF80F20ADF80810DBB9226803AB03
:10F2A000546802A904220220A04704B010BDFF2325
:10F2B00090F87C208DF80C30080A8DF80D3043F260
:10F2C000CA238DF80E108DF80F00ADF80830002A13
:10F2D000E4D00022022102A806F0BEFA0421024670
:10F2E00003A806F0B9FA236800909C68042203ABD7
:10F2F00002A90220A04704B010BD00BF70B50446AB
:10F3000090F87C3086B061B30A0C080A8DF81410AE
:10F310008DF81620090E4DF2C0028DF815008DF8FB
:10F320001710ADF81020002B40D1226804AD05ABBA
:10F3300056680393042229460220B047039B3249B2
:10F3400094F87C20059144F2C021ADF81010002AF9
:10F3500043D122682946546802200422A04706B0FF
:10F3600070BD4FF6FF5044F2C0220590ADF810205A
:10F3700043B9226805AB546804A904220220A047BF
:10F3800006B070BD0A4604A8022106F065FA042101
:10F39000024605A806F060FA236800909C680422E3
:10F3A00005AB04A90220A04706B070BD04AD002241
:10F3B0000221284606F050FA05AB02460421184601
:10F3C000039306F049FA226800909668039B042292
:10F3D00029460220B047039BB1E7022128460022BC
:10F3E000039306F039FA039B02460421184606F0FF
:10F3F00033FA226800909468039B04222946022075
:10F40000A04706B070BD00BFFFFF0002F0B585B099
:10F410000A44B3F5445F0A9EC2F3044C43D202F09F
:10F420007F021C46930043EA4C2C4FEA1C2C4CF004
:10F43000800C05468DF80D308DF80CC094B17AB370
:10F440004CF0400C02218DF80CC00F4695F87C3032
:10F450009BB92A683346556803A922463846A8470F
:10F4600005B0F0BD490061F07E038DF80C3095F8D1
:10F470007C3001210F46002BEBD003A8002206F0C0
:10F48000EBF921460246304606F0E6F900902A687C
:10F490003346956803A922463846A84705B0F0BD13
:10F4A00001210F46D2E7034B034A044840F2BF1143
:10F4B000F0F702FCE4EC030058EE0300F8EC030064
:10F4C0002DE9F0430E46C97CFF298BB000F0858101
:10F4D0000446002A00F0E5803368F289997A8DF8B5
:10F4E0001810597A8DF81910197A8DF81A10D979DF
:10F4F0008DF81B1099798DF81C1059798DF81D1015
:10F5000019798DF81E10D9788DF81F1099788DF81B
:10F51000201059788DF8211019788DF82420120ABE
:10F520008DF8252000228DF822108DF82320197BDC
:10F530008DF82610DB7A8DF8273006AB0093AA49A8
:10F540001023FCF7ADFF337BF189B27CCD18002A84
:10F5500040F0AE80317C0029F17C0CBF7F204FF45D
:10F560008060A0EB0100A0F102000CBF4FF4B011CD
:10F570004FF4A011854200F2AA80706800902046E6
:10F580000391FCF78DFFB268F38900920399327BF7
:10F590002046FCF785FF717C327C531E012B40F224
:10F5A0009B804B1E012B40F2F180042900F0A080CB
:10F5B00042EA41328D492046FEF760FBF189337BF8
:10F5C0008B4A03F07F0302EAC1121A43894920469D
:10F5D000FEF754FB94F87C30012543F2C3028DF80A
:10F5E0001750ADF81820002B40F0BA8023680DF1B9
:10F5F000170906AF2A4639465D6802204B46A847E0
:10F6000044F2430804E09DF8165015F0050F2DD183
:10F610002068ADF81880056839460DF116030122FF
:10F620000220A84794F87C100229ECD10022384629
:10F6300006F012F9012102460DF1160006F00CF950
:10F6400001230546002218212046CDF80090FCF742
:10F65000D5FF9DF817309D42D5D0236A002BD2D01C
:10F6600098479DF8165015F0050FD1D094F87C30CE
:10F670008DF8175044F2C302ADF81820002B5CD16E
:10F68000226839464B46576802200122B84705F0E8
:10F690000F03012B05F03F0530D068B20BB0BDE879
:10F6A000F0833368009350490C23FCF7F9FE4AE7D6
:10F6B000012A40F08F80717CF27C002940F2FF33F8
:10F6C00008BF7F239B1A023B9D427FF665AF4FF038
:10F6D000FF300BB0BDE8F08394F87630032B61D097
:10F6E0004B1E012B5BD904294FF001027FF460AF60
:10F6F000F389102B74D842F400425BE7B37C012BF2
:10F70000CBD1737C5A1E012A54D9032B0CBF4FF462
:10F71000A0174FF4B017726812B1337B002B52D18F
:10F72000B268002AB9D0F389002BB6D00092327BA0
:10F7300039462046FCF762FFAFE702213846002237
:10F7400006F08AF801210246484606F085F8009046
:10F75000226839464B46976802200122B84796E74F
:10F7600006AF00220221384606F076F80DF117099F
:10F7700002462946484606F06FF8009023682A465C
:10F7800039469D6802204B46A84739E794F8763001
:10F79000032B0CBF42F4804242F400520AE742F2CB
:10F7A000010207E74B1E012B01D90222FDE644F2BC
:10F7B0000202FFE694F87630032B0CBF4FF4981743
:10F7C0004FF49017A7E70092394600222046FCF735
:10F7D00015FFA5E76FF0010060E76FF002005DE73D
:10F7E0006FF003005AE700BF34000100440001003D
:10F7F00080FF0100480001002DE9F04387B090F838
:10F800007C3004464DF2CE0204200F468DF81000E5
:10F81000ADF81420002B40F0DE80236804AE05AD67
:10F82000D3F804800122334629460220C0479A4972
:10F830000095042300222046FCF7E0FE9DF8179077
:10F840009DF81630944903EB09239DF8159009EBB8
:10F8500003239DF814904FF0FF32204609EB032953
:10F860000223FDF75FFB8D4900236FF4C0022046A1
:10F87000FDF758FB202194F87C308DF814100022FD
:10F880003F0190218DF815708DF816208DF8172006
:10F89000ADF81010002B40F0ED80236804225F6863
:10F8A00031462B460120B84701236FF001024FF487
:10F8B00000212046FDF736FB41F2500803E09DF899
:10F8C0001430DB072CD42068ADF81080076831466F
:10F8D0002B4604220220B84794F87C100229EED16E
:10F8E0000022304605F0B8FF04210246284605F004
:10F8F000B3FF0DF10F0C074601230022182120460B
:10F90000CDF800C0FCF77AFE9DF80F309F42D6D0AC
:10F91000236A002BD3D098479DF81430DB07D2D54B
:10F92000022300224FF0081100952046FCF766FEE6
:10F930009DF815309DF8147007EB032794F87C3080
:10F9400000229021BFB28DF81020ADF81410002BCA
:10F950007DD123680122D3F804802946334610461E
:10F96000C04794F87C3000224DF2CE018DF8102073
:10F97000ADF81410002B57D123680122D3F804806E
:10F98000294633460220C0474FEA19228DF8152038
:10F9900094F87C308DF814904FEA19428DF81620B7
:10F9A0004FEA196942F2CF028DF81790ADF8102096
:10F9B0003BBB22682B463146556802200422A847EB
:10F9C0002046364900236FF4C002FDF7ABFA3846F3
:10F9D00007B0BDE8F08305AD00220221284605F0FE
:10F9E0003BFF04AE02460121304605F035FF009092
:10F9F00023680122D3F80880294633460220C047F5
:10FA000015E700220221304605F026FF04210246B8
:10FA1000284605F021FF009022682B463146956864
:10FA200002200422A847CBE70221284605F014FF54
:10FA300001210246304605F00FFF009023680122A5
:10FA4000D3F80880294633460220C0479CE70121AD
:10FA5000284605F001FF01210246304605F0FCFE74
:10FA6000009023680122D3F80880294633461046C7
:10FA7000C04776E70121304605F0EEFE042102463C
:10FA8000284605F0E9FE0090236804229F6831466D
:10FA90002B460120B84707E748000700340007005D
:10FAA0002DE9F04100238122A0F87830A0F87C30C5
:10FAB000A0F8763080F87020A0F871300022C0F8ED
:10FAC000983080F8A830A0F89030A0F86E3000236D
:10FAD000C0E9282384B00D4604210446FDF70CFF3D
:10FAE000052107462046FDF707FF0A210646204666
:10FAF000FDF702FF330E03F03003C6F30352C0F3E9
:10FB00000440134384F86C00C4F8987000F0ED8052
:10FB100084F8713017B1002E40F0838003AE94F862
:10FB20007130A3B1C3F3011103F00F030D2B76D98C
:10FB300003290CD00131083BC9B2DBB243EA0113FF
:10FB4000D9B284F872104FF4867005F05DFE202162
:10FB50002046FDF7D1FE7F4BC01AB0FA80F0400975
:10FB6000E90684F86D00EFB240F1E3807A0640F1D7
:10FB7000D8802B0678D594F86F0010B9852384F8C7
:10FB80006F3094F86E3013B9742384F86E301F21EF
:10FB90002046FDF7B1FE1E2184F874002046FDF7D3
:10FBA000ABFE94F87C3010F03F0008BF2E2045F2E9
:10FBB000D20284F875008DF80B00ADF80C20002BF4
:10FBC00040F09A8022680DF10B03556831460122FE
:10FBD0000220A84735212046FDF78EFE0546002865
:10FBE0004AD10B230F22C4E9282394F970307F33C4
:10FBF00055D02046584A5949FEF740F8204600960D
:10FC0000042300221021FCF7F9FC9DF80C300020A1
:10FC1000C3F3800384F8903004B0BDE8F081023370
:10FC20008CE794F86C3003AE002B3FF478AF4C496E
:10FC3000039120464B49009604230022FCF78AFCDE
:10FC4000E02294F86C308DF80C20FF228DF80D2006
:10FC50008DF80E30002244490096042320468DF88A
:10FC60000F20FCF777FC5AE709212046FDF744FEF8
:10FC7000C0B284F86F0080E702463C492046FDF799
:10FC8000FDFFEB0C05F01F0203F020031343C5F347
:10FC90000D25C4E9285394F970307F33A9D102218E
:10FCA0002046FFF7A9FD050201212046ADB2FFF76E
:10FCB000A3FD2A0A94F86F30DFED2D6A07EE902A33
:10FCC000B8EE677A07EE903AF8EE677A77EE677AE1
:10FCD000B3EE067A67EEA67A77EE877AFDEEE77ADC
:10FCE00017EE903A84F8703083E74FF4867005F091
:10FCF00075FD84F872000DE700220221304605F000
:10FD0000ABFD012102460DF10B0005F0A5FD2368B6
:10FD100000909D6801220DF10B0331460220A84797
:10FD200058E708212046FDF7E7FD000C84F86E0037
:10FD30001FE706212046FDF7DFFD0D21A0662046C6
:10FD4000FDF7DAFD0E2180462046FDF7D5FDC4E91A
:10FD500018800BE74002001067070E041800070028
:10FD6000FFFF800108000B001F00110004000900C4
:10FD70006666863F2DE9F04F89B09B469DF94C3071
:10FD800013F17F0F04460D46924600F0B1815F2BC0
:10FD900004DDD4F89830002B40F0CF81BF494FF0FC
:10FDA0001A122046FDF76AFFBD4BBE4ABE492046E7
:10FDB000FDF7B8F8FE23ADF8183006ABBB49009349
:10FDC000002202232046FCF717FB06AB0093B8493C
:10FDD000012302222046FCF711FC9DF81830032B6A
:10FDE00000F02C81B34AB4492046FDF747FF41F6A5
:10FDF0003C724FF410212046FDF740FF06AB009304
:10FE000001231A46AD49204614268DF81860FCF7E8
:10FE100047FBAB494FF460236FF47F022046FDF7A8
:10FE200081F8A84BA84AA9492046FDF77BF82F0284
:10FE30004FF080634FF0FF324FF4E0212046FDF792
:10FE400071F8A3493B461F222046FDF76BF84FF49B
:10FE50008053A0494FF0FF322046FDF763F8904AE7
:10FE60004FF4E0212046FDF709FF504606F012FC52
:10FE70000026BBF1000F2BD1DBE001356D08013D01
:10FE80002F023B0E94F87C00934A8DF81F304FF000
:10FE9000000C390C41F2D23306928DF81CC08DF85B
:10FEA0001D508DF81E10ADF81430002840F0AD80C4
:10FEB000206806ABD0F80480082205A90220C047BC
:10FEC00001365046F6B206F0E5FBB34500F0B180CE
:10FED000236843F25202ADF81820D3F8008006A937
:10FEE0000DF1130301220220C04794F87C1002296F
:10FEF0006DD023689DF813804FF24E02ADF81820A4
:10FF0000D3F8009006A90DF1130301220220C8477F
:10FF100094F87C1002293ED09DF8133003F00302C0
:10FF2000032A07D05A07A8D49B07AAD46D0001352D
:10FF30002F02A6E708F04608B8F1460FF2D106AB4B
:10FF4000664A009306922046654904230022FCF786
:10FF500001FB204663494FF480036FF40002FCF775
:10FF6000E1FF002320465F496FF48002FCF7DAFFCF
:10FF700020464D490022FDF781FE204600224FF425
:10FF8000E021FDF77BFE129B00201E70C4F8A050FC
:10FF900009B0BDE8F08F002206A805F05DFC012144
:10FFA00002460DF1130005F057FC05AB00938146A6
:10FFB0000123002218212046FCF720FB9DF8143075
:10FFC0009945A9D0236A002BA6D09847A4E7002220
:10FFD00006A805F041FC012102460DF1130005F0D1
:10FFE0003BFC05AB009380460123002218212046EC
:10FFF000FCF704FB9DF8143098453FF47AAF236A70
:020000023000CC
:10000000002B3FF476AF984773E76246022105A8BC
:1000100005F022FC0821024606A805F01DFC226816
:100020000090D2F8088006AB05A908220220C0473C
:1000300046E76FF0010009B0BDE8F08F06AB009312
:100040002046274901230022FCF7D8FA9DF81860C2
:10005000234906AB009320460123002246F0030704
:100060008DF81870FCF71CFA20461F4A1D494FF402
:100070000003FCF757FF20461A4900236FF40002E3
:10008000FCF750FF06AB009315498DF8186001236B
:1000900000222046FCF704FAA4E600BF480007004F
:1000A00000C00204FF3FFAFB040007001400010037
:1000B00030000F003411071C1C000700500007001F
:1000C00018000700FC00080000FEF7FF0800090008
:1000D0000400090010000900FF00C0FFFFFF02003C
:1000E0000400110008001100FFFE7FFF6666863FD6
:1000F0000221FFF781FB000286B201212046FFF7B3
:100100007BFB330A07EE903A94F86F301FED096AD3
:10011000B8EE677A07EE903AF8EE677AF3EE066A81
:1001200077EE677A67EE867A77EEA67AFDEEE77A63
:10013000CDED037A9DF90C3029E6C3F30342023A70
:1001400023F4702322EAE272034943EA0242204682
:10015000FDF794FD22E600BF400007002DE9F041C5
:10016000012984B0044677D003AF022340F2022174
:100170001D460022ADF80C1000974FF43021FCF71B
:100180008FF92B4600224FF4302120460097ADF81E
:100190000C50FCF785F940F2F3322B46ADF80C20F9
:1001A000009700224FF430212046FCF779F940F205
:1001B000F31294F87C30ADF808209622ADF80C20AC
:1001C000002B35D1236802AED3F804802A4633468B
:1001D00039460120C0474FF4417102230022ADF897
:1001E0000C1020464FF430210097FCF759F94FF4DA
:1001F00082720223ADF80C20009700224FF43021C8
:100200002046FCF74DF94FF4007294F87C30ADF8BD
:1002100008209622ADF80C20002B7DD122683346B1
:100220005468394602220120A04704B0BDE8F0819D
:1002300000220121384605F00FFB02AE0246294696
:10024000304605F009FB009023682A4639469D6830
:1002500001203346A847BEE703AD1822ADF80C20B5
:100260003849009502230022FCF71AF9022340F2D4
:1002700002211E46ADF80C102046009500224FF4D6
:100280003021FCF70DF933462046009500224FF44B
:100290003021ADF80C60FCF703F940F2F33233463D
:1002A000ADF80C202046009500224FF43021FCF7D9
:1002B000F7F840F2F3123346ADF80C2020460095D3
:1002C00000224FF43021FCF7EBF840F201323346C4
:1002D000ADF80C202046009500224FF43021FCF7A9
:1002E000DFF840F201123346ADF80C2020460095AD
:1002F00000224FF43021FCF7D3F84FF4007700953B
:10030000334600224FF430212046ADF80C70FCF744
:10031000C7F804B0BDE8F08101213846002205F09D
:100320009BFA02210246304605F096FA23680090B7
:100330009C680222334639460120A04704B0BDE83C
:10034000F08100BF08000B00F0B5044685B0002125
:10035000FFF704FF94F86C3003AD9BB902AE142292
:1003600094F87C308DF8082044F2CF42ADF80C2090
:1003700073BB226833465468294601220220A047F5
:1003800005B0F0BD264A27490392042300220095B8
:100390002046FCF7DFF8E02294F86C108DF80C2072
:1003A00094F87C308DF80E10FF228DF80D2047F662
:1003B000E26100228DF80F20ADF80810E3B9236840
:1003C00002AE5F6804222B4631460220B847C6E7DA
:1003D00002212846002205F03FFA0121024630465C
:1003E00005F03AFA236800909C68012233462946BA
:1003F0000220A04705B0F0BD02AE0221304605F054
:100400002BFA04210246284605F026FA23680090BC
:100410009F6804222B4631460220B8479FE700BF61
:10042000FFFF800108000B00F0B590F87630012B3B
:1004300085B004460D463BD0032B49D190F87C3063
:10044000F02149F2C2028DF80B10ADF80C20002B00
:1004500044D1036803AE5F6801220DF10B033146FE
:100460000220B8470096022300224FF4F0112046E4
:10047000FCF7C4F89DF80D009DF80C302A7803EBCA
:1004800000239BB219044CBF42F0010202F0FE02AD
:100490002A7094F873202AB903F07F00A4F886002C
:1004A00005B0F0BDC3F30900A4F8860005B0F0BDA7
:1004B0000F2203AE14498DF80C2000960022FBF7A2
:1004C000EFFF0096022300224FF4C0112046CFE731
:1004D00003AB0093002202234C21C9E703AE0022A4
:1004E0000221304605F0B8F9012102460DF10B005A
:1004F00005F0B2F9009022680DF10B0397683146C0
:1005000001220220B847ADE7240001002DE9F04F99
:1005100085B00DF10C080446012300224FF4F811B8
:10052000CDF80080FCF76AF804230022442120461D
:10053000CDF800809DF80C70FCF760F89DF80F5026
:100540009DF80E3003EB05239DF80D5005EB0323BA
:100550009DF80C5005EB032525F001063246442199
:100560002046FDF78BFB94F87D30C4F88C4003F0F7
:1005700003030022032BC4F8806084F88820C4F8A9
:10058000842004F1800900F0EF8005F4005B07F09F
:10059000080A6B0544BF042384F88830380600F14C
:1005A0001581FA0708D594F8A830072B40F0C880C9
:1005B000E3680BB1484698477B0603D5636A0BB1E5
:1005C0004846984715F400457CD094F83C5015F007
:1005D000010577D0BBF1000F40F03381BAF1000F75
:1005E00040F051810025002384F8883004F188010F
:1005F0002046FFF719FF94F87630B0FA80FA4FEAF8
:100600005A1A002B6CD0A249CDF800800123002299
:100610002046FBF7F3FF94F876209DF80C30032A70
:1006200008BF1B09D80748BF46F48046990748BF52
:1006300046F400565A0753D546F4806316F4802FCB
:10064000C4F880301E4600F0F08094F88830F10045
:1006500043F0080384F888304BD4BAF1000F51D12D
:10066000B20406D594F87D3003F00303032B00F0A9
:10067000FB8006F4804656EA050304D004F18801A5
:100680002046FFF7D1FEB4F88630002B76D02369E0
:100690000BB14846984794F87630002B40F087809D
:1006A000002384F88830BAF1000F3FD0BB0606D58E
:1006B00063690BB148469847002384F8883005B039
:1006C000BDE8F08FBBF1000F26D1BAF1000F2DD09D
:1006D000002584F88850AA4694F87630002B92D1F1
:1006E0007303C4F88060B0D4700500F19E80F100FF
:1006F000B3D594F8883043F0100384F88830BAF109
:10070000000FADD094F8883043F0020384F88830AD
:100710000023A4F88630BAE794F890B0BBF1010F3B
:1007200000F09580BAF1000F40F09580FD06BDD530
:10073000A3690BB148469847002384F88830B5E791
:100740004EF21F03ADF80C305249CDF80080022361
:1007500001222046FBF750FE072384F8A830E36807
:10076000002B7FF427AF27E715F4005B0EBF07F0DF
:10077000080A47F008074FF0080A0AE794F87D30A6
:1007800003F00303032B82D0D4F8803023F490438A
:1007900043F48053C4F88030A3690BB148469847AE
:1007A000002384F8883094F87630002BBED00023E4
:1007B00000931A4613212046FBF772FE94F8763018
:1007C000032B4DD0032384F8763069E702230022FF
:1007D00048212046CDF80080FBF710FF9DF80D2042
:1007E0009DF80C30CDF8008003EB02239BB2A4F8F7
:1007F00084308DF80C301B0A8DF80D300022022356
:1008000048212046FBF74CFE94F87C30A3B9B4F89D
:10081000843003F46063002B3FF4C3AEE369002B24
:100820003FF4BFAE48469847BBE694F8883043F0A3
:10083000040384F888305AE7D4F880305907EDD49F
:10084000E5E794F89050012D7FF4CCAECBE6BAF1F9
:10085000000F12D05D464FF0000A84F888A03BE7F5
:10086000012384F876301BE794F88830A4F886A03A
:1008700043F0020384F8883009E74FF0000A84F857
:1008800088A0012528E784F888B05D46AEE600BF61
:100890002400010010000900F0B511F0010290F8E9
:1008A0007C3087B00C4605462FD0EF2140F6DC1295
:1008B000ADF81010ADF81420002B59D12A6804AB04
:1008C00057680393022205AE31461046B847039B92
:1008D00085F87E40620824D195F87C1001244AF204
:1008E000C2008DF81040ADF81400002957D12A68D5
:1008F0003146576802202246B84795F87E3043F0CB
:10090000020385F87E3007B0F0BD41F2FF01ADF87B
:10091000101040F6DC11ADF81410002BCED005AE4F
:1009200028E095F87C108DF810204AF2C200ADF84E
:10093000140039B92A683146546802200122A047C0
:1009400007B0F0BD022130460022039304F084FF7B
:10095000039B02460121184604F07EFF2A6800909E
:100960009468039B012231460220A04707B0F0BDE6
:1009700005AE00220221304604F06EFF04AB0246B1
:1009800002211846039304F067FF00902A68039B36
:100990009768022231461046B847039B98E73046D5
:1009A0000221039304F058FF039B02462146184698
:1009B00004F052FF00902868039B22463146846869
:1009C0000220A04799E700BFF0B590F8A820072AB9
:1009D00085B004460D4613D155B325F00203013B03
:1009E0000F2B09D8DFE803F0680808710808087AB7
:1009F000080808080808082E4FF0FF3005B0F0BDC1
:100A000090F87C304EF21F0144F2D252ADF808103B
:100A1000ADF80C20002B7ED1036802225E6803A98A
:100A200002AB1046B047072384F8A830002DD4D17C
:100A3000204600952B462A460221FBF731FD284629
:100A400005B0F0BD2C212046FBF736FE03AE012396
:100A50001A463B49009607462046FBF7CFFD9DF816
:100A60000C202C21BA1A2046FDF708F90023009328
:100A70001A4606212046FBF713FD20460096012367
:100A800003224421FBF7BAFD9DF80C0010F008008A
:100A9000B4D0002300931A4619462046FBF700FD08
:100AA00015F00203A8D1204600931A460221FBF755
:100AB000F7FC4FF0FF30A1E7002300931A46042112
:100AC0002046FBF7EDFC03AED7E7002300931A4660
:100AD0000A212046FBF7E4FC03AECEE72C2120469A
:100AE000FBF7EAFD03AE01231A46074600962046AF
:100AF0004FF46021FBF782FD9DF80C202046BA1AC6
:100B00002C21FDF7BBF8002300931A46082120464C
:100B1000FBF7C6FCB1E703AE00220221304604F029
:100B20009BFE0221024602A804F096FE0090226875
:100B300031469668022202AB1046B04773E700BF09
:100B400004000100F0B587B041F62202ADF8142090
:100B500005AA0446022300920D460022A149FBF794
:100B60009FFCA1494FF008234FF0FF322046FCF7CD
:100B7000D9F99D494FF060134FF0FF322046FCF742
:100B8000D1F9F921ADF8141005A902230122009131
:100B900020469649FBF730FC954B4FF0FF324FF45F
:100BA000E0212046FCF7BEF9914B92494FF0FF320D
:100BB0002046FCF7B7F9C5F30B0194F87C308DF8AB
:100BC0001010080A47F2D0028DF81100ADF8142079
:100BD000002B40F0A880236804AE02225D6805A9BE
:100BE00033461046A84740F2FF3294F87C30ADF807
:100BF000102044F2D012ADF81420002B40F0DF801A
:100C0000226855680222334605A91046A84744F2D7
:100C1000500704E09DF80F2012F001022CD020684C
:100C2000ADF81470056805A90DF10F03012202202B
:100C3000A84794F87C100229ECD1002205A804F002
:100C40000BFE012102460DF10F0004F005FE012309
:100C500005460022182120460096FBF7CFFC9DF8A0
:100C600010309D42D6D0236A002BD3D098479DF8F0
:100C70000F2012F00102D2D141F2CE03ADF81030B4
:100C800094F87C300592002B40F08780226805ABF9
:100C90005568314604220220A847002505AB009381
:100CA0005149059504232A462046FBF7F9FB8E237C
:100CB000ADF8103094F87C300595002B5AD122689D
:100CC00005AB5568314604220120A84740F2FF6277
:100CD00094F87C30ADF8102042F2E252ADF81420C6
:100CE000002B34D1236802225D6805A933461046E3
:100CF000A8474FF40070ADF8140005A800903949DA
:100D0000204602230022FBF7CBFB05AB20460093D5
:100D1000394901230022FBF771FC9DF8140000F013
:100D20003F0007B0F0BD0022022105A804F094FDA9
:100D300004AE02460221304604F08EFD2368009086
:100D400002229D6805A933461046A8474BE70221B9
:100D500005A8002204F080FD02210246304604F07E
:100D60007BFD2368009002229D6805A9334610464A
:100D7000A847BEE72A460121304604F06DFD042154
:100D8000024605A804F068FD236800909D680422CF
:100D900005AB31460120A84798E70221304604F010
:100DA0005BFD0421024605A804F056FD236800906F
:100DB0009D68042205AB31460220A8476DE7022159
:100DC00005A8002204F048FD02210246304604F046
:100DD00043FD2368009002229D6805A93346104612
:100DE000A84714E70400110048000700080011009C
:100DF000003C0002040007001C0007002DE9F04140
:100E00000D46B1F8051084B00446A9B92A7890F8C7
:100E10007C308DF8082047F2CE02ADF80C20002B74
:100E200041D1036802AE03AFD3F8048001223346F8
:100E300039460220C04703E0FFF784FE03AF02AE4D
:100E4000D5F801308DF80C301A0A8DF80D201A0CE7
:100E50008DF80E2094F87C201B0E43F2C201ADF8F1
:100E600008108DF80F304AB922683B465468314665
:100E700004220220A04704B0BDE8F08102213046E0
:100E8000002204F0E9FC04210246384604F0E4FCA8
:100E9000236800909C6804223B4631460220A0470C
:100EA00004B0BDE8F08103AF0A463846022104F0E1
:100EB000D3FC02AE02460121304604F0CDFC009086
:100EC00023680122D3F80880394633460220C04700
:100ED000B6E700BF2DE9F04F05298BB0044600F0BE
:100EE000EB807D21A5233E250591B521CDE9035356
:100EF0004FF0FE0B36234FF0AF0A07910221069305
:100F00005A46A8234FF0AC09D04602918DF82530FF
:100F1000029B8DF8263094F87C308DF824204EF218
:100F2000C60100228DF82720ADF82010002B40F0DC
:100F30004B8123685B6809AD08AE1F4604222B462F
:100F400031460220B847069B8DF82430029B8DF86D
:100F5000263094F87C308DF8259000224FF2C6019F
:100F60008DF82720ADF82010002B40F01A8123685F
:100F70000422D3F8049031462B460220C847049B34
:100F80008DF82530029B8DF8263094F87C308DF852
:100F900024B00022C7218DF82720ADF82010002BA7
:100FA00040F0EC8023680422D3F8049031462B46AD
:100FB0000220C847039B8DF82430029B8DF8263011
:100FC00094F87C308DF825A0002241F2C7018DF8FD
:100FD0002720ADF82010002B40F0BD8023680422AC
:100FE000D3F8049031462B460220C847059B8DF864
:100FF0002430029B8DF8263094F87C308DF82580C3
:10100000002242F2C7018DF82720ADF82010002BF6
:1010100040F08E8023680422D3F8049031462B469A
:101020000220C847029B8DF82630B52294F87C3008
:101030008DF8242043F2C70100228DF825808DF819
:101040002720ADF82010002B5FD123680422D3F8AD
:10105000049031462B460220C847079B8DF8243068
:10106000029B8DF8263094F87C308DF82580002284
:1010700044F2C7018DF82720ADF82010002B32D1A3
:1010800022682B465768314604220220B847594847
:10109000099059490095204604230022FBF700FAE5
:1010A000564E574900950423002220460996FBF727
:1010B000F7F90BB0BDE8F08F7E21C623CDE903130D
:1010C00036210591F5213E230791012106934FF02A
:1010D000BE0B4FF0C70AFD22C0234FF0C4094FF0EA
:1010E000CF08029112E70221304604F0B5FB04213B
:1010F0000246284604F0B0FB236800909F68314602
:101100002B4604220220B847C1E70221304604F0F2
:10111000A3FB04210246284604F09EFB00902368AE
:101120000422D3F8089031462B460220C84794E7A2
:101130000221304604F090FB04210246284604F0C8
:101140008BFB009023680422D3F8089031462B468D
:101150000220C84766E70221304604F07DFB0421E7
:101160000246284604F078FB009023680422D3F856
:10117000089031462B460220C84737E70221304607
:1011800004F06AFB04210246284604F065FB009047
:1011900023680422D3F8089031462B460220C84722
:1011A00008E70221304604F057FB04210246284696
:1011B00004F052FB009023680422D3F808903146D3
:1011C0002B460220C847DAE608AE0221304604F07A
:1011D00043FB09AD02460421284604F03DFB009084
:1011E00023689B6804221F4631462B460220B847DD
:1011F000A9E600BF400200101C00030089A46D1B7B
:1012000020000300F0B587B041F62202ADF81420AB
:1012100005AA0446022300920D460022A449FBF7CA
:101220003FF9A4494FF008234FF0FF322046FBF767
:1012300079FEA0494FF060134FF0FF322046FBF7D4
:1012400071FEF921ADF8141005A9022301220091C5
:1012500020469949FBF7D0F8984B4FF0FF324FF4F6
:10126000E0212046FBF75EFE944B95494FF0FF329C
:101270002046FBF757FE94F87C3005F03F0547F217
:10128000CE028DF81050ADF81420002B40F0AD8048
:10129000236804AE5D680122334605A90220A847F1
:1012A00040F2FF1294F87C30ADF8102044F2D012D6
:1012B000ADF81420002B40F0E78022685568022228
:1012C000334605A91046A84744F2500704E09DF8AC
:1012D0000F2012F001052CD02068ADF814700568BD
:1012E00005A90DF10F0301220220A84794F87C10F4
:1012F0000229ECD1002205A804F0AEFA0121024631
:101300000DF10F0004F0A8FA012305460022182170
:1013100020460096FBF772F99DF810309D42D6D01A
:10132000236A002BD3D098479DF80F2012F00105B7
:10133000D2D105AA6349009202232A462046FBF730
:101340005DF99DF815309DF814705D49059505AA65
:10135000009207EB03272A4604232046FBF7A0F858
:1013600094F87C30059542F2CF02C7F30B07ADF835
:101370001020002B75D1236804225D68314605AB2F
:101380000220A847002505AB00932A4604234FF40A
:10139000E02120460595FBF783F840F2FF6294F8C0
:1013A0007C30ADF8102042F2E252ADF81420002B50
:1013B00044D1236802225D6805A933461046A84738
:1013C0004FF40073ADF8103041F2E203ADF8143081
:1013D00094F87C30EBB9236802225C6805A9334697
:1013E0001046A047384607B0F0BD0022022105A8EC
:1013F00004F032FA04AE02460121304604F02CFA21
:10140000236800909D680122334605A90220A84761
:1014100046E70022022105A804F01EFA0221024636
:10142000304604F019FA2368009002229C6805A94E
:1014300033461046A047384607B0F0BD2A46022181
:1014400005A804F009FA02210246304604F004FA25
:101450000090236802229D6805A933461046A847DC
:10146000AEE72A460221304604F0F6F9042102468E
:1014700005A804F0F1F90090236804229D68314624
:1014800005AB0220A8477DE7022105A8002204F051
:10149000E3F902210246304604F0DEF923680090A9
:1014A00002229D6805A933461046A8470CE700BFF5
:1014B000040011004800070008001100003C000271
:1014C00004000700140008002DE9F0431C4690F8C2
:1014D0007630032B04EB020316460F460BBF132294
:1014E00012224FF498114FF49011B3F5806F85B02C
:1014F00006DA7F2C07D8009733462246FBF77EF8A2
:1015000005B0BDE8F0834FF0000805460DF10C0969
:101510008DF80C20042342461F49CDF800908DF829
:101520000D808DF80E808DF80F80FAF7B9FF95F8D1
:101530007C308DF80C4042F2FE02240A8DF80D40FA
:101540008DF80E808DF80F80ADF808208BB92A68D1
:101550004B46546802A904220220A0470097334654
:1015600000224FF4E8112846FBF748F805B0BDE823
:10157000F0834246022102A804F06EF904210246DB
:10158000484604F069F900902A684B46946802A91D
:1015900004220220A047E1E704001F0070B57F2A63
:1015A00086B004461ED841EAC32343EA0241314AC9
:1015B00090F87C300492080CADF81410002249F227
:1015C000C0318DF816008DF81720ADF80C10002BE7
:1015D0003DD1226804AB546803A908220220A04729
:1015E00006B070BD803241EAC32190F87C302148BA
:1015F00041EA024149F2C032CDE90401ADF80C20C4
:101600008BB9236804AD5E6808222B4603A902202B
:10161000B0470095012300224FF400212046FAF73D
:10162000EDFF06B070BD0022022103A804F014F9FA
:1016300004AD02460821284604F00EF92368009004
:101640009E6803A92B4608220220B047E1E7022149
:1016500003A804F001F90821024604A804F0FCF8EC
:10166000236800909C68082204AB03A90220A047CD
:1016700006B070BD00F400FC2DE9F04F2DED028B9B
:1016800089B004460D4608EE102AC14903934FF075
:101690001A12FCF7F3FABF4BBF4AC0492046FBF7CA
:1016A00041FC40F2FF13ADF8143045F2C213ADF81F
:1016B000183094F87C30A846002B40F05281236803
:1016C0000DF1140906AF02225E6839464B461046FA
:1016D000B0470123B249009702222046FAF78EFF55
:1016E0009DF81830032B00F07981AE4AAE492046B0
:1016F000FCF7C4FA41F63C724FF410212046FCF787
:10170000BDFA01231A46A9490097204614268DF8F0
:101710001860FAF7C5FEA6494FF460236FF47F0204
:101720002046FBF7FFFBA34BA34AA4492046FBF747
:10173000F9FB4FF080634FF0FF324FF4E021204679
:10174000FBF7F0FBEB0403F0807305F01F051D436E
:101750009B4A9C492B462046FBF7E4FB4FF4805301
:1017600099494FF0FF322046FBF7DCFB894A4FF4E2
:10177000E0212046FCF782FA18EE100A04F08AFFF6
:10178000039B0026002B3DD1E4E09DF8133003F0CD
:101790000B020B2A7BD05A075ABF6FEAD30303F020
:1017A00001034FF0FF3398444FEAC84505F08073BA
:1017B00008F01F051D43290E94F87C3083488DF8EE
:1017C0001F10002241F2D23106908DF81C508DF886
:1017D0001D208DF81E20ADF81410002B40F0A780BE
:1017E00021683B46D1F804A0082249460220D04790
:1017F00018EE100A04F04EFF0136039BF6B2B34216
:1018000000F0A880236843F25202ADF81820D3F804
:1018100000A039460DF1130301220220D04794F8AD
:101820007C10022966D023689DF813A04FF24E0267
:10183000ADF81820D3F800B039460DF1130301229A
:101840000220D84794F87C1002299ED10022384605
:1018500004F002F8012102460DF1130003F0FCFF31
:1018600001238346CDF80090002218212046FAF784
:10187000C5FE9DF814309B4587D0236A002B84D089
:1018800098479DF8133003F00B020B2A83D10AF01E
:10189000460ABAF1460F7FF47EAF4D4A06922046C3
:1018A0004C49009704230022FAF754FE20464A4987
:1018B0004FF480036FF40002FBF734FB0023204653
:1018C00045496FF48002FBF72DFB20463349002287
:1018D000FCF7D4F9204600224FF4E021FCF7CEF9C2
:1018E000149B00201E70C4F8A45009B0BDEC028BFC
:1018F000BDE8F08F0022384603F0AEFF012102461A
:101900000DF1130003F0A8FF01238246CDF80090EB
:10191000002218212046FAF771FE9DF814309A45EE
:1019200081D0236A002B3FF47EAF98477BE70221EA
:10193000484603F091FF08210246384603F08CFF29
:1019400022680090D2F808A03B46082249460220AF
:10195000D0474DE76FF0010009B0BDEC028BBDE848
:10196000F08F06AF00220221384603F075FF0DF11B
:10197000140902460221484603F06EFF00902368D6
:1019800002229E6839464B461046B047A1E600BF8A
:101990004800070000C00504FF3FFDFB04000700EE
:1019A00030000F003400011C1C000700500007002D
:1019B00018000700FC00080000FEF7FF08000900FF
:1019C00000FF3F000400090010000900E0FFFFFED7
:1019D000FFFF020004001100080011002046154915
:1019E000009701230022FAF709FE9DF818601149BB
:1019F000009746F0030C2046012300228DF818C002
:101A0000FAF74EFD20460C4A0C494FF40003FBF751
:101A100089FA2046094900236FF40002FBF782FA95
:101A2000044900970123002220468DF81860FAF738
:101A300037FD5AE604001100FFFE7FFF0800110089
:101A4000F0B585B003AB0E461746BC4900930022A3
:101A500004230446FAF7D2FD9DF80F509DF80E308E
:101A6000B64903EB05239DF80D5005EB03239DF8C4
:101A70000C504FF0FF32204605EB03254FF4704326
:101A8000FBF750FA03AB4FF0180C0022AC4900935F
:101A900020460223ADF80CC0FAF702FD25212046AE
:101AA000FBF7D4FC02212046FBF7D0FC4FF4FE717B
:101AB0002046FBF7CBFCF9B241F480712046FBF7DE
:101AC000C5FC4FF480712046FBF7C0FC0021204686
:101AD000FBF7BCFC02212046FBF7B8FC4FF4E07199
:101AE0002046FBF7B3FCF1B241F480712046FBF7CE
:101AF000ADFCC6F3072141F480712046FBF7A6FC3C
:101B0000C6F3074141F480712046FBF79FFC310E7C
:101B100041F480712046FBF799FC00212046FBF739
:101B200095FC3A212046FBF791FC40F2FF1120463C
:101B3000FBF78CFC4FF485712046FBF787FC0021F6
:101B40002046FBF783FC3A212046FBF77FFC40F25E
:101B500001112046FBF77AFC9623ADF80C3094F87F
:101B60007C300227ADF80870002B75D1236802AED7
:101B70003A4603A95F6801203346B84794F87C30A1
:101B800000229621ADF80820ADF80C10002B40F093
:101B9000C280236802225F6803A933460120B84748
:101BA000022004F075FD3A212046FBF74FFC4FF46C
:101BB00081712046FBF74AFC94F87C30022796227C
:101BC000ADF80870ADF80C20002B40F09180236830
:101BD0003A4603A95F6801203346B84794F87C3041
:101BE00000229621ADF80820ADF80C10002B6DD125
:101BF000236802225F6803A933460120B84794F89E
:101C00007C30002242F2D601ADF80820ADF80C106D
:101C1000002B49D1236802225F6803A9334610468E
:101C2000B8472B0A8DF80D302B0C8DF80E3094F838
:101C30007C308DF80C5041F2CF022D0EADF808200B
:101C40008DF80F50E3B9226803AB54683146042283
:101C50000220A04705B0F0BD0022012103A803F037
:101C6000FBFD02AE02463946304603F0F5FD00901A
:101C700023683A4603A99F6801203346B8477DE7A9
:101C800002213046002203F0E7FD0421024603A8AA
:101C900003F0E2FD236800909C68042203AB314608
:101CA0000220A04705B0F0BD022103A803F0D4FD37
:101CB00002210246304603F0CFFD00902368022245
:101CC0009F6803A933461046B847AAE7012103A835
:101CD00003F0C2FD02210246304603F0BDFD009034
:101CE000236802229F6803A933460120B84786E78C
:101CF00003A80022012103F0AFFD39460246304619
:101D000003F0AAFD009023683A4603A99F680120CA
:101D10003346B84762E7012103A803F09DFD022185
:101D20000246304603F098FD0090236802229F6827
:101D300003A933460120B84732E700BF440007003B
:101D400008000B002DE9F04786B004AD0123009593
:101D50000E460222B4490446FAF750FC9DF81030B2
:101D6000032B00F25E8194F87720B24200F0F780F6
:101D7000032B00F0478101230022AC490095204647
:101D8000FAF73CFC9DF81030092E03F0FE024FF0EC
:101D9000010300F0FF80A5498DF8102020460022A5
:101DA0000095FAF77DFBA24AA2492046FBF766FFA1
:101DB00041F63C720223ADF81020009500224FF44A
:101DC00010212046FAF76CFB94F87730B34240F0CC
:101DD000A980012314228DF81020974900951A46F6
:101DE0002046FAF75DFB0E2294F87C308DF80C202B
:101DF00046F6CE02ADF81020002B40F0EE802368AE
:101E000003AFD3F8048001223B4629460220C04795
:101E100081238DF810308949009501230022204646
:101E2000FAF73EFB4FF0020841F6397901212046CE
:101E3000FBF7C6F8002800F0F28002212046FBF7ED
:101E4000BFF8092E61D094F87C30ADF80C90922246
:101E5000ADF81020002B40F0898023680222D3F8CF
:101E600004A029463B460120D0474FF400224FF002
:101E7000FF3194F87C30CDE9041242F2D232ADF851
:101E80000C204BBB23680822D3F804A039462B460C
:101E90000220D047B8F1010F34D102212046FBF7D0
:101EA0008FF80022092E8DF8102000F0B08094F9F0
:101EB00070300193D4F8A010009514232046FDF74C
:101EC00059FF002800F0AB806FF00100002684F875
:101ED000776006B0BDE8F08702210022384603F0A3
:101EE000BBFC08210246284603F0B6FC009023689C
:101EF0000822D3F808A039462B460220D047B8F173
:101F0000010FCAD04FF0010890E740F63973ADF8E1
:101F100010300095022300224FF410212046FAF7DA
:101F2000BFFAA2E701230222454900952046FAF7AD
:101F300065FB9DF8102002F00F0203320F2A4FF0CC
:101F4000F00328BF0F228DF8103002238DF81120E6
:101F50003B4900951A462046FAF74EFA39E7032B1B
:101F60007FF409AF002006B0BDE8F08701212846C4
:101F7000002203F071FC02210246384603F06CFC9B
:101F8000009023680222D3F808A029463B4601208E
:101F9000D0476AE71A4325498DF8102020460022D1
:101FA0000095FAF77DFA274A22492046FBF766FE9C
:101FB00040F63C720223ADF81020009500224FF449
:101FC00010212046FAF76CFA94F87730092B3FF489
:101FD00000AF94F89A20F023B5E7002202212846AA
:101FE00003F03AFC03AF02460121384603F034FC0B
:101FF000009023680122D3F8088029463B4602203E
:10200000C04705E702212046FAF7DAFFB3E6D4F825
:10201000A410009514232046FFF72EFB51E7002063
:1020200055E76FF0080054E730000F00140001007E
:102030003411071C1C0007005000070008000900AD
:10204000400007003400011C2DE9F04184B090F8F5
:102050007C307749039143F2C8020446ADF808206A
:10206000002B60D1036803AE02AF5D6804223346E3
:1020700039460220A84741F2FF0294F87C30ADF8BF
:10208000082043F2C812ADF80C20002B40F0AF80BE
:102090002268556802223B4631461046A847DFF8C1
:1020A000A0810325142004F0F5FA012300220096F4
:1020B00041462046FAF7A2FA9DF80C20012A05F1C4
:1020C000FF3300F0B38013F0FF05EBD16FF0020592
:1020D00094F87C30002243F2C8018DF80820ADF856
:1020E0000C10002B70D123680122D3F804803146F4
:1020F0003B460220C04794F87C304FF0010848F27C
:10210000C8028DF80880ADF80C20002B49D1216859
:102110003B4642464F6802203146B847C5B1284683
:1021200004B0BDE8F08102AF00220221384603F07E
:1021300093FB03AE02460421304603F08DFB236877
:1021400000909D680422334639460220A84792E752
:10215000022340F2FF111A46ADF80C102046354913
:102160000096FAF749F92A46334900960423204697
:10217000FAF744FA9DF80F009DF80E109DF80D2017
:102180009DF80C3001EB002102EB012203EB02234E
:102190006FF06045AB423DD16FF0030004B0BDE885
:1021A000F08130460022022103F056FB41460246F0
:1021B000384603F051FB009021683B4642468F6849
:1021C00002203146B847A9E70221304603F044FB1C
:1021D00001210246384603F03FFB009023680122AC
:1021E000D3F8088031463B460220C04783E70221EE
:1021F0003046002203F030FB02210246384603F04D
:102200002BFB2368009002229D6831463B46104616
:10221000A84744E709492046FAF74EFAA84214BFF6
:1022200000206FF0040004B0BDE8F08100254FE706
:10223000010002000C000400140004001C00040053
:102240002000040070B5012984B0044608D0142091
:1022500004F020FA204604B0BDE87040FFF7F4BE59
:1022600003AE1849009602230022FAF7C7F99DF839
:102270000D209DF80C501349009605EB0225124ADB
:102280000392042300222046FAF764F9142004F094
:1022900001FA2046FFF7D8FEADB20246290A2046D1
:1022A0008DF80D10144607490096002204238DF87E
:1022B0000C508DF80E208DF80F20FAF74BF92046C0
:1022C00004B070BD48000700FFFF05012DE9F04F85
:1022D0004C0785B0054640F1C180080740F1B38046
:1022E0004FF00108C24603AE009602230022A64921
:1022F00095F89C402846FAF781F99DF80D209DF845
:102300000C3003EB0223DA079FB240F1C2804FF09A
:102310000909CB4684B1012C40F0338140F6F70324
:10232000ADF80C300096022303224FF4E02128463A
:10233000FAF762F885F89C40012394490096002240
:102340002846FAF75BF99DF80C309B0740F198801E
:102350000123009602223C212846FAF74FF99DF806
:102360000C30DB0900F0C28002237F211A46284688
:10237000ADF80C1000963C21FAF73EF802212846F1
:10238000FAF71EFE01212846FAF71AFE80238DF87F
:102390000C30022201234421009604462846FAF715
:1023A0007FF848F2FF020223ADF80C2000961A468F
:1023B0003C212846FAF720F8002C5DD174491822F8
:1023C0002846FBF75BFC7349E8222846FBF756FCDE
:1023D000B5F8783003F0E003602B00F0AD80A02B5F
:1023E00000F08E80202B00F09880BAF1000F04D00E
:1023F000694A6A492846FBF741FCB8F1000F00F032
:10240000998095F87E200096520861D08DF80C20B6
:102410006349012300222846FAF742F8C7F3C407AC
:10242000093F0F2F08D895F86D30012B00F09180EF
:1024300049462846FEF74EFD0121284605B0BDE875
:10244000F04FFFF7FFBE01F00C01A1F10C0ABAFA40
:102450008AFA4FEA5A1A4FF0010844E701F00C03D8
:10246000A3F10C08B8FA88F811F008044FEA5818DC
:102470000CD10C2B3FF434AF204605B0BDE8F08FF3
:1024800001212846FAF79CFD044695E74FF0010A22
:1024900029E744490096012302222846FAF7AEF8BC
:1024A0009DF80C303F49009603F00F0303330F2BC8
:1024B00028BF0F238DF80D30F02202238DF80C2059
:1024C00028461A464FF00509F9F796FFCB4621E753
:1024D000012333498DF80C302846F9F7E1FF95F8D0
:1024E0007E3043F0020385F87E3097E702212846CC
:1024F000FAF766FD01212846FAF762FD04465BE71C
:1025000029494FF4A0536FF4C0522846FAF70AFD48
:10251000BAF1000F7FF46CAF6FE723494FF480638B
:102520006FF4C0522846FAF7FDFCBAF1000F7FF4B1
:102530005FAF62E744469FE71B494FF440636FF487
:10254000C0522846FAF7EEFCBAF1000F7FF450AF04
:1025500053E7BBF1050F0CD0BBF1090F7FF46CAF53
:1025600011494FF401536FF400522846FAF7DAFC90
:1025700062E70D4940236FF400522846FAF7D2FC77
:102580005AE74FF0FF3477E7140001000C00090010
:102590000C001F0010001F0067070E041800070042
:1025A000280001004000070008000B002DE9F0475B
:1025B0004B7991F800A0182B86B00D46044600F226
:1025C000618191F80480B8F1180F94BF4FF00008B2
:1025D0004FF00108B4F878302A7AB5F8017084F821
:1025E000732023F0E003A4F87830012AC14B6A7B02
:1025F00002FB03334FEAD333A4F87A302B7B84F801
:102600007D304FF0020120460CBF4FF010094FF013
:102610000009FDF7F1F8000286B201212046FDF71E
:10262000EBF8330A07EE903A94F86F309FEDB26AF8
:10263000B8EE677A07EE903AF8EE677AF3EE066A3C
:1026400077EE677A013767EE867AFF0077EEA67A33
:10265000BFB2FDEEE77ACDED037A9DF90C3084F838
:102660007030002B94F87130C0F2F380002B40F0F2
:1026700014812B7B6A7A1B03520102F0200203F4BF
:1026800030431343AA7B43EA024343EA0903102180
:102690009A4A2046FAF746FC6B7B84F89230A97B75
:1026A00084F89110B8F1000F40F0448194F87D2037
:1026B000002A40F00081B844B8F1FF0FB4F8783038
:1026C00000F3E58043F0A003A4F878308C4B8D49EB
:1026D000059305AE0423002220460096F9F73AFF41
:1026E000894A8A4994232046FAF71CFC0096EB7825
:1026F0008DF815304FF0FC0C022300224FF4C0215E
:1027000020468DF814C0F9F777FE00966A7B8DF8A5
:102710001420012300224FF400312046F9F7C0FEB7
:102720007B4A7C492046FBF7A9FA7B4900960423A3
:1027300000222046F9F762FF9DF817209DF8160049
:102740006B79297900EB02201B029DF81520C90046
:10275000C9B203F4F85302EB00200B439DF8142098
:10276000A97902EB0022490001F0060122F4FF5290
:102770000B4322F01E02684920461A43FBF77EFAFB
:10278000B5F801102046FCF7C3F8002840F0AE80F1
:10279000EB796FF480629B0224212046FAF7C2FB9A
:1027A0006B89002B00F0ED80DAB21B0A8DF8153032
:1027B00002238DF814204FF4C0211A4620460096BB
:1027C000F9F76EFE4EF204135449ADF8143020466A
:1027D000022300960022F9F763FE072384F8A8304D
:1027E00051462046FFF7AEFA00287FD194F86D30AD
:1027F000012B00F0CE8051462046FEF76BFB484A85
:1028000094F87C30059246F2C622ADF81020002BD9
:1028100040F0D08022683346556804A90422022083
:10282000A847402F8CBF4FF000534FF0A0532046D5
:102830003C496FF07F42FAF775FB20463A493B4A24
:10284000FBF71CFA0121204606B0BDE8F047FFF770
:10285000F9BC002B3FF40DAF03F00F02022AC3F3C3
:10286000011312D9032B3FF404AF033A0133D2B260
:1028700042EA0312D1B284F872104FF4867002F06B
:10288000C3FFF6E64FF00108A4E60732F0E743F095
:102890002003A4F87830264B19E703F00F020D2A25
:1028A000C3F3011373D9032B3FF4E3AE0133083AAA
:1028B000DBB2D2B2DCE7013393FAA3F6B6FA86F6BE
:1028C0002046FAF72FFF731E1FFA83F808F104035E
:1028D0004FF0010808FA03F81FFA88F8B844B8F175
:1028E000FF0FB4F878307FF7EDAED0E706B0BDE863
:1028F000F08700BF686602006666863FCF4FFCFF28
:10290000FFE7001408000B0000FFFF3F16000E0059
:10291000CC355FAF0C000600140001001000090068
:10292000FF810064100006001800070067070E040E
:10293000FFE70004B4F878302C4943F06003A4F8B2
:1029400078306FF4C0524FF440632046FAF7EAFA49
:10295000274940F206322046FBF790F900224FF05B
:102960000E112046FBF78AF9224A23492046FBF73D
:1029700085F9224A22499D232046FAF7D3FA05AE6B
:10298000B4E66FF07E02AA72EB7281220EE7023289
:102990006EE7BAF1050F4FFA8AF31ED0092B7FF4C8
:1029A0002EAF12494FF401536FF400522046FAF74C
:1029B000B9FA24E70022022104A802F04DFF042105
:1029C0000246304602F048FF009022683346956880
:1029D00004A904220220A84723E7044940236FF4F6
:1029E00000522046FAF79EFA09E700BF08000B00E4
:1029F0000C000E000A5A0C0012000E0000FFFF3FF0
:102A000016000E002DE9F04F06468DB015461C4607
:102A1000B72900F2BA80DFE811F0BE00460841088D
:102A20004D08380878086908820815080708F10772
:102A3000E707DE07D507CC07C407BA07B507AC0719
:102A4000910783077D076B075B075507470741071A
:102A50003D07380731071307FF06EA061509E508A1
:102A6000DF08D408C908BB08AD08910884097609B5
:102A70003B0928094909440971064A061F0615063B
:102A80000F0605062E062406FC05D705CA05B9055E
:102A900097058C0582056F0552054005C30BB90BE0
:102AA000830B6F0B660B5C0B2F0B1D0B000BDB0AF4
:102AB000800A5E0A330A260AB309AA09D20CB80CA6
:102AC000920C460C400C2D0C130C0A0CE006D6069A
:102AD000AF06A606A4069B06890677060C0E030E13
:102AE000FA0DE70D660D600D4D0D420D9F0D950D14
:102AF000830D790DC40DBB0DDE0DA009380D250D1C
:102B0000110D070D2E0511050705FB04F504EB0457
:102B1000DC04BB04A10498048F047C04DC01C9011B
:102B2000BB01AD01A501930163011E0173023302D4
:102B30002102E4015D03A202D103CF00C403BF035D
:102B4000B800B800950366035604B800B800B80092
:102B5000B800B800B800B800B800B800B800B800B5
:102B6000B800B800B800B800B800B8004104B80018
:102B7000B800B8005A040F013504220445032903A4
:102B8000B8001904DC03E503C7004FF0FF35284601
:102B90000DB0BDE8F08F002C00F0CD801146F9F7A4
:102BA0008BFD00252060F2E7002C00F0C4804FF47C
:102BB000A81323600025EAE7002C00F0BC806368BE
:102BC000C04A94F808E01B0403F47F0343F00703B2
:102BD00093420EF003064FEA9E0701F2BD85BA4A02
:102BE000934241F00E87B94946250022E3680493D9
:102BF0004FF0FF3A0139D04693464FF0FF09104697
:102C000004E00132D0B2A84281F05B8611F8013FA6
:102C10009E4503F0030C01F040866645F1D1B7EB09
:102C2000930F4FEA930081F08785814541F28485B7
:102C300081464FFA82FAE4E7002C7CD06378227850
:102C40005B0103F02003134310216FF03002FAF709
:102C500069F900259BE7002C6DD0217811F0010562
:102C600001F005864D0105F040053F246FF47C001E
:102C70004FF0BF096FF4E01211F0040307D00B010D
:102C800003F080031D43A14602464FF400130024C5
:102C900030460BAF4FF4A021FAF744F94FF0FF088C
:102CA000224630468A49009704238DF82C908DF8EF
:102CB0002D808DF82E408DF82F40F9F74BFC85497B
:102CC00000970423304622468DF82E508DF82C9024
:102CD0008DF82D808DF82F402546F9F73BFC56E7FF
:102CE0004CB363682578012B4FF0000314BF6FF4D9
:102CF00060326FF4E0421C464FF4A0210BAF15BFC9
:102D00004FF0DF084FF0EF084FF020094FF01009A7
:102D1000FAF708F96E4900970223224630468DF8EB
:102D20002C808DF82D40F9F767FB012D01F074869A
:102D3000002D01F02086002528460DB0BDE8F08F5B
:102D4000002CF8D00BAB0093002202236249F9F764
:102D500055FC9DF82D209DF82C3003EB0223002517
:102D6000238014E7002CE6D0A11CFDF75DFB0025B5
:102D700020800CE7002CDED00BAB00930022012357
:102D80004421F9F73BFC9DF82C3023700025FEE62A
:102D9000002CD0D00BAB24785049009300220123A3
:102DA0008DF82C400025F9F77BFBF0E6002CC2D013
:102DB0000BAB0093002202234821F9F71FFC9DF87A
:102DC0002D209DF82C3003EB02239BB200252360BD
:102DD000DDE6002CAFD04421F9F76EFC0025206021
:102DE000D5E6002CA7D0637D002B01F0A085012B38
:102DF00001F02886022B41F056863949F9F75CFC30
:102E0000C0F30B00374920603046F9F755FCC0F39A
:102E10001500354960603046F9F74EFCC0F31500E7
:102E20003249A0603046F9F747FC3149C0F315003C
:102E3000E0603046F9F740FCC0F3130020610BABB3
:102E400000932C49012303223046F9F7D7FB9DF864
:102E50002C30C3F302130025237598E6002C3FF4B1
:102E60006AAF2549F9F728FC80B220602349304633
:102E7000F9F722FC430D9B019BB26360002586E6B7
:102E8000002C3FF458AF62882378D20002F4FF622E
:102E90000BB142F4006207210BAB8DF82C10F0212E
:102EA000140A00938DF82D108DF82E20042330463F
:102EB00000224FF480218DF82F400025F9F74AFBBE
:102EC00065E600BF0100090007000500A0EF030050
:102ED000080005000C0005002C000500240001007E
:102EE00068000D0040000D0044000D0048000D007A
:102EF0003C000D006000030048000C0028000C009E
:102F00000BAC40F6FF00022301224FF48021ADF804
:102F10002C0000943046F9F76FFA40F2FF20C349C5
:102F2000ADF82C000223032230460094F9F764FA2E
:102F3000F720022301224FF48021ADF82C000094E9
:102F40003046F9F759FAFD25B849009402230322C7
:102F50003046ADF82C50F9F74FFA002517E6002C53
:102F60003FF4E9AE227BD4F808A023690493052A34
:102F700063690593A78806925FFA8AF30AF003054E
:102F8000CAF3850101F0058540F231129742DFF85E
:102F9000B89228BF1746052FBC4638BF4FF0050C26
:102FA000ACF1050C07F10508042F1FFA8CFC1FFA81
:102FB00088F807D84A1CD2B219F80220053A97427D
:102FC000C1F0388513F0020318BF00230DD1984AD1
:102FD000525DBA4209DA93B2002D41F0AC85BA1ABB
:102FE0000D2A41F3A5850D3302259F4201F09483FC
:102FF0004FF0000B0522CDE907BBCDF824A0924687
:10300000224680205E465C4696469C4581F056836B
:10301000984541F27983FA1A002AB8BF524292B217
:10302000524541F2C483002C41F049853F2901F00B
:103030005083002E41F05B830131C9B219F80120A1
:1030400013449BB2BB4201F0DF84013810F0FF0053
:10305000DBD1059B049ADDF824A0188074464FF05C
:10306000FF33C2F800A02360002590E5002C3FF458
:1030700062AE1021F9F720FB237820F00604DA076E
:1030800048BF44F002049B0748BF44F004042246B2
:1030900010213046C4F38004FAF7F0FD002586F8CD
:1030A000904074E5002C3FF446AE2188002901F0E1
:1030B0008883CCB2090A02230BAA00928DF82D1046
:1030C0001A4630464FF4C0218DF82C400025F9F700
:1030D000E7F95CE5002C3FF42EAE22685549FAF77B
:1030E000CDFD002553E5002C3FF425AE256827795A
:1030F000D4F80880002D01F02185B8F1000F01F00F
:10310000CE840BAB03224C4900930123F9F776FAE6
:103110004A499DF82C403046F9F7CEFA003FC0F3FB
:10312000042618BF0127C4F302142B8BEA68A96890
:1031300068680094CDE9016702F0CAFE0025A8F88E
:10314000000024E5002C3FF4F6AD27682579A4683B
:10315000002F01F0F784002C01F0AD840BAB0322AB
:10316000354900930123F9F749FA344930469DF86F
:103170002C60F9F7A1FA003D00F01F0118BF0125EE
:103180003A8B3868C6F30213CDE90015152102F019
:1031900069FE00252080FAE41146FCF7DFFF0025D8
:1031A000F5E4002C3FF4C7AD217890F8A8308B42AD
:1031B0003FF4C1ADF9F7CEFF0025E8E4002C3FF461
:1031C000BAADD4E902126068F9F7E0FD002520608D
:1031D000DDE4002C3FF4AFAD1749F9F76DFA002597
:1031E0002060D4E4002C3FF4A6AD0BAD19210022E1
:1031F00004230B91009512490A92F9F751F941F60F
:103200004871009504230B9100220E493046F9F7CE
:1032100047F90AAB00930022042330464FF4E8112B
:103220001546F9F7EBF90A9B2360B0E4080011009A
:10323000B4F003000C000100600003001400010062
:1032400004001F0008001F0074F00300002C3FF46E
:1032500072ADC649F9F730FA0025206097E4002CDA
:103260003FF469AD21788DF82D100BAB0093FC2451
:10327000022300224FF4C0218DF82C400025F9F7DD
:10328000BBF884E4002C3FF456AD23786FF48062E1
:103290009B022421F9F746FE002578E4002C3FF438
:1032A0004AAD052A01F000830BA8A379A288216802
:1032B00000903046FEF7E0F90546002D7FF467AC3C
:1032C0009DF82C5063E486F83C2000255FE4002C38
:1032D0003FF431AD0BAB24780093002201234FF46F
:1032E00000318DF82C40F9F7DBF8A14B96F87D20E2
:1032F00086F8924004FB0333DB0BA6F87A30002AF1
:103300003FF419AD96F891103046FAF70BFA002504
:103310003DE4002C3FF40FAD21688DF82C100BAB71
:10332000C1F3072400930022022348218DF82D4089
:103330000025F9F7B5F82AE4002C3FF4FCAC22682C
:103340004421FAF79BFC002521E4002C3FF4F3AC68
:103350008849F9F7B1F90025206018E4002C3FF402
:10336000EAAC2488C4F30D0400250BA9220AC0236B
:1033700000918DF82D308DF82F207E498DF82C503E
:1033800004232A468DF82E40F9F7E4F8FFF7FFBB37
:10339000D5B2012D02D9032D41F0898302230BAA56
:1033A000FC2186F891508DF82C10009210211A46BD
:1033B00030468DF82D50F9F71FF896F87D30002B28
:1033C0003FF4B9AC29463046FAF7ACF90025FFF7CF
:1033D000DEBBD5B2022DD5BF2D03033D45F480736E
:1033E0006B00654A6549F9F79DFD0025FFF7CFBBE6
:1033F0000221F9F7E5FD012130460DB0BDE8F04F9F
:10340000F9F7DEBD5E490DB0BDE8F04FF9F754B9EC
:10341000002C3FF490AC637813B15B08013BDBB246
:1034200023700025FFF7B3BB002C3FF484AC226867
:103430003021FAF723FC0025FFF7A9BB002C3FF44D
:103440007AAC25786478002D01F0BE82002380F8E4
:1034500076306FF480614FF481634FF0FF320825BE
:10346000002C1CBF2B460A4630461021F9F75AFDA6
:103470000025FFF78CBB002C3FF45DAC0BAB009339
:10348000404901230322F9F7B9F89DF82C30C3F322
:10349000021300252370FFF77ABB002C3FF44BACDE
:1034A00024884FF48171E2B2FAF7B2FE220A40F2A8
:1034B00003113046FAF7ACFE0025FFF768BB012187
:1034C000FCF74CFE022D0BAC01F0148200252A46BD
:1034D00030462D49009401238DF82C50F8F7E0FF79
:1034E00002228DF82C2028490094012330462A46D8
:1034F000F8F7D6FFFFF74BBB002C3FF41CAC256858
:10350000A48829462246FEF79BFA21463046FAF760
:10351000F3F92D1A18BF4FF0FF35FFF738BB002C19
:103520003FF409ACA2882168FEF78AFA0025FFF76C
:103530002EBB002C3FF4FFAB237962882188FEF775
:103540002DF80025FFF723BB002C3FF4F4AB0BABA9
:103550000093002201234FF00811F9F74FF89DF86E
:103560002C3023700025FFF712BB00BF48000F006E
:10357000686602001A000E00FD8EFFFF14000700AF
:103580000C0009006000030004000A00002C3FF456
:10359000D2AB01230BAA00924FF008111A46F9F79B
:1035A0002DF89DF82C3023700025FFF7F0BA062384
:1035B000CA4900940022F9F721F8637903F0010366
:1035C00000256371FFF7E3BA002C3FF4B4AB90F829
:1035D0007630012B01F0F481032B41F0EA810BAB33
:1035E0000093162202234FF4F0113046F9F706F843
:1035F0009DF82D209DF82C3003EB0223C3F30D031F
:10360000980448BFA3F580431BB223800025FFF731
:10361000BEBA0094052300227421F8F7EFFF0025BD
:10362000FFF7B5BA002C3FF486AB227921680DB0C4
:10363000BDE8F04FF9F70ABA2146F9F757F8002527
:10364000FFF7A5BA002C3FF476AB6188FDF77AFA54
:1036500000252070FFF79BBAFAF7CCFC0025FFF796
:1036600096BA002C3FF467AB7421F9F725F80025D2
:103670002060FFF78CBA002C3FF45DAB0BAB0093DE
:10368000012204237421F8F7B9FF9DF82F009DF85B
:103690002E109DF82D209DF82C3001EB002102EB1F
:1036A000012203EB022323600025FFF770BA002CF0
:1036B0003FF441AB90F87630012B01F09F81032B52
:1036C0000BAB41F0958100930C2202234FF4F011D3
:1036D0003046F8F793FF9DF82D209DF82C3003EB32
:1036E00002239BB2C3F30C02DE0446BFA2F50053D3
:1036F0001BB213B223800025FFF749BA11460DB063
:10370000BDE8F04FFEF79EBD002C3FF414AB0BABB1
:103710000093002201234421F8F770FF9DF82C301C
:1037200003F0010300252370FFF731BA002C3FF4AA
:1037300002AB02230BAA009244211A46F8F75EFF5F
:103740009DF82D3003F0010300252370FFF71FBA09
:103750000094042300221C21F8F750FF0025FFF7F6
:1037600016BA114648E6002C3FF4E5AA2178FBF78B
:1037700099FC0025FFF70BBA594A96F8763059485C
:103780005949012D0CBF10464FF00C11012B01F0CF
:103790004180032B41F02C800BAB009300220223CD
:1037A0004FF4F0113046F8F729FF9DF82D209DF8D1
:1037B0002C3003EB02239BB22380003B18BF012374
:1037C0005D42FFF7E4B9002C3FF4B5AAA278218846
:1037D000FAF71EFD0025FFF7DAB9002C3FF4ABAA7B
:1037E0006188FAF705F800252070FFF7D0B9002CA2
:1037F0003FF4A1AA0BAB0093002202234FF46021F7
:10380000F8F7FCFE9DF82D209DF82C3003EB0223E9
:1038100000252380FFF7BBB9002C3FF48CAA218838
:103820008DF82C100BAB0C0A0093002202234FF4EE
:1038300060218DF82D400025F8F732FEFFF7A7B97B
:10384000002C3FF478AA237886F87D301A01FF21F6
:1038500000250BA802F0B0028DF82C104F2100902B
:103860008DF82D108DF82F20042330462A46102184
:103870008DF82E50F8F76EFEFFF789B9D1B23046B9
:103880000DB0BDE8F04FFEF721BDFCF75DFD002552
:10389000FFF77DB9FCF758FD0C21F0E71146FDF765
:1038A00019FB0025FFF773B90BAB00930F4940F2EA
:1038B000FF1402230022ADF82C400025F8F79CFDF0
:1038C000FFF765B92146FAF7E3FE0025FFF75FB978
:1038D0002146FAF711FE0025FFF759B918000C0030
:1038E000340018002C00180014000C000400020022
:1038F000002C3FF420AA0BAB0093C4490123002203
:10390000F8F77CFE9DF82C3003F03F030025237070
:10391000FFF73DB91146F9F73FFD0025FFF737B92D
:103920000BAB002A40F03887B94A00930B92B94993
:1039300004230222F8F7B4FDFFF729B9002C3FF465
:10394000FAA925780BAB002D00F0868744F2FF0220
:103950000093ADF82C200223002210216468F8F7B0
:103960004BFD022D00D1346286F87C500025FFF714
:103970000EB9002C3FF4DFA92168F9F7BDFC002542
:10398000FFF705B9F9F78AFC0025FFF700B9002C0D
:103990003FF4D1A9D0E918230025C4E90023FFF79B
:1039A000F6B8002C3FF4C7A9836E23600025FFF70B
:1039B000EEB8002C3FF4BFA990F86F3023700025BB
:1039C000FFF7E5B8002C3FF4B6A990F86E302370ED
:1039D0000025FFF7DCB8002C3FF4ADA990F8743057
:1039E00023700025FFF7D3B88B494FF480334FF095
:1039F000FF32F9F797FA0025FFF7C9B8226887491F
:103A0000FAF73CF9626886493046FAF737F9A26856
:103A100084493046FAF732F9E26883493046FAF7CA
:103A20002DF90025FFF7B3B8002C3FF484A9656891
:103A30002488032D01F28A80DFE815F03206230680
:103A400014060506002C3FF476A9237877491B025B
:103A500003F4F8536FF4F852F9F764FA96F86D30FE
:103A600096F87710012B00F051873046FDF732FAB7
:103A70000BAB00936E4C6F490B940423002230462D
:103A8000F8F768FD0025FFF782B8002C3FF453A932
:103A900021780DB0BDE8F04FFAF7CCB943689847EC
:103AA0000025FFF774B829462246FAF7E7F8002503
:103AB000FFF76DB80BAB00935F4901230222F8F7C3
:103AC0009DFD9DF82C30032B7FF635A902F0E4FD17
:103AD000002504462B4630462A4600952946F8F72D
:103AE000DFFC204602F0E1FDFFF751B8002C3FF467
:103AF00022A923784D495B0003F006036FF006020C
:103B0000F9F710FA0025FFF742B8002C3FF413A98B
:103B100022682C21FAF7B2F80025FFF738B8002CFC
:103B20003FF409A923784149DB0003F0F8036FF063
:103B3000F802F9F7F7F90025FFF729B8002C3FF450
:103B4000FAA80BAB3D49009300220323F8F756FD7A
:103B50009DF82D309DF82E109DF82C201B0203EBB4
:103B600001431A44DD0248BFA2F50012226000257D
:103B7000FFF70DB8002C3FF4DEA82168A388E28887
:103B800000914FF4B011F8F739FD0025FEF7FFBFA3
:103B9000002C3FF4D0A82168A388E28800914FF45C
:103BA000B011F8F77DFC0025FEF7F1BF002C3FF4C3
:103BB000C2A8E388A2882168FDF786FC0025FEF7ED
:103BC000E6BF002C3FF4B7A8E3882268A188FAF783
:103BD000DDFF0025FEF7DBBF1146FCF7F5FE0025F3
:103BE000FEF7D5BF002C3FF4A6A80BAB0093002234
:103BF00002231349F8F702FD9DF82D209DF82C3083
:103C000003EB022300252380FEF7C1BF1C00070041
:103C10001408D2001000110004001100540001002B
:103C2000580001005C000100600001001400010068
:103C3000FF8100641800030030000F002900060017
:103C400004000100002C3FF476A822888DF82C2077
:103C50000BAB140A0093CA498DF82D4002230022B1
:103C6000F8F71EFC0025FEF792BF0121FCF776FA5B
:103C70000BAB002D00F084850093C24CC2490B941D
:103C8000042300223046F8F765FC0025FEF77FBFCD
:103C9000002C3FF450A82178FCF7FEFD0025FEF72C
:103CA00076BF0DB0BDE8F04FFEF7CEB90121FCF7AD
:103CB00055FA05F00103002B4FF0000205F0020554
:103CC0001BBF0821FF230021EF2411BF1827F72372
:103CD000E7241027954218BF1C464FF0FF0318BF7A
:103CE00039468DF82C300BAB00938DF82F103046F1
:103CF000A5498DF82E2004238DF82D401546F8F7A0
:103D000029FCFEF744BF0021F8F7D6FCB368D3E9DD
:103D100000235040184214BF4FF0FF350025FEF736
:103D200036BF002C3FF407A8227865688DF82C2058
:103D30000BAB0093954901230322F8F7B1FB002D4B
:103D400000F09E854FF481234FF0FF321021304662
:103D5000F9F7E8F80025FEF71ABF002C3EF4EBAFA8
:103D6000A178FDF74FFA00252080FEF710BF002C48
:103D70003EF4E1AF2168F9F7CBFB0025FEF707BF62
:103D8000002C3EF4D8AF82496768B4F80080F8F799
:103D900093FC0022012105463046FAF745FD7D4B94
:103DA0007D494FF0FF323046F9F7BCF80BAC41F6D5
:103DB0002203ADF82C3079490094022300223046CA
:103DC000F8F76EFB002F40F0ED85754A75493046D7
:103DD000F9F754FF74494FF0DD323046F9F74EFFE2
:103DE000404602F057FC6F4900223046F9F746FF83
:103DF0006D4900223046F9F741FF4FF4007102236C
:103E00000022ADF82C10304664490094F8F748FBC6
:103E1000614900223046F9F731FF644900223046FB
:103E2000F9F72CFF00224FF4E0213046F9F726FF86
:103E300040F2FF625449ADF82C20022301223046A3
:103E40000094F8F7D9FA5A494FF0E0534FF2FF02C5
:103E50003046F9F767F82A464D493046F9F70EFF24
:103E60000025FEF794BE0BAB00935249EF240223CA
:103E70000022ADF82C400025F8F7BEFAFEF787BE09
:103E80004D484E490B900BAC04230222304600945F
:103E9000F8F706FB434901223046F9F7EFFE48499F
:103EA00000223046F9F7EAFE4FF4007002230022A8
:103EB0003A49ADF82C0000943046F8F7F1FA0121A8
:103EC0003046F9F7AFFD344900223046F9F7D6FE07
:103ED0000025FEF75CBE0BACEF203649ADF82C0098
:103EE0000223002230460094F8F786FA4FF400705F
:103EF000022300222949ADF82C0000943046F8F73F
:103F0000CFFA01213046F9F78DFD234900223046D2
:103F1000F9F7B4FE0025FEF73ABE002C3EF40BAFD5
:103F2000246801212246FAF77FFC1A4B1A494FF008
:103F3000FF323046F8F7F6FF0BAD41F622010223BF
:103F40000022ADF82C10009514493046F8F7A8FA75
:103F500041F2FF02174900950223ADF82C203046AC
:103F60000022F8F749FA022C22464FF02C0138BF04
:103F700002223046F9F782FE0025FEF708BE00BF98
:103F800004000100FFFF0008080011000800010004
:103F90000C000100003C00020400070004001100B6
:103FA0000F00000F28000700380007004800070036
:103FB0001400070024000F001408D20010001100A4
:103FC00018000800CDCCCC3E00007F436666863FDB
:103FD000002C3EF4B0AE90F86E305FED066A1FED37
:103FE000066A07EE103A237907EE903AB8EE477A60
:103FF000F8EE677A002577EEC77AB3EE007A67EEBF
:10400000A67AF0EE086A67EE877A87EE867A77EE10
:10401000267AC4ED007AFEF7BABD002C3EF48BAED2
:1040200090F86F305FED176A07EE103A237907EECC
:10403000903AB8EE477AF8EE677A002577EEC77ABD
:10404000B3EE067A67EEA67A77EE877AC4ED007A49
:10405000FEF79DBD002C3EF46EAE0221FBF7CCFBBB
:10406000012105023046FBF7C7FBADB2C3B21D43C9
:1040700025800025FEF78BBD00220121FAF7D4FB35
:10408000D44BD5494FF0FF323046F8F74BFF0BAC1D
:1040900041F62200D149ADF82C000223002230461F
:1040A0000094F8F7FDF9CE48CE490B900423022284
:1040B00030460094F8F7F4F9CB4908223046F9F776
:1040C000DDFDCA490F223046F9F7D8FD0025FEF77D
:1040D0005EBD002C3EF42FAED4E90012F9F72AFDA4
:1040E0000025FEF754BD002C3EF425AE90F8753047
:1040F00023700025FEF74BBD002C3EF41CAE247847
:10410000BB490BAB04F03F0480F8754000220093DC
:1041100001238DF82C400025F8F7C2F9FEF737BDD2
:10412000F9F768FF0120002502F0B2FA0BAC40F26B
:10413000FF32AA49ADF82C2002232A4630460094CB
:10414000F8F75AF901234FF488112A4630460094B3
:104150008DF82C50F8F7A4F9012002F099FA812388
:1041600000200021C6E92801A6F87850A6F87C5066
:10417000A6F8765086F87030A6F87150C6F89850B8
:1041800086F8A850A6F89050FEF701BD002C3EF42A
:10419000D2ADA2782188FAF70BFC0025FEF7F7BC18
:1041A000002C3EF4C8AD0BAF41F2FF010223002208
:1041B000ADF82C1000978F49F8F71EF94FF4827173
:1041C0003046F9F715FB00F0E00842464FF48271E3
:1041D0003046FAF71DF848F004024FF48271304679
:1041E000FAF716F8022002F053FA4FF487713046BE
:1041F000F9F7FEFA40F20F1105463046F9F7F8FAE2
:1042000042464FF4827180463046FAF701F8EF22B9
:10421000ADF82C2045EA0825764900970223304660
:104220000022F8F7E9F825800025FEF7B0BC002C45
:104230003EF481AD2168FBF761F80025FEF7A7BCCD
:10424000002C3EF478AD2568002D00F0FA82A2889B
:10425000694922F0F00292B20BAB140A00938DF878
:104260002C20022300228DF82D400025F8F718F9A4
:10427000FEF78DBC002C3EF45EAD22888DF82C201C
:104280000BAB140A00935D498DF82D4002230022E8
:10429000F8F706F90025FEF77ABC1146FAF788FF11
:1042A0000025FEF774BC5649F8F706FAC0F30B0375
:1042B000C0F30B405349238060803046F8F7FCF987
:1042C000C0F30B03C0F30B404F49A380E08030469E
:1042D000F8F7F2F9030C4D49207263723046F8F793
:1042E000EBF9C0F30B43C0F30B004949A381608194
:1042F0003046F8F7E1F9C0F30B434649A4F80F3014
:10430000A0733046F8F7D8F9030C43496074A374DE
:104310003046F8F7D1F90022C0F30B000BABA4F83C
:1043200013006275A2753D4900933046012315467E
:10433000F8F764F99DF82C30E375FEF728BCA279F4
:10434000E379217AD20042EA430263790A43217970
:1043500042EA8312E37842EAC112A17842EA0322D8
:10436000637842EAC12242EA03320BABC2F307246C
:1043700000938DF82C202A498DF82D40022300222D
:10438000F8F78EF80025FEF702BC0BAB2549009329
:1043900000220223F8F732F99DF82D209DF82C30E9
:1043A00003EB0223C3F30B05190548BFA5F58055A0
:1043B0002DB22580B6F97A30ED1AFEF7E8BB002C55
:1043C0003EF4B9AC227A6168FBF77AF800252070D8
:1043D000FEF7DDBB003C00020400070004001100F2
:1043E0001408D2001000110028000700180008006F
:1043F00014000900480007001A001100040006001C
:1044000004000F0008000F000C000F0010000F0048
:1044100014000F0018000F001C000F0028000F00F0
:104420003000010008000200002C3EF484AC6268F9
:104430002188FAF71BFF0025FEF7A9BB002C3EF4EC
:104440007AAC0BAB009300220223C749F8F7D6F8E9
:104450009DF82D209DF82C3003EB022300252380AE
:10446000FEF795BB002C3EF466AC22888DF82C201C
:104470000BAB140A0093BC498DF82D400223002297
:10448000F8F70EF80025FEF782BB002C3EF453AC83
:10449000D4E90012F9F7E2F80025FEF778BB002511
:1044A00004F8015B042300942A467021F8F7A6F86B
:1044B000FEF76DBB90F87630012B00F0B981032B2D
:1044C00000944FF0050340F0AB8120224FF4F0112F
:1044D000F8F794F80025FEF75ABB2146F8F768FB79
:1044E0000025FEF754BB002C3EF425AC21888DF846
:1044F0002C100BAB0C0A0093002202230C218DF828
:104500002D400025F7F7CCFFFEF741BB002C3EF411
:1045100012AC1C21F8F7D0F800252060FEF737BB5D
:1045200090F87630012B00F05A81032B40F04E8139
:104530000094052328224FF4F011F8F75FF80025C6
:10454000FEF725BB002C3EF4F6AB6421F8F7B4F877
:1045500000252060FEF71BBB002C3EF4ECAB0BAB40
:104560000093012204236421F8F748F89DF82F00F6
:104570009DF82E109DF82D209DF82C3001EB002188
:1045800002EB012203EB022323600025FEF7FFBAB2
:10459000002C3EF4D0AB21880DB0BDE8F04FFAF707
:1045A000B7B9002C3EF4C7AB237A25886768002B87
:1045B0003EF4C1AB013BDBB23C1F07EB830729464E
:1045C0003046F9F799F944F8040F0135A742ADB226
:1045D000F5D1FEF7B0BB002C3EF4ADAB21780DB0A9
:1045E000BDE8F04FF8F71EBE002C3EF4A4AB2188C6
:1045F0008DF82C1002230BAA0C0A00920C211A46EB
:104600008DF82D400025F7F74BFFFEF7C0BA009458
:10461000082300220421F7F7F1FF0025FEF7B7BABF
:104620000094082300220421F7F73AFF0025FEF743
:10463000AEBA002C3EF47FAB62882188F9F774FD96
:104640000025FEF7A4BA02230BAA210A00928DF8D6
:104650002D101A4645498DF82C400025F7F720FF0C
:10466000FEF795BA0BAB220A00938DF82D203F4937
:104670008DF82C4002230022F7F712FF0025FEF7E9
:1046800086BA02230BAA210A00928DF82D101A4631
:1046900037498DF82C400025F7F702FFFEF777BA6F
:1046A0000BAB220A00938DF82D2031498DF82C4058
:1046B00002230022F7F7F4FEFEF769BA34BB9845EF
:1046C0003EF6B4AC002E00F09F813F2918BF0024B5
:1046D0000DD1032D3DD0022D38D0264A525D134412
:1046E000BB4240F3D68101359BB2EDB2002419F8EC
:1046F0000120013911F03F06A3EB020331469BB2C2
:1047000018BF0126FEF79EBC002CDBD019F8012053
:1047100007999B1A74469BB2059A45EA810113805A
:10472000CAB2130443EA0163134343EA0223049A1F
:1047300013600023FEF797BC87427EF662AA83458A
:104740003CBF83464FFA82F8FEF75BBA069A092A05
:10475000C3D174463F21DFE7074A934240F05181BD
:1047600006494B25FEF741BA080005001C00010070
:1047700018000100B4F0030007000900E8EF03008F
:104780004FF2FF7200930B92CF49042330462A4622
:10479000F7F7E0FEFEF7FBB90093CC4CCC490B9445
:1047A00004230222F7F77CFE0025FEF7F0B93F292B
:1047B00000F02A81CDE907139246AB460124FEF7AB
:1047C00038BC812222801446FEF775BCC149009492
:1047D00005230022F7F712FF0025FEF7D8B9BE49DE
:1047E000009405230022F7F709FF0025FEF7CFB953
:1047F0000BAA022300921A463046F7F7FFFE9DF8F7
:104800002D209DF82C3003EB0223C3F3C813238023
:10481000FEF7D3BF0BAA0223009201461A46EBE72C
:1048200000224FF44021F7F7E9FE0025FEF7AFB96B
:10483000AA49009405230022F7F7E0FE0025FEF7C1
:10484000A6B90BAB0093A649ADF82C5002232A461B
:10485000F7F726FEFEF79BB9BF210093ADF82C10A9
:1048600002232A461021F7F7C7FDFFF77DB87F2402
:104870006FF460004FF0FF094FF0FF32FEF7FCB914
:104880000BAB4FF2FF7100930B9104232A46304685
:104890001021F7F75FFEFEF77AB9049B187000232A
:1048A00023600025FEF773B994F90710A3790BAACA
:1048B000CDE90021A2882168FBF75CFA0546FEF7E6
:1048C000FCBCBAF1FF3F00F0A1805FFA88F8A8EBCA
:1048D0000A01A7EB0B03A9EB0B02C9B201FB03F31F
:1048E000D2B293FBF2F3A8EB0308049B83F8008099
:1048F0000023D5E7FE20ADF82C00734900942B4629
:1049000001223046F7F778FDFEF7E0BD05294BB2EE
:1049100000F0B680092B7FF4ABA872494FF4015325
:104920006FF400523046F8F7FDFAFFF7A1B86E4970
:10493000F7F7C2FEC0F30B006C4920603046F7F772
:10494000BBFEC0F315006A4960603046F7F7B4FE5D
:10495000C0F315006749A0603046F7F7ADFEC0F31D
:104960001500E06064493046F7F7A6FEC0F310007A
:104970002061FEF764BAFF228DF82C205F49009772
:10498000022330462A468DF82D90F7F735FDFEF7C5
:10499000FEB8B7F5B17FDFF8949128BF4FF4B17737
:1049A000FEF7F9BA56493A463046F9F767F9FFF784
:1049B0000CBA544902230BAA00921A46FEF715BE00
:1049C000514902230BAAF7E7012380F876304F49BB
:1049D0001822F9F753F94E49E8223046F9F74EF913
:1049E0006FF481614FF480636FF00802FEF738BD09
:1049F0004849009300220223FEF76ABE46490BABEA
:104A0000F7E74FF0FF334BE7744685E6B8F1FF3F19
:104A10007FF45BAF434643E73849009702233046B3
:104A200022468DF82C808DF82D402546F7F7E4FCC2
:104A3000FEF7ADB8059A00231380049AC2F800A0CF
:104A4000FEF711BB3549F7F737FEC0F30B003449C9
:104A500020603046F7F730FEC0F315003149606042
:104A60003046F7F729FEC0F315004FF45021A0603F
:104A70003046F7F721FE2C49C0F31500FEF7D8B9F0
:104A8000184940236FF400523046F8F74BFAFEF70E
:104A9000EFBF013574469BB2EDB23F213CE64FF0CB
:104AA000FF35FEF774B84FF0FF35FEF770B84FF0E2
:104AB000FF35FEF76CB84FF0FF35FEF768B8DDE95B
:104AC000071374465D4627E6080011007488D20477
:104AD0001000110008000C00280018002000180029
:104AE0001A00110008000B0058000C0030000C00E8
:104AF00034000C0038000C002C000C000C000500E9
:104B00000C0001001C000C00140018000C001F0019
:104B100010001F0020000C000C00180020000D00E9
:104B200064000C0068000C0060000C0034F003000E
:104B30000125FEF75ABA0225FEF757BA4FF0FF35A6
:104B4000FEF725B84FF0FF35FEF721B80025FEF738
:104B50001EB800BF2DE9F041036C044686B0196809
:104B6000FAF79EFF23681B6998470022114604ABA1
:104B70002046FDF747FF236C9B6A20461968FDF726
:104B800015FD236C9B6A5E68B6F805200746002A6F
:104B900040F0228133788DF8143005ADD04900956E
:104BA00001232046F7F77CFCD6F80120CD492046AA
:104BB000F9F764F8236C9B6ADB898DF814301A0AC4
:104BC0008DF81520022300224FF460212046009525
:104BD000F7F766FC236CC4499B6A9B898DF81430F7
:104BE0001A0A8DF815200223002220460095F7F7B7
:104BF00057FCBE490095042300222046F7F7FEFC2F
:104C00009DF817209DF81630B84903EB02239DF854
:104C1000152002EB03239DF8142002EB0322120D52
:104C200012052046F9F72AF84FF6FF510423002217
:104C30000591204610210095F7F78CFC236C9B6AA8
:104C400020465A891989F9F76FFA236C9B6A1B8AE7
:104C50008DF814301A0A02238DF815200C211A46FB
:104C600020460095F7F71CFC236C9B6A5B8A8DF845
:104C700014301A0A8DF81520022300220C21204638
:104C80000095F7F70DFC236C2046197AFAF70AFA1B
:104C9000226C4FF4A021D668009520460423002200
:104CA000F7F7ACFC9DF817309DF8162002EB0322B5
:104CB0009DF8153003EB02229DF8143003EB02231C
:104CC0008B4AF10702EA030248BF42F48022B3078D
:104CD00048BF42F41042700748BF42F012024FF43E
:104CE000A0212046F8F7CAFF216C20460B7ED1E9AF
:104CF0000412F9F737FB236C20469A7F998BF9F75A
:104D000057FE94F875302E2B54D0226C92F82C302C
:104D100013F0C00F51D192F82D102046FBF7BCFDC7
:104D2000236C74491E6A20463268F8F7A7FF726840
:104D300071492046F8F7A2FFB26870492046F8F79B
:104D40009DFFF2686E492046F8F798FF236C6D4985
:104D50005E6A20463268F8F791FF72686A49204619
:104D6000F8F78CFFB26869492046F8F787FFF268C8
:104D700067492046F8F782FF236C93F82E20002A1B
:104D800040F0CE8093F82F60009502238DF8143008
:104D9000002201234FF470212046F7F781FB002EFB
:104DA00040F0938094F95830002B1BDA384606B057
:104DB000BDE8F081236C93F82C30564903F03F0294
:104DC00084F875208DF814200095002201232046D8
:104DD000F7F766FB226C9EE711462046FBF7B2FE12
:104DE00005ADE1E64FF0010606FA03F61FFA86F874
:104DF0000CBF072200225FEA887148BF42F03802E8
:104E00005FEA487048BF42F4E0725FEA087148BF49
:104E100042F460625FEAC86048BF42F4E0425FEA81
:104E2000886148BF42F460325FEA486048BF42F49C
:104E3000E01243465FEA086148BF42F46002DB05C6
:104E400048BF42F0E06202F090734FF4A021D243D9
:104E50002046F8F767F80DF10E03009300220223B5
:104E60004FF4A0212046F7F7C9FBBDF80E302A49C0
:104E7000009523EA06038DF814309BB2ADF80E308E
:104E80001B0A8DF81530002202232046F7F708FB95
:104E900094F95920002A50D06FEA08081FFA88F8C0
:104EA0004FEA182220468DF815201C490095002253
:104EB00004238DF814808DF816208DF81720F7F74D
:104EC00049FB384606B0BDE8F08101230095002279
:104ED0004FF4702120468DF81430F7F7E1FA61E7BE
:104EE0001C0007000C000100040001000800010084
:104EF000C00FE0FF0C0002001000020014000200CE
:104F0000180002001C000200200002002400020021
:104F10002800020014000900080005000C0005002C
:104F200040F2FF120223ADF814200E490095002232
:104F30002046F7F761FA236C24E720460A490095DA
:104F4000FF244FEA182804238DF816608DF8178087
:104F50008DF814408DF81540F7F7FCFA384606B086
:104F6000BDE8F081040002000C0005002DE9F043CB
:104F70001C46836885B05F690546E2B14FF00008C2
:104F80001FFA82F9FE6B029102AB42462421ADF872
:104F90000C90ADF80E80B047E368FE6BADF8009062
:104FA000C3F380138DF80430ADF8028042466B469F
:104FB0003C212846B047E36813F01D0F05D0FE6B77
:104FC0002346002205212846B0476368002B0CDBEE
:104FD000FE6B231D002212212846B047FE6B04F110
:104FE0000803002258212846B047FE6B04F10C0349
:104FF000002204212846B44605B0BDE8F0436047CE
:1050000010B583689FED087B5B6982B0DC6B8DED2A
:10501000007B66216B460022A047DDE9000102B05B
:1050200010BD00BFAFF300800000000000000000D2
:10503000816810B44C69E46B0023A4461A465DF8FD
:10504000044B0321604700BF2DE9F0418368D1F88C
:1050500008805E690B68F46B84B0002201934B6892
:105060000293562102AB0546A047044618B12046DC
:1050700004B0BDE8F08195F95830002B4BDBAB68EC
:105080005B690246DC6B5E2103AB2846A047002823
:1050900041D1039BB8F1000F00F08D80019A5C486C
:1050A000D31A83FB00015B4A002306F069F8B0F5D0
:1050B0007F7FAB6800F392805C69E76B00220DF1A3
:1050C000020386212846B84795F95920012A7AD04B
:1050D00095F95810BDF80220E46B88B20121814097
:1050E0000DF1020322EA0102ADF802207421002230
:1050F0002846A047F46B01AB002205212846A047B3
:105100000446002835D1F46B0346032223212846A8
:10511000A0470446ABE7B8F1000FEBD1F46B434670
:10512000424623212846A047044600289FD095F9EF
:105130005830002B9BDBAB685E694246F76B03ABD4
:1051400086212846B84795F95930F66B002B5BD07D
:1051500095F95870BDF80C10BFB228460125BD4026
:1051600021EA0501ADF80C1003AB42467421B047AB
:105170007DE795F95830002BFFF679AFAB685E6993
:105180000022F76B03AB86212846B84795F95920D2
:1051900052B395F95810F76BBDF80C208EB201216F
:1051A000B14022EA0102ADF80C2003AB28460022F0
:1051B0007421B8475BE7AA6803F5783303F52073D9
:1051C0005469019379E795F95810E46B89B28A40E4
:1051D000BDF802100DF102030A4385E7A0F57F70C8
:1051E0005C6901F057FA68E7F66B03AB95F9581064
:1051F000BDF80C7028468DB20121A9403943ADF8A5
:105200000C107421B04732E703AB4246EEE700BF13
:1052100040420F000098E00E10B5836882B05B69D1
:1052200000914FF0000CDC6BADF80420ADF806C027
:105230006B4662462521A04702B010BD002837D03A
:1052400070B503681C4A41681C4C002B08BF13460C
:105250008268236082B0C3E9001205469047236844
:1052600000228DF803201A680DF10301166801ABC6
:1052700004220120B0472A7C019EEB68A2B102F112
:10528000FF3C5FFA8CFC1A1F03EB8C0C01E06245BB
:105290000AD052F8043FD3E9000170400840F6D12B
:1052A0002268936002B070BD4FF0FF3002B070BD55
:1052B0004FF0FF30704700BF009E0120F89D012095
:1052C000074B10B51868816882B0096900220C6B21
:1052D000019201AB0F21A047019802B010BD00BFA1
:1052E000F89D0120000000000B4B10B51868836882
:1052F0009FED077B1B6982B01C6B8DED007B10213D
:105300006B460022A047DDE9000102B010BD00BFDE
:105310000000000000000000F89D0120074B10B5C0
:105320001868816882B0096900220C6B019201AB98
:105330001146A047019802B010BD00BFF89D0120A2
:10534000064B30B41C68A16802460869056B00234F
:105350002046AC46142130BC604700BFF89D0120B8
:10536000064B30B41C68A16802460869056B00232F
:105370002046AC46152130BC604700BFF89D012097
:10538000034B01461868826813699B6A184700BF7F
:10539000F89D0120064B30B41C68A16802460869DC
:1053A000056B00232046AC465D2130BC604700BF42
:1053B000F89D0120064B30B41C68A16802460869BC
:1053C000056B00232046AC461B2130BC604700BF64
:1053D000F89D0120084A10B503461068826882B023
:1053E00011698DF807300C6B0DF1070300221E21A7
:1053F000A04702B010BD00BFF89D0120034B01463D
:105400001868826813691B68184700BFF89D01205F
:1054100010B5064B82B000220190186881680C69B3
:1054200001AB246B8D21A04702B010BDF89D012077
:10543000034B0146186882681369DB69184700BF8F
:10544000F89D0120064A106810B484682469246B12
:105450000023A4461A465DF8044B1921604700BF9B
:10546000F89D0120064A30B41468A1680346086913
:10547000056B00222046AC46172130BC604700BFB8
:10548000F89D0120064A30B41468A16803460869F3
:10549000056B00222046AC46182130BC604700BF97
:1054A000F89D0120084B30B51C68A26883B01169D3
:1054B000ADF806000D6B0DF1060300221F212046FA
:1054C000A84703B030BD00BFF89D0120084B30B5A0
:1054D0001C68A26883B01169ADF806000D6B0DF170
:1054E0000603002221212046A84703B030BD00BF9B
:1054F000F89D0120064B30B41C68A5682D696D68C5
:105500001346AC460A460146204630BC604700BF01
:10551000F89D0120064B30B41C68A5682D69AD6864
:105520001346AC460A460146204630BC604700BFE1
:10553000F89D0120084B30B51C68A26883B0116942
:10554000ADF806000D6B0DF1060300226E2120461A
:10555000A84703B030BD00BFF89D0120084A10B530
:1055600003461068826882B011698DF807300C6BB1
:105570000DF1070300220421A04702B010BD00BFB7
:10558000F89D012010B5064B82B0002201901868EA
:1055900081680C6901AB246B0521A04702B010BDE6
:1055A000F89D012070B5114D044628688268126983
:1055B00084B0166B02AB00223921B04728689DF8F1
:1055C000092081689DF80830096903EB0223002255
:1055D0000D6BADF80620238038210DF10603A84796
:1055E000BDF90630638004B070BD00BFF89D012096
:1055F000034B01461868826813695B69184700BF4E
:10560000F89D0120064A30B41468A1680346086971
:10561000056B00222046AC46682130BC604700BFC5
:10562000F89D0120074B10B51868816882B00969A0
:1056300000220C6B019201AB6C21A047019802B0D3
:1056400010BD00BFF89D0120064A106810B48468A0
:105650002469246B0023A4461A465DF8044B0321F9
:10566000604700BFF89D0120034B0146186882681F
:1056700013695B6A184700BFF89D012010B5064BFF
:1056800082B000220190186881680C6901AB246B1C
:105690005821A04702B010BDF89D0120084B30B53D
:1056A0001C68A26883B01169ADF806000D6B0DF19E
:1056B0000603002256212046A84703B030BD00BF94
:1056C000F89D0120084B30B51C68A36883B01B69A6
:1056D000ADF804001D6B8DF8061001AB00224221CD
:1056E0002046A84703B030BDF89D0120064B30B4DA
:1056F0001C68A16802460869056B00232046AC4679
:105700003F2130BC604700BFF89D0120094B1B685A
:1057100000B5864603F10C0CBEE80F00ACE80F00A4
:10572000BEE80F00ACE80F009EE80F008CE80F0009
:105730005DF804FBF89D0120034B186818B18368DD
:105740001B695B6B18477047F89D0120064B30B40E
:105750001C68A5682D692D6A1346AC460A460146A9
:10576000204630BC604700BFF89D0120084B30B593
:105770001C68A26883B01169ADF806000D6B0DF1CD
:105780000603002264212046A84703B030BD00BFB5
:10579000F89D0120084B30B51C68A26883B01169E0
:1057A000ADF806000D6B0DF10603002265212046C1
:1057B000A84703B030BD00BFF89D0120064A30B4B1
:1057C0001468A16803460869056B00222046AC46B0
:1057D000622130BC604700BFF89D0120094B30B505
:1057E0001C68A36883B01B69ADF8060000221D6B1E
:1057F0008DF8042001AB59212046A8479DF80400EC
:1058000003B030BDF89D0120084B30B51C68A3687B
:1058100083B01B69ADF804001D6B8DF8061001AB59
:1058200000225A212046A84703B030BDF89D012030
:10583000084B30B51C68A36883B01B69ADF8040041
:105840001D6BADF8061001AB002261212046A84770
:1058500003B030BDF89D012069B1431E10B4074C60
:105860001944104613F8012F50409942205CF9D199
:105870005DF8044B70471046704700BFC8F0030046
:10588000084B10B502461868836882B01B698DF812
:1058900000201C6B01916B4600222921A04702B019
:1058A00010BD00BFF89D012010B5064B82B000224C
:1058B0000190186881680C6901AB246B1221A04724
:1058C00002B010BDF89D0120064B30B41C68A568DD
:1058D0002D69ED681346AC460A460146204630BCA9
:1058E000604700BFF89D012070B51D4613460A466B
:1058F0000146064882B000689DF8186084682469F3
:10590000CDE90056A469A04702B070BDF89D012002
:1059100070B5084C246882B0A6681D4613460A4636
:10592000014620463469009500250195A469A047E9
:1059300002B070BDF89D0120084B10B51868816851
:1059400082B0096900220C6BADF806200DF1060348
:105950003021A047BDF9060002B010BDF89D01201E
:10596000084A10B503461068826882B011698DF844
:1059700007300C6B0DF1070300222B21A04702B06A
:1059800010BD00BFF89D0120064A30B41468A1681C
:1059900003460869056B00222046AC46522130BC04
:1059A000604700BFF89D0120064B30B41C68A16819
:1059B00002460869056B00232046AC46552130BCE1
:1059C000604700BFF89D012030B5094B85B01C68C9
:1059D0008DF80C20A368ADF804001B6902911D6BC3
:1059E000002201AB6D212046A84705B030BD00BFA5
:1059F000F89D0120084A10B503461068826882B0FD
:105A000011698DF807300C6B0DF1070300225C2142
:105A1000A04702B010BD00BFF89D0120084A10B594
:105A200003461068826882B011698DF807300C6BEC
:105A30000DF1070300224421A04702B010BD00BFB2
:105A4000F89D0120084B10B51868816882B009697B
:105A500000220C6B8DF807200DF107034521A047AC
:105A60009DF8070002B010BDF89D0120064A10689D
:105A700010B484682469246B0023A4461A465DF898
:105A8000044B4721604700BFF89D0120064A10687B
:105A900010B484682469246B0023A4461A465DF878
:105AA000044B4D21604700BFF89D0120094B30B5E4
:105AB0001C68A36883B01B69ADF8060000221D6B4B
:105AC0008DF8042001AB32212046A8479DF8040040
:105AD00003B030BDF89D0120064A106810B48468F8
:105AE0002469246B0023A4461A465DF8044B7921EF
:105AF000604700BFF89D0120064B30B41C68A168C8
:105B000002460869056B00232046AC467B2130BC69
:105B1000604700BFF89D0120084A10B50346106891
:105B2000826882B011698DF807300C6B0DF10703A4
:105B300000220621A04702B010BD00BFF89D012041
:105B400010B5064B82B000220190186881680C697C
:105B500001AB246B7F21A04702B010BDF89D01204E
:105B6000074B10B51868816882B0096900220C6B78
:105B7000019201AB8121A047019802B010BD00BF86
:105B8000F89D01200B4B30B519688B6883B01B69F9
:105B900000221D6BADF80420044601AB8DF80620F1
:105BA00008468521A8479DF80630BDF804002370FB
:105BB00003B030BDF89D0120084A10B503461068B7
:105BC000826882B011698DF807300C6B0DF1070304
:105BD0000022A021A04702B010BD00BFF89D012007
:105BE000084A10B503461068826882B011698DF8C2
:105BF00007300C6B0DF107030022A821A04702B06B
:105C000010BD00BFF89D01200F4B70B51B689C684C
:105C100084B00D4621690190144600220E6B00925B
:105C2000CDE9025418468F216B46B047029B1A6893
:105C30005B686B60039B2A6093E8030084E80300C1
:105C4000009804B070BD00BFF89D012030B50C4B2A
:105C500085B01C688DF80810A36803921B690021A9
:105C6000CDE900101D6B0A466B4690212046A847DF
:105C700010B9009805B030BD4FF0FF30FAE700BF13
:105C8000F89D0120084A10B503461068826882B06A
:105C900011698DF807300C6B0DF10703002291217B
:105CA000A04702B010BD00BFF89D0120034B014684
:105CB0001868826853691B6A184700BFF89D012065
:105CC000084A10B503461068826882B011698DF8E1
:105CD00007300C6B0DF107030022AD21A04702B085
:105CE00010BD00BFF89D0120094B10B50246186891
:105CF000836882B01B698DF804201C6B8DF8051039
:105D000001AB0022AE21A047002002B010BD00BFB1
:105D1000F89D0120084A10B503461068826882B0D9
:105D200011698DF807300C6B0DF107030022AF21CC
:105D3000A047002002B010BDF89D0120084A10B510
:105D400003461068826882B011698DF807300C6BC9
:105D50000DF107030022B021A047002002B010BDC2
:105D6000F89D0120084B30B51C68A26883B011690A
:105D7000ADF806000D6B0DF106030022B12120469F
:105D8000A847002003B030BDF89D0120084B30B576
:105D90001C68A36885B01B6901901D6B8DF8081005
:105DA000039201AB002295212046A84705B030BDE3
:105DB000F89D0120084B30B51C68A36885B01B69AD
:105DC00001901D6B8DF80810039201AB0022962103
:105DD0002046A84705B030BDF89D0120084B30B5DE
:105DE0001C68A36883B01B6900901D6B8DF80410BC
:105DF0006B46002234212046A84703B030BD00BFC7
:105E0000F89D0120064B30B41C68A1680246086961
:105E1000056B00232046AC467C2130BC604700BFA8
:105E2000F89D0120064B30B41C68A1680246086941
:105E3000056B00232046AC46972130BC604700BF6D
:105E4000F89D0120064A106810B484682469246B08
:105E50000023A4461A465DF8044B0221604700BFA8
:105E6000F89D01202DE9F0419DF818709DF81C6007
:105E700038B390462AB31D460C46D6F763FF00EBB5
:105E8000C4344046D6F75EFFA4EB40000E4C00023F
:105E900005EB4505A4FB00306D02082F4FEA90206A
:105EA000ADB206D847F2CD132844C01A00B2BDE8FF
:105EB000F08147F6B31347F6B302002E18BF13461E
:105EC000F2E70248F3E700BFC54215180080FFFF64
:105ED0002DE9F0419208890802FB02F201FB012141
:105EE000800800FB00109DF818509DF81C709DF86C
:105EF000206020B3984613B3D6F724FF04464046EB
:105F0000D6F720FFA4EB40000E4C000205EB450540
:105F1000A4FB00306D02082F4FEA9020ADB206D8E6
:105F200047F2CD132844C01A00B2BDE8F08147F60D
:105F3000B31347F6B302002E18BF1346F2E7024828
:105F4000F3E700BFC54215180080FFFF10B50378C6
:105F50000C465BB951B1012381F821304B6A0BB17A
:105F6000886A984763680022C3F8002510BD0000C6
:105F70000D4A017810B5002314461078884207D1E5
:105F800030225343E018E154012380F8233010BD40
:105F900092F823000028F3D00133032B02F13002E2
:105FA000EBD10020F3E700BFB09E012070B50D4695
:105FB000044610B96FF00A007FE00029FAD090F88B
:105FC000223043B1002380F8223090F82C3013B1F6
:105FD000043000F041FAAB6BDB4303F0010384F8BB
:105FE0002C30002BE6D02378022B67D0032B69D00E
:105FF000002BDFD12372414B636004F10C061022A9
:1060000000213046E9F732FFD5E9003203F01F03E3
:1060100043EA42132373D5E9033203F01F0343EA33
:106020004213E373D5E9063203F01F0343EA421338
:106030006373D5E9093203F01F0343EA4213A373E4
:1060400095F834306374FF232D4AA3742B6B93426D
:106050003CD22C4A93423CD22B4A93423CD22B4A0C
:1060600093423CD82A4A93423CD82A4A93423CD88D
:10607000294A93423CD8294A934294BF4FF0007377
:106080004FF080636361AB6B03F00602023A042AAF
:1060900096BF234902228A5C2276C3F30012C3F31F
:1060A0008033627623741F4A23463146201D00F058
:1060B000E9F800BB012384F8223070BD012323726C
:1060C000194B99E702232372184B95E74FF0A05321
:1060D000D8E74FF02063D5E74FF00043D2E74FF009
:1060E0008043CFE74FF00053CCE74FF08053C9E730
:1060F0004FF00063C6E76FF00B00DEE700300040B2
:106100000048E8010024F40000127A00FF083D0076
:106110007F841E003F420F001FA107008FD00300A5
:10612000C8F103004D5F03000030024000F0024060
:1061300010B5044678B1002380F8223090F82C3056
:1061400013B1043000F088F9302200212046E9F72D
:106150008DFE002010BD6FF00A00FBE71FB504465E
:1061600028B3002380F8213090F82C30DBB150F8B0
:10617000043F0722C3F800250B6800938B68019346
:106180004B680A690293CB680393694600F0BAF939
:10619000636A3BB994F82130002BFBD0636800227E
:1061A000C3F8002508B16FF00B0004B010BD6FF00C
:1061B0000A00FAE71F2886BF054A00F01F004FF0CB
:1061C000A042012303FA00F0C2F80C05704700BF9B
:1061D000000300501F2886BF054A00F01F004FF043
:1061E000A042012303FA00F0C2F80805704700BF7F
:1061F00000030050D0F8183107B523B3134B984271
:1062000001BF134B1A684FF08043C3F8002E0023E0
:10621000C0F81831D0F81831C87F0193FF28019BCE
:1062200003D08B7F63B1FFF7C5FF002308460B72D5
:106230004B7750F8083B496803B05DF804EB18470A
:10624000FFF7C8FFF1E703B05DF804FB00F0024080
:10625000409F012001490248FFF7CCBF449F012025
:106260000030004001490248FFF7C4BF689F012089
:106270000030024001490248FFF7BCBF8C9F01205B
:1062800000F002402DE9F74F06796E4D01934FF073
:10629000240909FB06F905EB090A93469AF81C2024
:1062A00080460C46002A40F0C9800768664A384696
:1062B00052F82610F0F72AFB0146002840F0C08073
:1062C00045F809B0019BCAF80430237B2078012BE4
:1062D00000F29D80FFF76EFF23781F2B86BF03F02F
:1062E0001F035A4A4FF0A04203F5E073012042F821
:1062F000230094F80190B9F1FF0F00F08B8048461D
:10630000FFF758FFB9F11F0F8BBF09F01F034B4672
:106310004E4A4FF0A04203F5E073032042F82300F9
:10632000A378FF2B79D01F2B8BBF03F01F021A46D7
:1063300046484FF0A04002F5E0724FF0040C40F8E0
:1063400022C09A46242202FB065282F82030E078CE
:10635000D077FF2816D02379002B61D0FFF72AFFD2
:10636000E3781F2B86BF03F01F03384A4FF0A0428B
:1063700003F5E073032042F82300242303FB0653B4
:1063800022799A772378C7F80835A368C7F80C955F
:10639000C7F810A5C7F82435637B227B003B18BFE4
:1063A0000123022A3FD0032A40D0012A01D143F021
:1063B0000203C7F85435A379C7F8C0350723C7F8D7
:1063C000003524237343EB58B3B1D8F80030627919
:1063D00043F3073052010028C3F30733D2B228DB5E
:1063E0001B4C271887F800230122400903F01F03E4
:1063F00002FA03F344F82030242303FB065500235C
:106400006B7701232B77084603B0BDE8F08FFFF7C9
:10641000E1FE61E74FF0FF3982E74FF0FF3A91E785
:10642000FFF7D8FE9CE743F00403C2E743F00603FE
:10643000BFE7084803F00F03C254DDE70821E2E795
:106440001121E0E7449F0120D0F103000003005038
:1064500000E100E014ED00E070B50579254C24233F
:106460006B43E35893B103681A0B43F30733002BD4
:106470000CDB02F01F015B0901228A4020331E4918
:1064800041F82320BFF34F8FBFF36F8F24236B435B
:10649000E218E35800687BB1184BC0F80833537F0B
:1064A00053B101234361D0F80431002BFBD02423E6
:1064B00003FB054300225A77242303FB054393F88B
:1064C0002030FF2B0BD01F2B86BF03F01F030C4A7D
:1064D0004FF0A04203F5E073022142F8231000269A
:1064E000C0F80065F0F72EFA242303FB0544267755
:1064F00070BD00BF449F012000E100E05201080090
:10650000000300502DE9F34107795C4E24237B43BF
:106510001446F2180D46517F8046002940F0AC80A9
:10652000F35823B114F0140F04BF0123537795E8F7
:106530000F004FF0240C0CFB076C0CF10C0E8EE8D6
:106540000F009CF81F00FF2804D09CF81E30C3B138
:10655000FFF740FE286820B100F06043B3F1005F10
:1065600006D1AA6882B102F06043B3F1005F0BD09C
:10657000242303FB076600237377102002B0BDE8D5
:10658000F081FFF717FEE5E7D8F800306968C3F837
:106590004405ED68C3F84815C3F83425384AC3F8F4
:1065A0003855934223D14FF08042D2F8005E354AED
:1065B0001560E1B1344D20F4FF5222F01F02AA42CF
:1065C00049D8C2F34F350144DFF8C0C00120A840CC
:1065D000002502F50052914245EA00054FEA4000CD
:1065E00001D96245F5D34FF08042C2F8005E002227
:1065F000C3F81821D3F818210192019A14F001026E
:1066000018BF0122C3F8502514F0020218BF01225E
:10661000C3F8402522075CBF01221A6124227A4375
:10662000B258F2B9D3F81821002AFBD0144A934289
:1066300001BF144B1A684FF08043C3F8002E242387
:1066400003FB0766F07FFF2803D0B47F34B1FFF768
:10665000B1FD002092E74FF48075C4E7FFF7BAFD63
:10666000F7E714F004004FF0400202D0C3F808230B
:10667000EFE7C3F8042381E711207FE7449F01205F
:1066800000F00240409F0120FFFF00200020012079
:10669000CCF70ABECCF71ABE10B5ECF75BFB04468C
:1066A00008B1ECF78FFB204610BD08B1ECF778BBC2
:1066B0007047D0E900320820184700007FB5134624
:1066C00070B1019108490022CDE90413083001ABF3
:1066D0000521CDE9022203F0E3FE07B05DF804FBDB
:1066E0006FF00A00F9E700BFB769030030B50C4648
:1066F0008FB005466A460321204603F0B1FA07AA87
:106700000021204603F0ACFAAA880121204603F0BC
:10671000E9FAAB7983B12A680221204603F0EDFA49
:10672000EB794BB1102B01D0202B10D105F10802D1
:106730000321204603F0F5FA07A9204603F0AEFA3C
:106740006946204603F0AAFA00200FB030BD6FF072
:106750000A00FAE7F0B50C468FB006466A461B21E0
:10676000204603F07DFA0025337AAB4206DC694609
:10677000204603F093FA00200FB0F0BD7768294659
:1067800007AA204603F06CFA57F82520012120467D
:1067900003F0B3FA07A9204603F080FA0135E3E7D6
:1067A00030B50C4689B0054601AA0D21204603F0FC
:1067B00057FA2A680121204603F09FFAAA8802218D
:1067C000204603F08FFAEA880321204603F08AFA74
:1067D0006A7A0521204603F07AFA6A890621204662
:1067E00003F080FA042305F10C020721204603F090
:1067F00098FA01A9204603F051FA002009B030BDF3
:10680000F0B50C4697B0074601AA2321204603F0B5
:1068100027FA3D1D00263B68B34205F1070506D85F
:1068200001A9204603F03AFA002017B0F0BD314626
:1068300008AA204603F014FA15F8072C0121204677
:1068400003F045FA15F8062C0221204603F03FFA22
:1068500015F8052C0321204603F039FA0FAA04216C
:10686000204603F0FDF915F8042C0121204603F021
:106870002EFA15F8032C0221204603F028FA0FA95E
:10688000204603F00BFA15F8022C0521204603F0F0
:106890001EFA15F8012C0621204603F018FA08A963
:1068A000204603F0FBF90136B5E72DE9F0470C4629
:1068B00096B0074601AA0A21204603F0D1F9002626
:1068C0004FF01C093B68B34207DC01A9204603F0E6
:1068D000E5F9002016B0BDE8F087D7F804A009FB61
:1068E00006F80AEB080508AA3146204603F0B8F975
:1068F0001AF808200121204603F0E9F96A780221FC
:10690000204603F0E4F9AB780BB30FAA032120462D
:1069100003F0A6F905F1040A4FF00008AB784345EF
:106920001BDC0FA9204603F0B9F9EB787BB10FAA65
:106930000421204603F094F905F1140A4FF00008F1
:10694000AB78434512DC0FA9204603F0A7F908A94C
:10695000204603F0A3F90136B4E741463AF8022B8A
:10696000204603F0BFF908F10108D7E741461AF8BD
:10697000012B204603F0ABF908F10108E0E770B500
:106980000C4688B0064601AA0B21204603F068F9A0
:1069900000257368AB4206DC01A9204603F07EF9AE
:1069A000002008B070BD336829465A5D204603F0C8
:1069B0008EF90135EDE710B40446D4E901320846FA
:1069C00021785DF8044B03F015B92DE9F0470C462A
:1069D000D0E900238EB01A210646204603F097F92D
:1069E0006A461B21204603F03BF900254FF00C0AB4
:1069F000337CAB4207DC6946204603F04FF90020A8
:106A00000EB0BDE8F087D6F80C900AFB05F809EB4C
:106A10000807294607AA204603F022F959F808205A
:106A20000121204603F069F9BA880221204603F0CB
:106A300059F9FA880321204603F054F9BA7A04215F
:106A4000204603F044F93A890521204603F04AF92B
:106A500007A9204603F022F90135C9E710B50B015B
:106A6000002400EB01111470C25001238B818B8034
:106A70008C6010BD30B595B00C4605465022002103
:106A80006846E9F7F3F901220723A118ADF81420AD
:106A9000ADF81C30ADF83420ADF83C300422A31C16
:106AA00004940C9108931444022369462846ADF8D7
:106AB0002430ADF82C201094ADF84430ADF84C20C3
:106AC000CFF794FA002818BF6FF00A0015B030BD58
:106AD0002DE9F043ADF6042D0E46DDF8248A154667
:106AE0001F46044600284ED0B8F1000F4BD04FF49B
:106AF0003A7276A9684603F071F804F108006B4613
:106B00000922314603F04AFD0446A0BB01464FF47A
:106B1000D0720EA8E9F7AAF90DF11C0940F20D1385
:106B200019220EA96846ADF85C401894CDF858902B
:106B3000ADF86430CFF75AFA0446C8B90DF5986637
:106B400001464FF4A8623046E9F790F92B0106EBB5
:106B5000051246F80380DDF8203A93800123946003
:106B600017735373314653224846CFF73FFA044612
:106B70006846CDF79BFB684603F02EF820460DF6DD
:106B8000042DBDE8F0836FF00A04F7E707B5019321
:106B9000012300930723FFF79BFF03B05DF804FB7D
:106BA00007B50193042300930923FFF791FF03B076
:106BB0005DF804FB2DE9F04F2DED028BADF5257D41
:106BC00000AF05468846164600214FF4D07207F103
:106BD000F000E9F74BF910210120CCF723FA044625
:106BE000002800F0428100234FF0070BC8F8000096
:106BF000A7F8C43186F800B0C7F8C83107F1180605
:106C000040F20D13192207F1F0012846C7F8C061C0
:106C1000A7F8CC31CFF7EAF9814600287AD10146AE
:106C2000E0606081802207F17000E9F71FF904231A
:106C3000A7F8843040F20913A7F88C30A21D04F1A4
:106C40000803C7F8B030C7F8A02040F2071304F1DA
:106C50000A02A7F8BC30C7F8D020231D0D224FF040
:106C600002084FF48475C7F89030A7F8EC2007F1BC
:106C700034034FF0010A5A4607F170013046C7F855
:106C80008890C7F8B890C7F89890C7F8A890C7F848
:106C9000D890A7F8E490C7F8E890C7F88040A7F824
:106CA000B4A0A7F89480A7F89C50A7F8A480A7F8F0
:106CB000AC50A7F8D480A7F8DC50C7F8E030CFF785
:106CC00095F9814630BB97F8ED20930722D56B46A6
:106CD0000146202207F1500008EE103A07F1160B8A
:106CE000E9F7C4F8524607F1500107F13400A7F85C
:106CF0001690C7F86890C7F860B0A7F86480A7F846
:106D00006C50CFF773F98146002875D1FA8A4AB9D9
:106D10006FF00A09484607F52577BD46BDEC028BA2
:106D2000BDE8F08F61890029F2D0B1FBF2F39DB28A
:106D300002FB13139BB203B101354FEA450A0AF176
:106D400001026B46A3EB02139D460AF1070323F0F1
:106D50000703AD00EB46ADEB030DEB1D23F007037E
:106D6000C7F80CD0ADEB030DE846120100215846E0
:106D7000E9F77CF82A4600214046E9F777F807F161
:106D800034034FF00009C7F8E03007220D2307F164
:106D900070013046A7F8E490C7F8E890A7F8EC3007
:106DA000CFF724F9F968C7F808900A4652440BF166
:106DB000100346467A6040464FF0010C4FF004093C
:106DC0004FF00C0E7A68914203F1200318D152461D
:106DD000594607F13400CFF709F9A8448146002845
:106DE0003AD161890120CCF71DF90546E06088B3EE
:106DF000FB689C1E464520D118EE103A9D4689E757
:106E00004FF0020223F81C2CBA6843F8182C4FF0FC
:106E1000080203F8142CBA6843F8201C43F8100C3D
:106E200003F813CC23F80C9C43F8082C03F804EC6B
:106E300003F803CC02310430C4E734F8022F316880
:106E40002846E9F705F856F8040BCCF70FF9238824
:106E50001D44CFE76FF01009B045CDD056F8040BB4
:106E60000028F9D0CCF702F9F6E76FF0100951E7E6
:106E70002DE9F04FADF5097D0446884617460021FF
:106E80004FF4D07220A8E8F7F1FF00226C21012016
:106E900005928DF81220CCF7C5F80DF114090DF10B
:106EA0001206054600287CD0002209217E926E92AF
:106EB000ADF8C421729240F20D12C8F800004FF0F4
:106EC00001033970ADF8CC2120464FF0040B40F29D
:106ED000091A40F2071809AF192220A9CDF8F0913C
:106EE000ADF8F4B1ADF8FCA16C96ADF8B431ADF8E5
:106EF000BC817097CFF77AF80446002846D1D9F8BC
:106F000000302B6033782B71402201468DF813003E
:106F10000DEB0200E8F7AAFF05F108031493022322
:106F2000ADF854304FF48473ADF85C3005F10C03C8
:106F3000189305F110031C934FF001030DF1130694
:106F400016941A941E94ADF87C8085F86840ADF8CC
:106F500064B0ADF86CA0ADF874300C244FF00808A4
:106F60000DF1180995F86820072A0DD814FB028343
:106F70000092CDE901962B44032210A93846CFF7A1
:106F8000E5F810B9337833B90020044620460DF5F2
:106F9000097DBDE8F08F95F86830013385F86830D9
:106FA000E0E76FF01004F1E72DE9F047ADF5606D13
:106FB0000C4681464FF4606200216846E8F756FFB0
:106FC000A31D04274FF00C0A0493631C07264FF0FF
:106FD000010804EB0A020893394604F10B036846E2
:106FE0000C93ADF81CA0ADF82CA0ADF81470ADF862
:106FF0002470ADF83480ADF83C60FFF72FFD04F14C
:107000000D0205216846FFF729FD04F10E02062155
:107010006846FFF723FD04F10F0231466846FFF78B
:107020001DFD04F1100208216846FFF717FD04F169
:10703000110209216846FFF711FD04F112020A212D
:107040006846FFF70BFD04F113020B216846FFF7BA
:1070500005FD514604F114026846FFF7FFFC04F1F8
:1070600015020D216846FFF7F9FC04F116020E2106
:107070006846FFF7F3FC04F117020F216846FFF79B
:10708000EDFC04F1180210216846FFF7E7FC04F15B
:10709000190211216846FFF7E1FC04F11A021221DE
:1070A0006846FFF7DBFC04F11B0213216846FFF77B
:1070B000D5FC04F11C0214216846FFF7CFFC04F153
:1070C0001D0215216846FFF7C9FC04F11E021621B6
:1070D0006846FFF7C3FC04F11F0217216846FFF75B
:1070E000BDFC04F1200218216846FFF7B7FC04F14B
:1070F000210219216846FFF7B1FC04F122021A218E
:107100006846FFF7ABFC04F123021B216846FFF73A
:10711000A5FC04F124021C216846FFF79FFC04F142
:1071200025021D216846FFF799FC04F126021E2165
:107130006846FFF793FC04F127021F216846FFF71A
:107140008DFC04F1280220216846FFF787FC00250A
:1071500004F12C034FF0090A04F1300223216846A0
:107160008893ADF824728A95ADF82CA2FFF776FCCF
:1071700004F1310224216846FFF770FC04F1320269
:1071800025216846FFF76AFC04F133022621684690
:10719000FFF764FC04F1340227216846FFF75EFC28
:1071A00004F1350228216846FFF758FC04F1360245
:1071B00029216846FFF752FC04F137022A2168466C
:1071C000FFF74CFC04F13A03AC930223ADF8B43260
:1071D00004F13C0208232C216846ADF8BC32AE9580
:1071E000FFF73CFC04F13D022D216846FFF736FC19
:1071F00004F13E022E216846FFF730FC04F13F0205
:107200002F216846FFF72AFC04F14002302168462E
:10721000FFF724FC04F1410231216846FFF71EFC10
:1072200004F1420232216846FFF718FC04F14302E0
:1072300033216846FFF712FC04F14402342168460A
:10724000FFF70CFC04F1450235216846FFF706FC08
:1072500004F1460236216846FFF700FC04F14702BC
:1072600037216846FFF7FAFB04F1480238216846E7
:10727000FFF7F4FB04F1490239216846FFF7EEFB02
:1072800004F14A023A216846FFF7E8FB04F14B0299
:107290003B216846FFF7E2FB04F14C023C216846C3
:1072A000FFF7DCFB04F14D023D216846FFF7D6FBFA
:1072B00004F14E023E216846FFF7D0FB04F14F0275
:1072C0003F216846FFF7CAFB04F15002402168469F
:1072D000FFF7C4FB04F1510241216846FFF7BEFBF2
:1072E00004F1520242216846FFF7B8FB04F1530251
:1072F00043216846FFF7B2FB04F15402442168467B
:10730000FFF7ACFB04F1550245216846FFF7A6FBE9
:1073100004F15803CDF8603404F1640204F1600311
:1073200048216846CDF87034ADF86474CDF86854DF
:10733000ADF86CA4ADF87474CDF87854ADF87CA4B5
:10734000FFF78CFB04F1650249216846FFF786FBD5
:1073500004F166024A216846FFF780FB04F16702E8
:107360004B216846FFF77AFB04F168024C2168461E
:10737000FFF774FB04F16A03CDF8D03404F16D0219
:1073800004F16C034F216846CDF8E034ADF8D484A5
:10739000CDF8D854ADF8DC64ADF8E484CDF8E85409
:1073A000ADF8EC64FFF75AFB04F16E025021684619
:1073B000FFF754FB04F16F0251216846FFF74EFBC3
:1073C00004F1700252216846FFF748FB04F1710294
:1073D00053216846FFF742FB04F1720254216846CC
:1073E000FFF73CFB04F1730255216846FFF736FBBB
:1073F00004F1740256216846FFF730FB04F1750270
:1074000057216846FFF72AFB04F1760258216846A7
:10741000FFF724FB04F17803CDF8903504F17B02EB
:1074200004F17A035B216846ADF89485CDF8985550
:10743000ADF89C65CDF8A035ADF8A485CDF8A8557C
:10744000ADF8AC65FFF70AFB5B2269464846CEF70C
:10745000CDFD30BB9DF81D30C3F3400363719DF833
:107460002D30C3F3400323709DF83D30C3F3400338
:10747000A3729DF82D32C3F3400384F829309DF8A0
:10748000BD32C3F3400384F838309DF86D34C3F344
:10749000400384F856309DF87D34C3F3400384F8EC
:1074A0005C300DF5606DBDE8F0872DE9F04FADF271
:1074B000746D0024CDE90512804621464FF4D07248
:1074C00060A80A940B940C94E8F7D0FC40F20912DF
:1074D000ADF8FC22ADF80C2210AB0C2204270D26CF
:1074E0000AAD0DF12C090DF1300BADF88C22709323
:1074F0000DF1780A17AB192260A94046ADF8C441D6
:10750000ADF86442ADF87442BC95ADF8F472CDF8B4
:107510000092ADF80472CDF880B2ADF88472ADF887
:10752000CC619893ADF86C62CDF870A2ADF87C6236
:10753000CEF75CFD044668B99DF8CD21930740F174
:10754000E783024620210120CBF73CFE824648B962
:107550006FF010040C98CEF7F9FC20460DF2746D14
:10756000BDE8F08F2A680260D9F800204260DBF89D
:107570000020C26121464FF4D072C8A8CBF8004069
:10758000E8F774FC25AB1922C8A94046ADF8B4430E
:10759000EE94EC93ADF8BC63CEF728FD04460028CA
:1075A00039D10146602248A8E8F760FC0AF10803D7
:1075B0004C930923ADF83C31ADF85C310123ADF8B3
:1075C000643140F20713ADF86C310AF110030AF18F
:1075D0000C0250930823ADF834715492ADF85471F5
:1075E0000DF12605ADF844312CAF0A23052248A938
:1075F00010A84E94569458955A945294ADF84C3124
:107600005C97ADF874415E94ADF87C61CEF7EEFC0A
:1076100028B16FF00A045046CBF728FD9AE79DF891
:107620007D3113F0020F2B7814BF3E460026032B4A
:10763000EFD8DFE813F02A030400B8011C0101228F
:107640004FF484711046CBF7BDFD054610B96FF0BD
:107650001004E0E7059BC0F800A01860069B012716
:107660001F70002E00F0A9804FF4887200210DF5E4
:107670009860E8F7FBFB4FF0020B05F10803CDF82B
:10768000D03405F10C024FF4847359460DF598601F
:10769000ADF8DC34ADF8D4B4FFF7E0F905F10B0236
:1076A0000521CDF80025ADF84C1505F10D020D2191
:1076B00005F10A03CDF81025ADF85C1505F11002AF
:1076C000ADF86C15ADF87C1505F114010024CDF86A
:1076D000F034CDF8402507230422CDF880150DF1B4
:1076E000CC080DF1E80941A805F11601ADF8F474D4
:1076F000ADF80475ADF81475ADF84425ADF88C25DA
:10770000CDF8F844ADF8FC34CDF80845ADF80C35AB
:10771000CDF81845ADF81C35CDF84845CDF8508565
:10772000ADF85445CDF85845CDF86095ADF86445B1
:10773000CDF86845CDF87005ADF87445CDF87845BD
:10774000ADF884B5CDF88845CDF89015ADF89C25F9
:1077500005F11802CDF8A02505F11902CDF8B025E4
:1077600005F12602ADF8A475ADF8B475ADF8C47591
:10777000ADF894B5CDF89845CDF8A845ADF8AC3541
:10778000CDF8B845ADF8BC35CDF8C025CDF8C84525
:10779000ADF8CC350DF127076A68029705EB421367
:1077A0000DA9CDE90021083310220DF5986130466E
:1077B000CEF7CCFC08B93B783BB99DF8BD0310F07F
:1077C000020040F072820446C4E6D5F804B09DF889
:1077D000FD249DF8ED1405EB4B101143847A01F064
:1077E000020151EA040304BF212181729DF84D1565
:1077F0004FEA4B1288075EBFA9186FF0004008617E
:107800009DF85D1589071CD49DF86D158B0707D56C
:1078100002F11A0129444846FFF72CF90446D8B969
:107820009DF87D25940708D50BF1010105EB411169
:1078300041A8FFF71FF9044670B96B6801336B600C
:10784000AAE702F11A01294440460792FFF712F90C
:10785000079A04460028D7D0059B00261E602846BC
:10786000CBF704FC069B1E70002CA6D0D3E60122A9
:107870004FF49A711046CBF7A5FC054600283FF45B
:10788000E6AE059BC0F800A01860069B02241C70A1
:10789000002E92D04FF4887200210DF59860E8F721
:1078A000E5FA05F10803CDF8D03405F10A03CDF867
:1078B000F03440F20713ADF8FC34ADF81C35ADF8E8
:1078C0002C3505F10E03012105F10B07CDF83035FC
:1078D00033AB00224FF48470ADF8F414CDF810757A
:1078E000ADF8141505F10C07ADF82415CDF8503599
:1078F0000DF1E8090D2341A9CDF82075ADF8D44468
:10790000ADF8DC04ADF83445ADF83C05ADF85425D0
:10791000ADF85C35CDF86095ADF86425ADF86C3503
:10792000CDF87015ADF87425ADF87C3514270DF140
:1079300027080DF1340B6A68009207FB0253CDE96A
:1079400001B8083310220DF598613046CEF7FEFBE2
:1079500000287FF432AF98F80030002B3FF42DAFB1
:107960009DF86D256B68900711D49DF87D259107D2
:1079700009D507FB0351163141A8FFF77BF80446F0
:1079800000287FF469AF6B6801336B60D3E707FBB6
:107990000351103148460793FFF76CF8079B0446E4
:1079A0000028E2D058E74FF4D87200210DF5986016
:1079B000E8F75CFA01220C211046CBF703FC0746DE
:1079C00000283FF444AE059B069AC0F800A018605A
:1079D00004231370002E3FF4F0AE0DF1E809494680
:1079E0003046CEF70AFC0446002840F0338107F108
:1079F000080833AB4A4641A93046CEF704FC04469A
:107A0000002840F027819DF8CC30002B3FF4D5AE04
:107A1000012250211046CBF7D5FB0546002800F087
:107A20002B81031DCDF8D03440F207124FF484733C
:107A3000ADF8DC34ADF8EC24831DC21D0830CDF860
:107A4000000505F10900CDF8100505F10A00CDF893
:107A5000200505F10B00CDF8400505F10C000221D1
:107A6000CDF8E034CDF8F02401230722CDF830051D
:107A700005F1140E05F10D00ADF8D414CDF8D8447D
:107A8000ADF8E434CDF8E844ADF8F434CDF8F8447A
:107A9000ADF8FC24ADF80435CDF80845ADF80C255B
:107AA000ADF81435CDF81845ADF81C25ADF82435E2
:107AB000CDF82845ADF82C25ADF84435CDF848452E
:107AC000ADF84C25ADF83435CDF83845ADF83C155A
:107AD000CDF85005CDF8B0E505F1160E05F10E0014
:107AE000CDF8A0E505F1170ECDF8700505F1120CE3
:107AF00005F11000CDF8C0E505F1180ECDF86005D0
:107B0000CDF890C508204FF0040CCDF8D0E505F174
:107B1000190EADF85435CDF85845ADF85C25ADF8E3
:107B20007435CDF87845ADF87C25ADF86415CDF801
:107B30006845ADF86C05ADF89415CDF89845ADF8ED
:107B40009CC5ADF8B415CDF8B845ADF8BCC5ADF8D9
:107B5000A435CDF8A845ADF8AC25ADF8C435CDF8C1
:107B6000C845ADF8CC25ADF8D435CDF8D845ADF83D
:107B7000DC25CDF880E5ADF8843505F11A03CDF8A4
:107B8000103605F11C03CDF8003605F12003CDF8C1
:107B9000E0350A23ADF88C25ADF8EC3505F1280267
:107BA000ADF8FC3505F13003CDF8F025CDF82036E1
:107BB00005F134020923ADF82C36CDF83026ADF8A6
:107BC0003C3605F1440205F13803CDF85036CDF8C6
:107BD00060260C230622CDF88845ADF81416CDF8A2
:107BE0001846ADF81C06ADF80416CDF80846ADF8F9
:107BF0000C06ADF8E405CDF8E845ADF8F405CDF890
:107C0000F845ADF824C6CDF82846ADF834C6CDF811
:107C10003846ADF85436CDF85846ADF85C36ADF878
:107C20006426CDF868461A22ADF86C36ADF84416D5
:107C300005F14A03ADF84C060DF5986141A8CDF861
:107C40004846CDF84036CEF7D1F9044668B128460B
:107C5000CBF70CFA059A00231360BD687DB938464E
:107C6000CBF704FA069B1D70FEE57B68C8F8005050
:107C70000133A8467B60BCE66FF01004EAE72E688B
:107C80002846CBF7F3F93546E8E7012204211046F0
:107C9000CBF798FA00283FF4DAAC059B069AC0F8B7
:107CA00000A018600323137087E5302200210DF532
:107CB0009860E8F7DBF801210820CBF755FACAF8FD
:107CC000180000283FF4C3AC40F20913CDF8D004EB
:107CD000ADF8DC34DAF81830042100220B44ADF89A
:107CE000D414CDF8D824CDF8E034ADF8E414CDF8B0
:107CF000E8244FF4867302220DF5986125A8ADF8AB
:107D0000EC34CEF773F9044600283FF423AC82E448
:107D10009DF86D329A072BD508210120CBF782F907
:107D200000283FF415AC059B069A18602B680546A1
:107D3000214645F8043B052313700DF59860202279
:107D4000E8F794F8012240F20713CDF8D054ADF8CB
:107D5000D424CDF8D844ADF8DC340DF5986117A8DB
:107D6000CEF744F9041E18BF6FF00A04FFF7F2BB08
:107D70009DF87D329B073BD508210120CBF752F9B6
:107D8000064600283FF4E4AB059B069A18602B6872
:107D90000546214645F8043B062313700DF598600F
:107DA0004022E8F763F80223ADF8D4344FF484732B
:107DB000ADF8DC34B31D0122CDF8E034073640F2D3
:107DC0000713ADF8E424ADF8F424CDF8D054CDF881
:107DD000D844CDF8E844ADF8EC34CDF8F064CDF8F3
:107DE000F844ADF8FC3403220DF598615046B7E72E
:107DF0006FF00A04FFF7AEBBF0B5164685B0044637
:107E0000E8B1E2B14FF4806202920A9A019200F165
:107E100008070C4A00920246384602F003FB05466A
:107E200050B90949384602F031FB0849384602F09A
:107E300034FB0B9B26606360284605B0F0BD6FF0F5
:107E40000A05F9E78CC50300B3660300858E0300BD
:107E500010B1083002F00ABB704710B1083002F0D0
:107E60000EBB6FF00A00704710B50B46044668B1B0
:107E700061B17C2200211846E7F7F8FF0549024668
:107E800004F10800BDE8104002F09CBB6FF00A004E
:107E900010BD00BFA96F030010B1083002F010BB85
:107EA0006FF00A00704720B100230222083002F070
:107EB00075BB6FF00A00704720B100230322083021
:107EC00002F06CBB6FF00A00704720B1002304225F
:107ED000083002F063BB6FF00A00704713B5144618
:107EE00050B14AB10DF10702083002F0CDFB9DF808
:107EF0000730236002B010BD6FF00A00FAE70000FF
:107F000010B586B078B172B1084B01910024CDE96B
:107F10000232062101AB22460830CDE9044402F0CA
:107F2000BFFA06B010BD6FF00A00FAE7ED66030075
:107F300010B586B078B172B1084B01910024CDE93B
:107F40000232072101AB22460830CDE9044402F099
:107F5000A7FA06B010BD6FF00A00FAE7ED6603005D
:107F60002DE9F0470E46ADF52E7D15460446002856
:107F700000F08280002A7FD0802226A908A801F084
:107F80002DFE04F1080008AB0C22314602F006FB7E
:107F9000044638B108A801F01FFE20460DF52E7DDD
:107FA000BDE8F08701464FF4D07246A8E7F75EFFC0
:107FB00021464FF4A2722846E7F758FF0FAF0D2372
:107FC000192246A908A8ADF84C4154945297ADF82F
:107FD0005431CEF70BF8A0460446002847D19DF84F
:107FE00055319B0705D4C5F8400108A8CCF75EF9C8
:107FF000D0E70146402216A8E7F738FF2B1D1A9359
:108000000223ADF86C304FF48473ADF87430042360
:10801000ADF87C3009230DF113061C9486F800801E
:108020001E952094ADF884304FF028080DF1140906
:10803000D5F84031072BD8DC08FB035A0093CDE973
:1080400001965346032216A93846CEF77FF888B921
:108050003378002BC9D09DF88530C3F340038AF8EC
:108060000630D5F840310133C5F84031E0E76FF014
:108070000A04BAE70446B8E76FF00A048DE710B5C2
:10808000D2B0144601AAFFF76BFF08B9519B2360D9
:1080900052B010BD10B1083002F0D1BA6FF00A0032
:1080A0007047000010B586B088B182B1D36873B153
:1080B000084B01910024CDE902320F2101AB224689
:1080C0000830CDE9044402F0EBF906B010BD6FF0C2
:1080D0000A00FAE7A16703001FB52824CDE90232A0
:1080E00001AA8DF80440FEF7E9FA04B010BD1FB5EF
:1080F0002924CDE9023201AA8DF80440FEF7DEFA08
:1081000004B010BD1FB501238DF803208DF8043095
:10811000029301AA0DF103030393FEF7CFFA05B012
:108120005DF804FB13460122FEF730BD1FB50223A4
:108130008DF8043001238DF80320029301AA0DF17C
:1081400003030393FEF7BAFA05B05DF804FB134688
:108150000222FEF71BBD1FB503238DF80430012357
:108160008DF80320029301AA0DF103030393FEF798
:10817000A5FA05B05DF804FB13460322FEF706BD21
:108180001FB504238DF8043001238DF803200293DA
:1081900001AA0DF103030393FEF790FA05B05DF811
:1081A00004FB13460422FEF7F1BC1FB505238DF82E
:1081B00004300223ADF80220029301AA6B4403931A
:1081C000FEF77CFA05B05DF804FB07B502230192C7
:1081D000009305220823FEF77BFC03B05DF804FB47
:1081E0007FB5CDE90023082303AA8DF80C30049352
:1081F000CDF814D0FEF762FA07B05DF804FB07B5BE
:108200000192082200920A23FEF762FC03B05DF897
:1082100004FB1FB509238DF80430042300920DEBF5
:1082200003020293CDF80CD0FEF748FA05B05DF8D2
:1082300004FB13460922FEF7B3BC1FB50A238DF8D1
:108240000430042300920DEB03020293CDF80CD00E
:10825000FEF734FA05B05DF804FB13460A22FEF778
:108260009FBC1FB50B238DF80430042300920DEB47
:1082700003020293CDF80CD0FEF720FA05B05DF8AA
:1082800004FB13460B22FEF78BBC1FB50D238DF8A4
:108290000430042300920DEB03020293CDF80CD0BE
:1082A000FEF70CFA05B05DF804FB13460D22FEF74D
:1082B00077BC1FB50E238DF80430042300920DEB1C
:1082C00003020293CDF80CD0FEF7F8F905B05DF883
:1082D00004FB13460E22FEF763BC1FB50F238DF877
:1082E0000430042300920DEB03020293CDF80CD06E
:1082F000FEF7E4F905B05DF804FB13460F22FEF724
:108300004FBC1FB510238DF8043001238DF80320D6
:10831000029301AA0DF103030393FEF7CFF905B011
:108320005DF804FB13461022FEF730BC1FB5112385
:108330008DF8043001238DF80320029301AA0DF17A
:1083400003030393FEF7BAF905B05DF804FB134687
:108350001122FEF71BBC1FB507238DF80430012343
:108360008DF80320029301AA0DF103030393FEF796
:10837000A5F905B05DF804FB13460722FEF706BC1D
:108380001FB512238DF8043001238DF803200293CA
:1083900001AA0DF103030393FEF790F905B05DF810
:1083A00004FB13461222FEF7F1BB1FB513238DF811
:1083B000043001238DF80320029301AA0DF1030379
:1083C0000393FEF77BF905B05DF804FB1346132217
:1083D000FEF7DCBB1FB514238DF8043001238DF8A4
:1083E0000320029301AA0DF103030393FEF766F93C
:1083F00005B05DF804FB13461422FEF7C7BB1FB59A
:1084000015238DF8043001238DF80320029301AA6F
:108410000DF103030393FEF751F905B05DF804FB7A
:1084200013461522FEF7B2BB1FB516238DF8043094
:108430000223ADF80220029301AA6B440393FEF7D6
:108440003DF905B05DF804FB07B5022301920093E6
:1084500016220823FEF73CFB03B05DF804FB1FB5B2
:1084600017238DF8043001238DF80320029301AA0D
:108470000DF103030393FEF721F905B05DF804FB4A
:1084800013461722FEF782BB1FB518238DF8043060
:1084900001238DF80320029301AA0DF10303039336
:1084A000FEF70CF905B05DF804FB13461822FEF741
:1084B0006DBB1FB519238DF8043001238DF80320FF
:1084C000029301AA0DF103030393FEF7F7F805B039
:1084D0005DF804FB13461922FEF758BB1FB51A239B
:1084E0008DF8043001238DF80320029301AA0DF1C9
:1084F00003030393FEF7E2F805B05DF804FB1346AF
:108500001A22FEF743BB1FB51B238DF8043001234D
:108510008DF80320029301AA0DF103030393FEF7E4
:10852000CDF805B05DF804FB13461B22FEF72EBB09
:108530001FB51C238DF8043001238DF8032002930E
:1085400001AA0DF103030393FEF7B8F805B05DF837
:1085500004FB13461C22FEF719BB1FB51D238DF823
:10856000043001238DF80320029301AA0DF10303C7
:108570000393FEF7A3F805B05DF804FB13461D2234
:10858000FEF704BB1FB51E238DF8043001238DF8C0
:108590000320029301AA0DF103030393FEF78EF863
:1085A00005B05DF804FB13461E22FEF7EFBA1FB5B7
:1085B0001F238DF8043001238DF80320029301AAB4
:1085C0000DF103030393FEF779F805B05DF804FBA2
:1085D00013461F22FEF7DABA1FB520238DF80430A8
:1085E00001238DF80320029301AA0DF103030393E5
:1085F000FEF764F805B05DF804FB13462022FEF791
:10860000C5BA1FB521238DF8043001238DF803204E
:10861000029301AA0DF103030393FEF74FF805B08F
:108620005DF804FB13462122FEF7B0BA1FB52223E2
:108630008DF8043001238DF80320029301AA0DF177
:1086400003030393FEF73AF805B05DF804FB134605
:108650002222FEF79BBA1FB524238DF80430012394
:108660008DF80320029301AA0DF103030393FEF793
:1086700025F805B05DF804FB13462422FEF786BA00
:108680001FB525238DF80430042300920DEB03025F
:108690000293CDF80CD0FEF711F805B05DF804FB9D
:1086A00013462522FEF77CBA1FB52A238DF8043025
:1086B00001238DF80320029301AA0DF10303039314
:1086C000FDF7FCFF05B05DF804FB13462A22FEF718
:1086D0005DBA1FB52B238DF8043001238DF80320DC
:1086E000029301AA0DF103030393FDF7E7FF05B021
:1086F0005DF804FB13462B22FEF748BA1FB52C2366
:108700008DF8043001238DF80320029301AA0DF1A6
:1087100003030393FDF7D2FF05B05DF804FB134696
:108720002C22FEF733BA1FB52D238DF80430012318
:108730008DF80320029301AA0DF103030393FDF7C3
:10874000BDFF05B05DF804FB13462D22FEF71EBAEF
:108750001FB52E238DF8043001238DF803200293DA
:1087600001AA0DF103030393FDF7A8FF05B05DF81F
:1087700004FB13462E22FEF709BA1FB52F238DF8EE
:108780000430042300920DEB03020293CDF80CD0C9
:10879000FDF794FF05B05DF804FB13462F22FEF7AA
:1087A000FFB91FB530238DF8043001238DF8032065
:1087B000029301AA0DF103030393FDF77FFF05B0B8
:1087C0005DF804FB13463022FEF7E0B91FB53123F4
:1087D0008DF8043001238DF80320029301AA0DF1D6
:1087E00003030393FDF76AFF05B05DF804FB13462E
:1087F0003122FEF7CBB91FB532238DF804300123A7
:108800008DF80320029301AA0DF103030393FDF7F2
:1088100055FF05B05DF804FB13463222FEF7B6B9EA
:108820001FB533238DF8043001238DF80320029304
:1088300001AA0DF103030393FDF740FF05B05DF8B6
:1088400004FB13463322FEF7A1B91FB534238DF87C
:108850000430042300920DEB03020293CDF80CD0F8
:10886000FDF72CFF05B05DF804FB13463422FEF73C
:1088700097B91FB535238DF80430042300920DEB12
:1088800003020293CDF80CD0FDF718FF05B05DF898
:1088900004FB13463522FEF783B91FB536238DF846
:1088A0000430042300920DEB03020293CDF80CD0A8
:1088B000FDF704FF05B05DF804FB07B50423019242
:1088C000009336220523FEF703F903B05DF804FB9D
:1088D0001FB537238DF80430042300920DEB0302FB
:1088E0000293CDF80CD0FDF7E9FE05B05DF804FB6E
:1088F00007B504230192009337220523FEF7E8F819
:1089000003B05DF804FB1FB538238DF80430022353
:10891000ADF80220029301AA6B440393FDF7CEFE4B
:1089200005B05DF804FB07B50223019200933822DD
:108930000423FEF7CDF803B05DF804FB1FB539231F
:108940008DF804300223ADF80220029301AA6B4493
:108950000393FDF7B3FE05B05DF804FB07B50223F2
:108960000192009339220423FEF7B2F803B05DF8B8
:1089700004FB1FB53A238DF8043001238DF8032042
:10898000029301AA0DF103030393FDF797FE05B0CF
:108990005DF804FB13463A22FEF7F8B81FB53B23F7
:1089A0008DF8043001238DF80320029301AA0DF104
:1089B00003030393FDF782FE05B05DF804FB134645
:1089C0003B22FEF7E3B81FB53C238DF804300123AA
:1089D0008DF80320029301AA0DF103030393FDF721
:1089E0006DFE05B05DF804FB13463C22FEF7CEB8E1
:1089F0001FB53D238DF8043001238DF80320029329
:108A000001AA0DF103030393FDF758FE05B05DF8CD
:108A100004FB13463D22FEF7B9B81FB53E238DF87F
:108A2000043001238DF80320029301AA0DF1030302
:108A30000393FDF743FE05B05DF804FB13463E22A9
:108A4000FEF7A4B81FB53F238DF8043001238DF83D
:108A50000320029301AA0DF103030393FDF72EFEF9
:108A600005B05DF804FB13463F22FEF78FB81FB533
:108A700040238DF8043001238DF80320029301AACE
:108A80000DF103030393FDF719FE05B05DF804FB38
:108A900013464022FEF77AB81FB541238DF8043003
:108AA00001238DF80320029301AA0DF10303039320
:108AB000FDF704FE05B05DF804FB13464122FEF706
:108AC00065B81FB542238DF8043001238DF80320CB
:108AD000029301AA0DF103030393FDF7EFFD05B027
:108AE0005DF804FB13464222FEF750B81FB543233E
:108AF0008DF8043001238DF80320029301AA0DF1B3
:108B000003030393FDF7DAFD05B05DF804FB13469C
:108B10004322FEF73BB81FB544238DF804300123F0
:108B20008DF80320029301AA0DF103030393FDF7CF
:108B3000C5FD05B05DF804FB13464422FEF726B8D8
:108B40001FB545238DF8043001238DF803200293CF
:108B500001AA0DF103030393FDF7B0FD05B05DF825
:108B600004FB13464522FEF711B81FB547238DF8C5
:108B7000043001238DF80320029301AA0DF10303B1
:108B80000393FDF79BFD05B05DF804FB13464722F8
:108B9000FDF7FCBF1FB548238DF8043001238DF885
:108BA0000320029301AA0DF103030393FDF786FD51
:108BB00005B05DF804FB13464822FDF7E7BF1FB57B
:108BC00049238DF8043001238DF80320029301AA74
:108BD0000DF103030393FDF771FD05B05DF804FB90
:108BE00013464922FDF7D2BF1FB54A238DF8043042
:108BF00001238DF80320029301AA0DF103030393CF
:108C0000FDF75CFD05B05DF804FB13464A22FDF755
:108C1000BDBF1FB54C238DF80430042300920DEB2B
:108C200003020293CDF80CD0FDF748FD05B05DF8C6
:108C300004FB13464C22FDF7B3BF1FB54D238DF83F
:108C40000430042300920DEB03020293CDF80CD004
:108C5000FDF734FD05B05DF804FB13464D22FDF72A
:108C60009FBF1FB54E238DF8043001238DF80320DC
:108C7000029301AA0DF103030393FDF71FFD05B055
:108C80005DF804FB13464E22FDF780BF1FB54F234E
:108C90008DF8043001238DF80320029301AA0DF111
:108CA00003030393FDF70AFD05B05DF804FB1346CB
:108CB0004F22FDF76BBF7FB5CDE9002350238DF820
:108CC0000C3003AA08230493CDF814D0FDF7F6FC6A
:108CD00007B05DF804FB07B508230192009350220A
:108CE0000A23FDF7F5FE03B05DF804FB1FB5512321
:108CF0008DF8043001238DF80320029301AA0DF1B1
:108D000003030393FDF7DAFC05B05DF804FB13469B
:108D10005122FDF73BBF1FB552238DF804300123CC
:108D20008DF80320029301AA0DF103030393FDF7CD
:108D3000C5FC05B05DF804FB13465222FDF726BFC3
:108D40001FB553238DF8043001238DF803200293BF
:108D500001AA0DF103030393FDF7B0FC05B05DF824
:108D600004FB13465322FDF711BF1FB54624CDE97E
:108D7000022301AA8DF80440FDF7A0FC04B010BD49
:108D800007B5CDE900230C234622FDF7A1FE03B071
:108D90005DF804FB1FB526238DF804300223CDE9CE
:108DA000023201AAFDF78AFC05B05DF804FB07B5A5
:108DB00002230192009326220C23FDF789FE03B0C3
:108DC0005DF804FB1FB527238DF804300623CDE999
:108DD000023201AAFDF772FC05B05DF804FB07B58D
:108DE00006230192009327220C23FDF771FE03B0A6
:108DF0005DF804FB1FB50C238DF804300923CDE981
:108E0000023201AAFDF75AFC05B05DF804FB07B574
:108E1000092300930C2301921A46FDF759FE03B073
:108E20005DF804FB10B586B090B18AB113680A2BC7
:108E30000ED8094B01910024CDE90432052101AB84
:108E400022460830CDE9024401F02AFB06B010BDED
:108E50006FF00A00FAE700BF0168030010B504468E
:108E600078B183692BB15868D5F73BFEA069CAF782
:108E7000FDF8E069CDF76AF82046BDE81040CAF772
:108E8000F5B810BD37B50023102904468DF803301E
:108E9000104601931DD0142921D008292DD10DF1A0
:108EA000030201A9FEF701FB28B9D4E900320199B8
:108EB0009DF803009847019CFCB19DF80330013BED
:108EC000082B1AD8DFE803F02020201116162416EC
:108ED00016000DF1030201A9FDF76CFEE4E70DF1A8
:108EE000030201A9FDF7C4FFDEE72068FFF7B6FF24
:108EF000A06820B92046CAF7B9F803B030BD0568AC
:108F0000CAF7B4F82846F4E72068FFF7A7FFF1E7AF
:108F1000E0680028EED0CAF7A9F8EBE7F0B51D46E7
:108F2000ADF2045D0646002860D0002A5ED0002B1A
:108F30005CD0304B04910024CDE9053286A94FF472
:108F40003A7209A8CDE9074400F048FE04AB09AA2B
:108F50000D2106F1080001F0A3FA21464FF4D0726A
:108F60001EA8E6F783FF0123ADF83C3140F207135A
:108F7000ADF844310DF102070D2310AE19221EA9E0
:108F800009A8ADF82C414E974A96ADF83431CDF78B
:108F90002DF86C600446F8B93B782B709DF835319C
:108FA0009B0719D501A93046CDF727F9044698B992
:108FB0000DF1030301AA17A93046CDF724F90446A1
:108FC00050B99DF803303BB16B68189A591C696021
:108FD0002B4412781A72EBE709A8CBF767F909A8B6
:108FE00000F0FAFD20460DF2045DF0BD6FF00A04BA
:108FF000F8E700BFAB680300F0B51D46ADF2045DB5
:109000000646002860D0002A5ED0002B5CD0304B92
:1090100004910024CDE9053286A94FF43A7209A8DB
:10902000CDE9074400F0DAFD04AB09AA0E2106F1F0
:10903000080001F035FA21464FF4D0721EA8E6F779
:1090400015FF0123ADF83C3140F20713ADF8443170
:109050000DF102070D2310AE19221EA909A8ADF8C3
:109060002C414E974A96ADF83431CCF7BFFF6C6077
:109070000446F8B93B782B709DF835319B0719D51C
:1090800001A93046CDF7B9F8044698B90DF10303AC
:1090900001AA17A93046CDF7B6F8044650B99DF895
:1090A00003303BB16B68189A591C69602B441278E5
:1090B0001A72EBE709A8CBF7F9F809A800F08CFDC4
:1090C00020460DF2045DF0BD6FF00A04F8E700BF22
:1090D0007F69030070B50E46F4B0154604460028BB
:1090E00038D0002A36D0102201A905A800F076FD5C
:1090F00004F1080005AB1122314601F04FFA044695
:1091000028B105A800F068FD204674B070BD014686
:109110004FF4D0720CA8E6F7A9FE0423ADF8A431F1
:1091200040F20913ADF8AC310223ADF844311922F5
:109130004FF484730CA905A86A945294CDF8A0D179
:109140005095ADF84C31CCF751FF044605A8CBF74C
:10915000ADF8D6E76FF00A04D6E7000010B586B088
:1091600078B172B1084B01910024CDE90232162189
:1091700001AB22460830CDE9044401F091F906B074
:1091800010BD6FF00A00FAE7CB69030010B586B096
:1091900078B172B1084B01910024CDE90232172158
:1091A00001AB22460830CDE9044401F079F906B05C
:1091B00010BD6FF00A00FAE7556703001FB55200B3
:1091C000CDE90223062401AA8DF80440FDF776FAC2
:1091D00004B010BDF0B50F46ADF60C2D15461E4679
:1091E000044600284FD0002A4DD0002B4BD04FF41E
:1091F0003A7278A902A800F0F1FC04F1080002AB71
:109200000922394601F0CAF90446A8BB01464FF4C9
:10921000D07210A8E6F72AFE09AF40F20D1319220A
:1092200010A902A81897ADF864401A94ADF86C30F4
:10923000CCF7DCFEE8B94FF4A86221460DF5996041
:10924000E6F714FECDF82865102301AEADF82C35F5
:1092500053224FF486730DF599613846ADF83435D5
:10926000CDF83065CCF7C2FE336803EBD3735B10E7
:109270002B6002A8CBF71AF802A800F0ADFC20463C
:109280000DF60C2DF0BD6FF00A04F8E7F0B597B0BD
:10929000144605460E460C2205A908A81F4600F0F4
:1092A0009DFC631C28D00FAA002108A800F0D8FC60
:1092B000E2B2012108A800F00AFD0FA908A800F0F9
:1092C000EDFC044690B99DF838306BB908AB2A1D07
:1092D000CDE901322969094B2A686868039700962D
:1092E000CAF7BFFF044601E06FF00A0408A800F0C7
:1092F00073FC204617B0F0BD0023E8E784BE0300EE
:109300002DE9F04F41F26C01ADF5377D06460120A5
:109310001546C9F787FE0446002800F074816022D4
:1093200000211AA8E6F7A2FD40F20713ADF8843039
:109330000023ADF88C30284640F20D130DF10209E0
:1093400001270DF1140A05221AA9CDF87890ADF87D
:109350007C70CDF888A0ADF89430CCF747FE054678
:10936000002840F04D8101464FF4047232A8E6F720
:109370007DFD04F108013E9104F10C01429104F1DC
:109380001001469104F114014A9104F11801231DC2
:109390004E9104F11C0109224FF0070C3A935291AF
:1093A000042304F12001ADF8DC70ADF8F420ADF831
:1093B0000421ADF81421ADF82421ADF83421ADF825
:1093C0004421ADF8542136943895ADF8E4C0ADF899
:1093D000EC303C95ADF8FC304095ADF80C3144953F
:1093E000ADF81C314895ADF82C314C95ADF83C31B9
:1093F0005095ADF84C315495569104F124015A9191
:1094000004F128015E9104F12C01629104F1300114
:10941000669104F134016A9104F138016E9104F10E
:109420003C010820729104F13E0E0221ADF8642146
:10943000ADF87421ADF88421ADF89421ADF8A421E4
:10944000ADF8B421ADF8C421ADF8CC11ADF8D4011C
:10945000CDF8D8E1ADF85C315895ADF86C315C953C
:10946000ADF87C316095ADF88C316495ADF89C31E8
:109470006895ADF8AC316C95ADF8BC3170957495CC
:10948000ADF8DC71ADF8EC7104F1400782974FF450
:10949000805704F5825BADF80C720C27ADF814729E
:1094A0005F461F4486975F460744ADF804020DEB04
:1094B00003088A97ADF834021F44ADF854025846A9
:1094C0008E9714301F4404F13F0EADF8FC11ADF837
:1094D0002422ADF82C12ADF844229297ADF84C122C
:1094E00096907895ADF8E4C1CDF8E8E17C95ADF8BB
:1094F000F4C1CDF8F8B18095C8F80050CDF81082CD
:10950000ADF81C3288958C95ADF83C3290959495C9
:10951000ADF85C32ADF864225A4618329A920A4489
:109520009E920D22ADF8942204F583520A44A6922D
:1095300004F583521A44AA9204F583520832AE927B
:109540000522ADF8C4225A461232ADF86C12ADF8BD
:109550007C120CAFADF89C12ADF8AC12B292ADF823
:10956000CC12202232A9504698959C95ADF87432C1
:10957000A095ADF88432A297ADF88C52A495A89529
:10958000ADF8A432AC95ADF8B432ADF8BC32B095BC
:10959000B4958DF8D4328DF8D552CCF727FD78BB31
:1095A000D8F80030ABF800309DF895329B0721D5F4
:1095B00002A93846CCF721FE10BB5D461C350DF1E3
:1095C000030302AA13A93846CCF71DFEC0B99DF8C3
:1095D00003307BB12B78012B0CD8179A022A0FD1BC
:1095E000149A118803F62C0204EB42020133D18055
:1095F0002B70E4E7F36899F80010706922469847E9
:109600002046C9F733FD0DF5377DBDE8F08FF0B585
:1096100089B00E4617461D4601AA0521044600F0F2
:109620001FFB002D59D02A780121204600F04FFB66
:109630006A880221204600F055FBAA7905212046C0
:1096400000F045FBEA790421204600F040FBAA889F
:109650000321204600F046FBAA680621204600F0C0
:109660004CFB2A7B0721204600F031FB6A7B082156
:10967000204600F02CFBAA7B0921204600F027FBA6
:10968000EA7B0A21204600F022FB2A7C0B2120469F
:1096900000F01DFB6A7C0C21204600F018FBAA7C20
:1096A0000D21204600F013FBEA7C0E21204600F03D
:1096B0000EFB2A7D0F21204600F009FB6A7D102158
:1096C000204600F004FBAA691121204600F015FB9A
:1096D0002A7F1221204600F0FAFA8EB33268132155
:1096E000204600F00AFB72681421204600F005FBBA
:1096F000B2681521204600F000FBF26816212046D2
:1097000000F0FBFA327C1721204600F0E0FA727C70
:109710001821204600F0DBFA72691921204600F07A
:10972000ECFAB2691A21204600F0E7FA327F1B21D9
:10973000204600F0CCFAF28B1C21204600F0D2FA31
:109740003FB107F580533A461B681D21204600F0C3
:10975000E8FA01A9204600F0A1FA30B9237E002BD7
:1097600018BF6FF00A0009B0F0BD6FF00A00FAE709
:109770002DE9F0470C4692B091469A468046002863
:109780005FD0002B42D1002A41D100293AD0A02538
:1097900029460120C9F746FC0746002854D004AEEC
:1097A00001462A46304600F019FA0BAA002130463D
:1097B00000F056FA214653464A463046FFF727FF47
:1097C0000446C8B90BA9304600F068FA044698B9B7
:1097D0009DF8283093BB08F10403CDE9016305230C
:1097E000009303901C4BD8F80020D8F81010D8F83C
:1097F0000400CAF736FD0446304600F0EDF938465D
:10980000C9F734FC204612B0BDE8F087FAB109F57B
:1098100080531B68B3F5805F13DC002C14BFA025B8
:109820000025BAF1000F03D0A035B9F1000FAFD079
:1098300009F580531B6810331D44A9E76FF00A0433
:10984000DAE76FF00A04DDE76FF01004DAE70029C9
:1098500014BFA0250025E7E784BE030000234FF0D6
:10986000FF321946FFF712BD00234FF0FF320221ED
:10987000FFF70CBD30B5A5B00446102205A80D4673
:1098800001A900F0ABF9204605AB4FF0FF320321F0
:10989000FFF7FCFC044628B105A800F09DF920461E
:1098A00025B030BD014660220CA8E6F7DFFA0DF1C5
:1098B00003031C930123ADF87430052240F2071313
:1098C0000CA905A81E94ADF87C30CCF78FFB04469C
:1098D00010B99DF803302B6005A8CAF7E7FCDBE759
:1098E000002370B50D4611461A460446FFF740FFA7
:1098F000034630B92A4620460121BDE87040FFF7F3
:10990000C5BC70BD2DE9F04105462F1D08463946FE
:1099100090461E46CAF782FA0446E8B9079B6B6177
:10992000C5F80C803046E7F78EF80130C9F760FBC8
:109930002861A0B13146E7F77EF8069B09492B6004
:109940002A463846CAF792FB044628B12869C9F767
:109950008DFB3846CAF77EFA2046BDE8F0816FF0ED
:109960001004F6E70193030038B504460025C560EE
:1099700045610430CAF76EFA2069C9F777FB2561A3
:1099800038BDF0B50C46ADF5197D05462022002105
:109990002046E6F76BFA4FF6FF736380A3806022E0
:1099A000002108A8E6F762FA0023ADF874302846D3
:1099B00040F20D1301AE052208A91C96ADF87C30CB
:1099C000CCF714FB0546002840F0A0800146A71DF7
:1099D0004FF4F07220A8E6F749FA3497E71DA11C6E
:1099E0003097271D28912C974FF4847104F10C07B0
:1099F0000220ADF8AC10ADF8BC103C9704F10801A2
:109A000004F10D07012240F20713ADF8A400ADF8F0
:109A1000B4003891042040F20911409704F10E0778
:109A20002494ADF89420ADF8D420ADF8C420ADF85E
:109A3000E400ADF8EC10ADF8F420ADF80421269563
:109A4000ADF89C302A953695ADF8DC303295ADF8FE
:109A5000CC302E953A953E95ADF8FC304295ADF858
:109A60000C31449704F10F07489704F110074C9705
:109A700004F11107509704F11207549704F11307EA
:109A8000589704F114075C9704F11507609704F1E7
:109A90001807ADF81421ADF82421ADF83421ADF844
:109AA0004421ADF85421ADF86421ADF87421ADF82E
:109AB00084214695ADF81C314A95ADF82C314E9570
:109AC000ADF83C315295ADF84C315695ADF85C315E
:109AD0005A95ADF86C315E95ADF87C316295ADF874
:109AE0008C3164971C34ADF89401ADF89C11ADF83D
:109AF000A42120A91D223046669568946A95ADF888
:109B0000AC31CCF773FA0DF5197DF0BD6FF00A009A
:109B1000F9E730B5ADF5097D04464FF4007201A8B0
:109B20000D4608A900F05AF8204601AB4FF0FF326D
:109B30000421FFF7ABFB044630B101A800F04CF85C
:109B400020460DF5097D30BD294601A8FFF719FF14
:109B5000044601A8CAF7AAFBEFE700220B4611460C
:109B6000FFF706BE00230A461946FFF701BE1FB5E0
:109B70000023CDE90133039301238DF804308B7961
:109B80008DF808308DF809200B7B40688DF80A307D
:109B90000C2201A9CAF7A2FB05B05DF804FB7FB552
:109BA000144600221D460B7B2270CDE90122039250
:109BB00040688DF80C300C22022601A98DF8046053
:109BC000CAF78CFB9DF80D30029A23702A6008B109
:109BD00003B9267004B070BDCCF7FEB970B5044669
:109BE0000D46164600211C22E6F740F9C4E901554E
:109BF000666170BD2DE9F04190461F46044600683D
:109C00000028FBD1237E3BB9D4E90423FD1D25F0B8
:109C100003059B1AAB4205DA012323766FF010008F
:109C2000BDE8F081A668C6B13B1D71803380014656
:109C3000EA1A16FA83F0E6F719F9B8F1000F04D022
:109C40003A464146301DE6F703F9A3682B44A3606A
:109C500023691D4425610020E2E76FF00A00DFE779
:109C60002DE9F0410E461446054698B192B1876839
:109C70001022002104F10C00E6F7F8F80023C4E9F3
:109C80000177256046F4004128461A46BDE8F041B8
:109C9000FFF7B0BF6FF00A00BDE8F08110B5047E99
:109CA00014B16FF0100010BD49688268531A9BB25E
:109CB000042B0B8009D10369043B0361131F8360EC
:109CC00042F8044C037E002BEBD10020EBE707B5F4
:109CD00001238DF807200DF10702FFF78BFF03B07A
:109CE0005DF804FB07B50223ADF806200DF106026E
:109CF000FFF780FF03B05DF804FB07B50423019272
:109D00000DEB0302FFF776FF03B05DF804FB07B528
:109D1000CDE9002308236A46FFF76CFF03B05DF826
:109D200004FBFFF767BF70B50D468CB00369029363
:109D300006464FF0FF31284600F014FA029C2CB979
:109D4000284600F018FA20460CB070BD02AB0DF1A9
:109D5000070203A93046CCF77BFA0028F4D1039A16
:109D60002846D31700F0FBF99DF807305BB102AA33
:109D700005A93046CCF77EFA0028E5D1294605A88A
:109D8000FFF7D1FFDAE702AB04AA05A93046CCF70A
:109D90008AFA0028D8D1DDE90421284600F0EEF93E
:109DA000CCE72DE9F041064688B008460C4600F0A5
:109DB00060F800283FDD204600F057F905283AD129
:109DC000204600F069F91F2817D10121204600F034
:109DD00043F94FF001084FF0FF35B8F1000F2DD0D7
:109DE000204600F059F91F282AD10121204600F011
:109DF00033F9002008B0BDE8F081204600F064F996
:109E00004FF000080546E8E7052814D101AA3946B5
:109E10003046FFF725FF08B10120EBE72146304629
:109E2000FFF7BFFF0028F7D101A93046FFF736FF43
:109E30000028D2D0F0E76FF00A00DBE7002DD8DD74
:109E4000204600F06CF90746204600F00EF9022883
:109E500005F1FF35D8D101AA6946204600F0B4F9D2
:109E6000DDE9002339463046FFF75BFF0028B4D018
:109E7000C0E7C3681BB9D0E90103181A7047002076
:109E8000704700230B70C36810B5024663B9FFF733
:109E9000F0FF0028C1BFD2E900035C1C5460C35C22
:109EA000CEBF0B700223D36010BDC36870B50446EB
:109EB0000E4615462BB9FFF7DCFF904202DA02236B
:109EC000E36070BDD4E9001330461944E5F7C0FFE4
:109ED00062682A446260F4E7F0B5C56887B014464A
:109EE000002600220027CDE904678DF80710ADF8A1
:109EF0000A20039245B9CAB2172AC4E9006705D8F7
:109F0000D2B20023C4E9002307B0F0BD182A06D15D
:109F10000DF10701FFF7B5FF9DF80720F1E7192ABA
:109F200009D102220DF10A01FFF7BFFFBDF80A2097
:109F300052BA92B2E5E71A2A08D1042203A9FFF720
:109F4000B4FF039B1BBAC4E90035DDE71B2A0AD125
:109F5000082204A9FFF7A9FF049B059A1BBA12BAAD
:109F6000C4E90023D0E70322C260CDE7C36810B57F
:109F700002465BB9FFF77DFF0028C5BFD2E90003A9
:109F80005C1C02235460CCBFC154D36010BD70B5BB
:109F900004461D461646FFF7E9FFE36833B920463D
:109FA000FFF767FFA84202DA0223E36070BDD4E93D
:109FB00000032A4618443146E5F74AFF63682B44FC
:109FC0006360F3E7002B73B508BF182A4FEA41110D
:109FD000064614461D46C9B205D21143C9B2FFF761
:109FE000C5FF02B070BD002B08BFB2F5807F06D25E
:109FF00041F01801FFF7BAFFE1B23046EFE7002B5E
:10A0000008BFB2F5803F09D254BAADF80040022330
:10A010006A4641F01901FFF7BAFFE2E7012B08BFDA
:10A02000002A13BA05D200936A46042341F01A01AC
:10A03000F1E72ABACDE9002341F01B0108236A4663
:10A04000E9E700239A4201608260436002DD09B1C2
:10A05000C36070470123FBE7436819448368994252
:10A06000C6BF0223C3604160704713B50446002396
:10A070000DF107018DF80730FFF703FFE3684BB9D7
:10A0800020464FF0FF31FFF7E7FF9DF8070040093A
:10A0900002B010BD0820FBE713B5044600230DF104
:10A0A00007018DF80730FFF7ECFEE36853B920464F
:10A0B0004FF0FF31FFF7D0FF9DF8070000F01F00C1
:10A0C00002B010BD2020FBE773B500220023CDE9CC
:10A0D00000230446FFF7C9FF05462046FFF7DCFFD3
:10A0E000023D064601212046FFF7B6FF032D0FD89B
:10A0F0001F2E08D14FF0FF324FF0FF33CDE9002380
:10A10000009802B070BD6A463146FFF7E5FEF7E7FA
:10A11000E3680BB90323E3604FF0FF30F1E773B559
:10A1200004460026CDE90066FFF79FFFE3689BB970
:10A1300028B10323E360DDE9000102B070BD2046D1
:10A14000FFF7AAFF012105462046FFF785FF6A4673
:10A150002946FFF7C1FEEEE730463146EDE7002124
:10A16000FFF730BF0A1E02DABF21FFF7FFBED31789
:10A170000521FFF727BFFF21FFF7F8BE70B5151EB9
:10A1800004460E4602DA0123E36070BD2A46EB174F
:10A190000221FFF717FF002EF7D0002DF5D0E3685E
:10A1A000002BF2D12046FFF764FEA84201DA022319
:10A1B000EAE7D4E900032A4631461844E5F748FEA9
:10A1C00062682A446260E0E7F8B504460E46174626
:10A1D000FFF77AFF054607B13860E36833B92046D8
:10A1E000FFF747FE854202DD0223E360F8BD6068A9
:10A1F00016B123680344336028446060F6E730B545
:10A200000C468FB005466A4600212046FFF728FD20
:10A2100098B92A6817212046FFF76FFD68B96B6867
:10A2200033B9EB685BB969462046FFF737FD04E0B8
:10A23000A868214698470028F3D00FB030BD07AA80
:10A2400002212046FFF70CFD0028F6D1EB682869B3
:10A25000214698470028F0D107A92046FFF71EFDA8
:10A260000028E0D0E9E770B50446F2B00D464FF49F
:10A27000E072002102A8E5F7F9FDA368ABB1012364
:10A28000ADF86C3100230DF107065C931B2240F200
:10A29000071302A928465A96ADF87431CBF7A6FEEB
:10A2A00018B9A36831786068984772B070BD30B54E
:10A2B000F3B004460D464FF4E072002102A8E5F722
:10A2C000D5FD01AB5E930423ADF87C3140F2091358
:10A2D000ADF884310123ADF86C301B2240F2071336
:10A2E00002A920461A95ADF87430CBF77FFE73B003
:10A2F00030BD2DE9F041ADF5087D04464FF4E07224
:10A300000D4618A80021E5F7B1FD302200210DEB24
:10A310000200E5F7ABFDE368002B40D0042340F2D8
:10A320000912ADF8D431002302AE7693ADF8DC21EA
:10A330000DF11408ADF8843162931B2240F20D1325
:10A3400018A928467496CDF88081ADF88C31CBF7EA
:10A350004DFE20BB012240F207130DF10607ADF8B8
:10A36000442012900DF10705ADF8542016900222FA
:10A370000CA940461097ADF84C301495ADF85C3000
:10A38000CBF734FE58B92B7831683A7803918DF8C1
:10A3900011306068E3688DF8102003A998470DF527
:10A3A000087DBDE8F0810B46122B10B4114608D091
:10A3B000132B0AD0D9B203695BB140685DF8044B36
:10A3C00018475DF8044BFFF74EBF5DF8044BFFF7ED
:10A3D00090BF5DF8044B704730B5F1B005460C46B0
:10A3E0004FF4E07200216846E5F740FD0123ADF827
:10A3F000843140F20713ADF88C3104236094ADF83A
:10A400009431043440F209131B22694628466494AF
:10A41000ADF89C31CBF7EAFD002818BF6FF00A00B9
:10A4200071B030BD7FB5044616460846ACB10A9AF5
:10A430000292099A0192089A00920B49224600F072
:10A440004DF9054660B1142200212046E5F70EFDC6
:10A45000C4E90056002004B070BD6FF00A00FAE7AE
:10A460006FF01000F7E700BFA7A3030010B5044684
:10A4700020B1006800F096F90023236010BD10B1F0
:10A480008160002070476FF00A00704710B1C16012
:10A49000002070476FF00A007047016170470000AC
:10A4A00007B540B13BB100930068044B00F0AFF931
:10A4B00003B05DF804FB6FF00A00F9E7FFA10300A9
:10A4C0002DE9F0418846ADF50A7D17461D46064642
:10A4D000002860D0002B5ED0006805A900F06DF95F
:10A4E0000446002852D101460CAA05A8FFF7B8FB84
:10A4F000044600284AD14246012105A8FFF7FDFB8A
:10A500000446002842D13A46152105A8FFF7DFFB93
:10A51000044600283AD10CA905A8FFF7BFFB044662
:10A52000002833D1102201A913A8FFF757FB306888
:10A5300013AB012205A900F054F9044618BB0146EB
:10A540004FF4E0721AA8E5F791FC0123ADF8EC3165
:10A5500040F20713ADF8F43104237A95ADF8DC31FD
:10A56000043509231B221AA913A87C9478947695A4
:10A57000ADF8E431CBF73AFD041E13A818BF6FF015
:10A580000A04C9F793FE13A8FFF726FB20460DF532
:10A590000A7DBDE8F0816FF00A04F7E7F0B587B0F7
:10A5A0001E4604460F4615460021102202A8E5F774
:10A5B0005DFC01AB3246294620460197FFF770FF4C
:10A5C00007B0F0BDF0B50446ADF57F7D16460D46EB
:10A5D00091B34FF400727EA96846FFF7FFFA00229C
:10A5E00020686B46114600F0FCF8044630B168461E
:10A5F000FFF7F2FA20460DF57F7DF0BD01464FF4DE
:10A60000E0720EA8E5F732FC07AF40F20D131B22F3
:10A610000EA96846ADF88C4024942297ADF894308A
:10A62000CBF7E4FC044618B931463846A84704463F
:10A630006846C9F73BFEDAE76FF00A04DAE770B55F
:10A640000E468CB015460446D8B1D2B1102201A9ED
:10A6500005A8FFF7C3FA204605AB15223146FFF7E0
:10A660009DFF044638B9294605A8FFF7B5FE044604
:10A6700005A8C9F71BFE05A8FFF7AEFA20460CB0E7
:10A6800070BD6FF00A04F9E770B50E468CB0154640
:10A69000044600B3FAB1102201A905A8FFF79EFAFB
:10A6A000204605AB0A223146FFF778FF044660B921
:10A6B0000DF1030105A8FFF7FAFD044610B99DF856
:10A6C00003302B7005A8C9F7F1FD05A8FFF784FA40
:10A6D00020460CB070BD6FF00A04F9E72DE9F74F82
:10A6E000DDF830B0DDF838A00F469046814620B93D
:10A6F0000024204603B0BDE8F08F002FF8D0002AD8
:10A70000F6D0002BF4D0BBF1000FF1D01846019326
:10A71000E6F799F90446461C5846E6F794F9451CB5
:10A7200004F11D00284400F00F02C2F11002504451
:10A7300010440092C8F75CFC04460028D8D000F111
:10A740001C0301991E44BAF1000F29D0009A154448
:10A75000354418460093E6F76EF959463046E6F759
:10A760006AF900211C222046E5F780FB009BA561C9
:10A77000C4E902360D9B2146C4E9043A4846C9F7AC
:10A780004DFB48B9424639462046C9F76FFC0028C0
:10A79000AFD02046C9F75EFB2046C8F767FCA7E7A5
:10A7A0005546D6E710B5044630B1C9F753FB2046ED
:10A7B000BDE81040C8F75ABC10BD08B50B4638B10B
:10A7C00031B1D0E905211846FFF708FA002008BD8D
:10A7D0006FF00A00FBE718B111B10846FFF7FCB9AA
:10A7E00070471FB580B109B199420DD0CDE9020380
:10A7F000CDE90021D0E9033281680068C9F731FD55
:10A8000000B205B05DF804FB6FF00A00F9E72DE92E
:10A81000F041054688B00F4690461E46C3B101A9D7
:10A82000FFF7CBFF044678B90E9801A9B04704465C
:10A8300030B943463A4601A92846FFF7D2FF0446FD
:10A8400001A92846FFF7C7FF204608B0BDE8F08100
:10A850006FF00A04F8E7000081F0004102E000BF59
:10A8600083F0004330B54FEA41044FEA430594EAD0
:10A87000050F08BF90EA020F1FBF54EA000C55EA0B
:10A88000020C7FEA645C7FEA655C00F0E2804FEADC
:10A890005454D4EB5555B8BF6D420CDD2C4480EABE
:10A8A000020281EA030382EA000083EA010180EAEE
:10A8B000020281EA0303362D88BF30BD11F0004F3C
:10A8C0004FEA01314FF4801C4CEA113102D0404272
:10A8D00061EB410113F0004F4FEA03334CEA1333AD
:10A8E00002D0524263EB430394EA050F00F0A780C5
:10A8F000A4F10104D5F1200E0DDB02FA0EFC22FAC0
:10A9000005F2801841F1000103FA0EF2801843FAB3
:10A9100005F359410EE0A5F120050EF1200E012AA4
:10A9200003FA0EFC28BF4CF0020C43FA05F3C018E2
:10A9300051EBE37101F0004507D54FF0000EDCF15B
:10A94000000C7EEB00006EEB0101B1F5801F1BD304
:10A95000B1F5001F0CD349085FEA30004FEA3C0C08
:10A9600004F101044FEA445212F5800F80F09A80FE
:10A97000BCF1004F08BF5FEA500C50F1000041EB02
:10A98000045141EA050130BD5FEA4C0C404141EB06
:10A990000101013C28BFB1F5801FE9D291F0000F01
:10A9A00004BF01460020B1FA81F308BF2033A3F1B0
:10A9B0000B03B3F120020CDA0C3208DD02F1140CA7
:10A9C000C2F10C0201FA0CF021FA02F10CE002F1E2
:10A9D0001402D8BFC2F1200C01FA02F120FA0CFCDB
:10A9E000DCBF41EA0C019040E41AA2BF01EB045124
:10A9F000294330BD6FEA04041F3C1CDA0C340EDC22
:10AA000004F11404C4F1200220FA04F001FA02F364
:10AA100040EA030021FA04F345EA030130BDC4F122
:10AA20000C04C4F1200220FA02F001FA04F340EA17
:10AA30000300294630BD21FA04F0294630BD94F0C8
:10AA4000000F83F4801306BF81F480110134013DAF
:10AA50004EE77FEA645C18BF7FEA655C29D094EA20
:10AA6000050F08BF90EA020F05D054EA000C04BF9E
:10AA70001946104630BD91EA030F1EBF0021002089
:10AA800030BD5FEA545C05D14000494128BF41F028
:10AA9000004130BD14F580043CBF01F5801130BD8C
:10AAA00001F0004545F0FE4141F470014FF0000017
:10AAB00030BD7FEA645C1ABF194610467FEA655CC8
:10AAC0001CBF0B46024650EA013406BF52EA03356A
:10AAD00091EA030F41F4002130BD00BF90F0000F58
:10AAE00004BF0021704730B54FF4806404F1320494
:10AAF0004FF000054FF0000150E700BF90F0000F4D
:10AB000004BF0021704730B54FF4806404F1320473
:10AB100010F0004548BF40424FF000013EE700BF43
:10AB200042004FEAE2014FEA31014FEA02701FBFD3
:10AB300012F07F4393F07F4F81F06051704732F005
:10AB40007F4208BF704793F07F4F04BF41F400215C
:10AB5000704730B54FF4607401F0004521F00041BA
:10AB60001CE700BF50EA010208BF704730B54FF044
:10AB700000050AE050EA010208BF704730B511F045
:10AB8000004502D5404261EB41014FF4806404F17D
:10AB900032045FEA915C3FF4D8AE4FF003025FEA03
:10ABA000DC0C18BF03325FEADC0C18BF033202EB87
:10ABB000DC02C2F1200300FA03FC20FA02F001FAE1
:10ABC00003FE40EA0E0021FA02F11444BDE600BF84
:10ABD00070B54FF0FF0C4CF4E06C1CEA11541DBF33
:10ABE0001CEA135594EA0C0F95EA0C0F00F0DEF8FE
:10ABF0002C4481EA030621EA4C5123EA4C5350EAE3
:10AC0000013518BF52EA033541F4801143F4801333
:10AC100038D0A0FB02CE4FF00005E1FB02E506F0C4
:10AC20000042E0FB03E54FF00006E1FB03569CF019
:10AC3000000F18BF4EF0010EA4F1FF04B6F5007F1F
:10AC400064F5407404D25FEA4E0E6D4146EB060691
:10AC500042EAC62141EA55514FEAC52040EA5E501A
:10AC60004FEACE2EB4F1FD0C88BFBCF5E06F1ED8C4
:10AC7000BEF1004F08BF5FEA500E50F1000041EBFB
:10AC8000045170BD06F0004646EA010140EA0200A8
:10AC900081EA0301B4EB5C04C2BFD4EB0C0541EACA
:10ACA000045170BD41F480114FF0000E013C00F3DF
:10ACB000AB8014F1360FDEBF002001F0004170BD03
:10ACC000C4F10004203C35DA0C341BDC04F114041C
:10ACD000C4F1200500FA05F320FA04F001FA05F2A8
:10ACE00040EA020001F0004221F0004110EBD37075
:10ACF00021FA04F642EB06015EEA430E08BF20EAA1
:10AD0000D37070BDC4F10C04C4F1200500FA04F343
:10AD100020FA05F001FA04F240EA020001F00041D5
:10AD200010EBD37041F100015EEA430E08BF20EA48
:10AD3000D37070BDC4F1200500FA05F24EEA020E90
:10AD400020FA04F301FA05F243EA020321FA04F0BF
:10AD500001F0004121FA04F220EA020000EBD37076
:10AD60005EEA430E08BF20EAD37070BD94F0000F76
:10AD70000FD101F00046400041EB010111F4801FAA
:10AD800008BF013CF7D041EA060195F0000F18BF5B
:10AD9000704703F00046520043EB030313F4801F97
:10ADA00008BF013DF7D043EA0603704794EA0C0F51
:10ADB0000CEA135518BF95EA0C0F0CD050EA410667
:10ADC00018BF52EA4306D1D181EA030101F00041E4
:10ADD0004FF0000070BD50EA410606BF104619460C
:10ADE00052EA430619D094EA0C0F02D150EA013618
:10ADF00013D195EA0C0F05D152EA03361CBF104659
:10AE000019460AD181EA030101F0004141F0FE41F7
:10AE100041F470014FF0000070BD41F0FE4141F47B
:10AE2000780170BD70B54FF0FF0C4CF4E06C1CEA7B
:10AE300011541DBF1CEA135594EA0C0F95EA0C0F30
:10AE400000F0A7F8A4EB050481EA030E52EA0335EB
:10AE50004FEA013100F088804FEA03334FF080550C
:10AE600045EA131343EA12634FEA022245EA111539
:10AE700045EA10654FEA00260EF000419D4208BFEA
:10AE8000964244F1FD0404F5407402D25B084FEA97
:10AE90003202B61A65EB03055B084FEA32024FF443
:10AEA00080104FF4002CB6EB020E75EB030E22BFA0
:10AEB000B61A754640EA0C005B084FEA3202B6EB60
:10AEC000020E75EB030E22BFB61A754640EA5C000F
:10AED0005B084FEA3202B6EB020E75EB030E22BF9F
:10AEE000B61A754640EA9C005B084FEA3202B6EBA0
:10AEF000020E75EB030E22BFB61A754640EADC005F
:10AF000055EA060E18D04FEA051545EA16754FEAC0
:10AF100006164FEAC30343EA52734FEAC2025FEADE
:10AF20001C1CC0D111F4801F0BD141EA00014FF06D
:10AF300000004FF0004CB6E711F4801F04BF01433E
:10AF40000020B4F1FD0C88BFBCF5E06F3FF6AFAE5A
:10AF5000B5EB030C04BFB6EB020C5FEA500C50F1EA
:10AF6000000041EB045170BD0EF0004E4EEA11316D
:10AF700014EB5C04C2BFD4EB0C0541EA045170BD74
:10AF800041F480114FF0000E013C90E645EA060EB8
:10AF90008DE60CEA135594EA0C0F08BF95EA0C0FE6
:10AFA0003FF43BAF94EA0C0F0AD150EA01347FF42E
:10AFB00034AF95EA0C0F7FF425AF104619462CE705
:10AFC00095EA0C0F06D152EA03353FF4FDAE104668
:10AFD000194622E750EA410618BF52EA43067FF4B9
:10AFE000C5AE50EA41047FF40DAF52EA43057FF449
:10AFF000EBAE12E74FF0FF3C06E000BF4FF0010C54
:10B0000002E000BF4FF0010C4DF804CD4FEA410CB7
:10B010007FEA6C5C4FEA430C18BF7FEA6C5C1BD084
:10B0200001B050EA410C0CBF52EA430C91EA030F05
:10B0300002BF90EA020F0020704710F1000F91EA62
:10B04000030F58BF994208BF90422CBFD8176FEA30
:10B05000E37040F0010070474FEA410C7FEA6C5CFE
:10B0600002D150EA013C07D14FEA430C7FEA6C5C05
:10B07000D6D152EA033CD3D05DF8040B704700BF31
:10B080008446104662468C461946634600E000BF7F
:10B0900001B5FFF7B7FF002848BF10F1000F01BD51
:10B0A0004DF808EDFFF7F4FF0CBF012000205DF81C
:10B0B00008FB00BF4DF808EDFFF7EAFF34BF0120A1
:10B0C00000205DF808FB00BF4DF808EDFFF7E0FF3A
:10B0D00094BF012000205DF808FB00BF4DF808ED8B
:10B0E000FFF7CEFF94BF012000205DF808FB00BFF2
:10B0F0004DF808EDFFF7C4FF34BF012000205DF8D4
:10B1000008FB00BF4FEA410C7FEA6C5C02D150EAB9
:10B11000013C0AD14FEA430C7FEA6C5C02D152EA4F
:10B12000033C02D14FF0000070474FF00100704720
:10B130004FEA410212F5001215D211D56FF478735F
:10B14000B3EB625212D94FEAC12343F0004343EA02
:10B15000505311F0004F23FA02F018BF40427047DD
:10B160004FF00000704750EA013005D111F0004067
:10B1700008BF6FF0004070474FF00000704700BFFD
:10B180007BB972B90029BEBF00204FF0004106E034
:10B1900008BF00281CBF6FF000414FF0FF3000F0E7
:10B1A000BFB9ADF1080C6DE904CE002909DB002B15
:10B1B0001ADB00F04DF8DDF804E0DDE9022304B00D
:10B1C0007047404261EB4101002B1BDB00F040F86F
:10B1D000DDF804E0DDE9022304B0404261EB410107
:10B1E000524263EB43037047524263EB430300F068
:10B1F0002FF8DDF804E0DDE9022304B0404261EB02
:10B2000041017047524263EB430300F021F8DDF83F
:10B2100004E0DDE9022304B0524263EB43037047CC
:10B2200053B94AB9002908BF00281CBF4FF0FF31AD
:10B230004FF0FF3000F074B9ADF1080C6DE904CEA9
:10B2400000F006F8DDF804E0DDE9022304B0704701
:10B250002DE9F047089D04468E46002B4DD18A42C9
:10B26000944669D9B2FA82F252B101FA02F3C2F1FC
:10B27000200120FA01F10CFA02FC41EA030E94408D
:10B280004FEA1C48210CBEFBF8F61FFA8CF708FBAE
:10B2900016E341EA034306FB07F199420AD91CEB86
:10B2A000030306F1FF3080F01F81994240F21C81B8
:10B2B000023E63445B1AA4B2B3FBF8F008FB103300
:10B2C00044EA034400FB07F7A7420AD91CEB040435
:10B2D00000F1FF3380F00A81A74240F20781644405
:10B2E000023840EA0640E41B00261DB1D44000238A
:10B2F000C5E900433146BDE8F0878B4209D9002DEE
:10B3000000F0EF800026C5E9000130463146BDE877
:10B31000F087B3FA83F6002E4AD18B4202D38242E1
:10B3200000F2F980841A61EB030301209E46002D90
:10B33000E0D0C5E9004EDDE702B9FFDEB2FA82F2E5
:10B34000002A40F09280A1EB0C014FEA1C471FFA43
:10B350008CFE0126200CB1FBF7F307FB131140EA2A
:10B3600001410EFB03F0884208D91CEB010103F1F7
:10B37000FF3802D2884200F2CB804346091AA4B2B9
:10B38000B1FBF7F007FB101144EA01440EFB00FE8D
:10B39000A64508D91CEB040400F1FF3102D2A645F2
:10B3A00000F2BB800846A4EB0E0440EA03409CE791
:10B3B000C6F12007B34022FA07FC4CEA030C20FA3E
:10B3C00007F401FA06F31C43F9404FEA1C4900FA5E
:10B3D00006F3B1FBF9F8200C1FFA8CFE09FB1811DB
:10B3E00040EA014108FB0EF0884202FA06F20BD94E
:10B3F0001CEB010108F1FF3A80F08880884240F29E
:10B400008580A8F102086144091AA4B2B1FBF9F0E1
:10B4100009FB101144EA014100FB0EFE8E4508D9DC
:10B420001CEB010100F1FF346CD28E456AD9023861
:10B43000614440EA0840A0FB0294A1EB0E01A14246
:10B44000C846A64656D353D05DB1B3EB080261EBB4
:10B450000E0101FA07F722FA06F3F1401F43C5E98E
:10B46000007100263146BDE8F087C2F12003D840C4
:10B470000CFA02FC21FA03F3914001434FEA1C4706
:10B480001FFA8CFEB3FBF7F007FB10360B0C43EAF8
:10B49000064300FB0EF69E4204FA02F408D91CEBA8
:10B4A000030300F1FF382FD29E422DD902386344A6
:10B4B0009B1B89B2B3FBF7F607FB163341EA034146
:10B4C00006FB0EF38B4208D91CEB010106F1FF3895
:10B4D00016D28B4214D9023E6144C91A46EA00468C
:10B4E00038E72E46284605E70646E3E61846F8E61E
:10B4F0004B45A9D2B9EB020864EB0C0E0138A3E767
:10B500004646EAE7204694E74046D1E7D0467BE747
:10B51000023B614432E7304609E76444023842E7BF
:10B52000704700BF024B0A4601461868E7F74EB85D
:10B53000E80500200CB430B5174B0C1E1D689DB0FB
:10B5400008DA8B232B604FF0FF301DB0BDE8304090
:10B5500002B070474FF40273ADF8143014BF04F119
:10B56000FF332346049307934FF6FF730290069030
:10B57000ADF81630209A21AB02A92846019300F0BD
:10B5800069F8431CBCBF8B232B60002CDDD0029BD1
:10B5900000221A70D9E700BFE80500202DE9F04726
:10B5A0008E689E4282460C4690461F4638D88A894D
:10B5B00012F4906F32D025680969A5EB010965691D
:10B5C00005EB450505EBD57501334B446D109D42E8
:10B5D00038BF1D46530531D52946E7F779F80646A9
:10B5E00050B90C23CAF80030A38943F04003A3816B
:10B5F0004FF0FF30BDE8F08721694A46E4F728FCA8
:10B60000A38923F4906343F08003A38126616561DD
:10B610004E44A5EB09052660A5603E46BE4200D912
:10B620003E46206832464146E6F732FCA3689B1B43
:10B63000A3602368334423600020DBE72A46E7F752
:10B64000BBF806460028E1D121695046E6F7D4FF51
:10B65000C7E700002DE9F04F98468B891B069DB087
:10B6600007460D4614460ED50B6963B94021E7F72E
:10B670002FF82860286120B90C233B604FF0FF3081
:10B68000D1E040236B610023099320238DF82930FA
:10B69000CDF80C803023DFF8A8818DF82A304FF0E8
:10B6A000010923469A4613F8012B0AB1252AF9D13C
:10B6B000BAEB040B0BD05B46224629463846FFF70F
:10B6C0006DFF013000F0AA80099A5A4409929AF855
:10B6D0000030002B00F0A28000234FF0FF32CDE9B4
:10B6E00005230AF1010A049307938DF853301A9346
:10B6F0005446052214F8011B5148E4F749FB049A0B
:10B70000D8B9D00644BF20238DF85330110744BF69
:10B710002B238DF853309AF800302A2B15D0079A36
:10B72000544600204FF00A0C214611F8013B303BF3
:10B73000092B4ED9B0B1079214E0A0EB080309FA27
:10B7400003F313430493A246D2E7039B191D1B681E
:10B750000391002BBBBF5B4242F0020207930793A9
:10B76000B8BF049223782E2B0CD163782A2B35D1C5
:10B77000039B1A1D1B680392002BB8BF4FF0FF33C9
:10B7800002340593DFF8C8A0217803225046E4F77D
:10B79000FFFA40B14023A0EB0A0003FA00F0049B3B
:10B7A00003430134049314F8011B26488DF8281034
:10B7B0000622E4F7EDFA002838D0234B1BBB039B8D
:10B7C000073323F0070308330393099B334409939A
:10B7D00067E70CFB02320C460120A5E70023013489
:10B7E000059319464FF00A0C204610F8012B303A09
:10B7F000092A03D9002BC5D00591C3E70CFB012111
:10B8000004460123F0E703AB00932A460F4B04A93B
:10B810003846E4F72DFD421C0646D6D1AB895B06BF
:10B820003FF52CAF09981DB0BDE8F08F03AB009336
:10B830002A46064B04A93846E4F7BEFFEBE700BFF3
:10B840007CE1030086E10300710202009DB5030064
:10B8500082E10300F8B500BFF8BC08BC9E46704703
:10B86000F8B500BFF8BC08BC9E4670477874616CA0
:10B870005F7472696D00616E74302E6368352E706E
:10B88000675F636F756E7400616E74302E63683924
:10B890002E70675F636F756E7400616E745F7365A1
:10B8A00074302E74785F706F7765725F636F6E743B
:10B8B000726F6C00616E74302E7472616E736365AA
:10B8C0006976657200616E74302E706F72740061FB
:10B8D0006E74302E6368352E616E745F64656C61C2
:10B8E0007900616E74302E6368352E7265665F660E
:10B8F00072616D65302E74785F706F7765725F6905
:10B900006E6465780000000001000000D0070000B0
:10B9100007000000E1260000D526000063616C6C82
:10B920006261636B00433A5C4457335F514D33337C
:10B930005F53444B5F312E312E315C53444B5C4698
:10B9400069726D776172655C4457335F514D333373
:10B950005F53444B5F312E312E315C5372635C4830
:10B96000414C5C5372635C6E7266785C48414C5F1C
:10B97000756172742E6300000F0000001300000058
:10B98000FFFFFFFFFFFFFFFF0000000000E0D70107
:10B99000646563615F756172745F696E69740000EC
:10B9A0000338FDD87047627566665F707472004335
:10B9B0003A5C4457335F514D33335F53444B5F31EF
:10B9C0002E312E315C53444B5C4669726D77617247
:10B9D000655C4457335F514D33335F53444B5F31A4
:10B9E0002E312E315C5372635C48414C5C53726360
:10B9F0005C6E7266785C48414C5F7573622E6300C2
:10BA0000752900000000000051290000000000001E
:10BA10009D2800008D280000646563615F75736276
:10BA20005F696E6974006364635F61636D5F757302
:10BA300065725F65765F68616E646C6572000000B8
:10BA4000EC0F0020F4E7030002000106010204826B
:10BA5000810100000000010181010000A128000017
:10BA60000400002000000000ED290000000000009C
:10BA700000000100000007000000030002020002B5
:10BA8000010002712D3E6D61676963203D3D2030EC
:10BA900078444541444445414400433A5C4457336B
:10BAA0005F514D33335F53444B5F312E312E315C48
:10BAB00053444B5C4669726D776172655C445733E1
:10BAC0005F514D33335F53444B5F312E312E315C28
:10BAD0004C6962735C7577622D737461636B5C6C27
:10BAE0006962735C716F73616C5C7372635C716DBE
:10BAF000616C6C6F632E630071756F74615F696454
:10BB0000203C204D454D5F51554F54415F49445FA6
:10BB10004D4158002171207C7C2028712D3E6D61A3
:10BB2000676963203D3D20307844454144444541A8
:10BB3000442900716964203C204D454D5F51554FAB
:10BB400054415F49445F4D4158007163616C6C6FB3
:10BB5000635F71756F746100716D616C6C6F635FB1
:10BB600071756F746100717265616C6C6F630071E7
:10BB70006672656500000000094000000A0A0301C2
:10BB800000004100000701000F22EB14A85060F8EC
:10BB9000AA36D3D174861414E43D9A1FCAC37ED347
:10BBA000FBA84FC434EB2E3601000000010000005A
:10BBB000002E00006374726C5F6D73675F71756552
:10BBC000756500433A5C4457335F514D33335F53DF
:10BBD000444B5F312E312E315C53444B5C466972CD
:10BBE0006D776172655C4457335F514D33335F53FA
:10BBF000444B5F312E312E315C5372635C41707067
:10BC0000735C5372635C636F6D6D6F6E5C636F6EBC
:10BC100074726F6C5461736B5C636F6E74726F6C73
:10BC20005461736B2E6300436F6E74726F6C0043CC
:10BC300074726C5461736B00466C757368004E4F80
:10BC40004E4500003EBC0300010000000000000063
:10BC500000000000000000000000000000000000E4
:10BC60006275666600433A5C4457335F514D333327
:10BC70005F53444B5F312E312E315C53444B5C4655
:10BC800069726D776172655C4457335F514D333330
:10BC90005F53444B5F312E312E315C5372635C48ED
:10BCA000656C706572735C63697263756C61725FF9
:10BCB0006275666665722E6300627566665F6172A4
:10BCC0007200646573740063635F627566665F63C8
:10BCD0006F70795F6E0063635F627566665F77722F
:10BCE0006974655F627974650063635F6275666637
:10BCF0005F636F6D6D69745F77726974650063630C
:10BD00005F627566665F6765745F77726974655FA9
:10BD10007074720063635F627566665F696E6974F2
:10BD200000554349007563695F6D73675F717565A1
:10BD3000756500433A5C4457335F514D33335F536D
:10BD4000444B5F312E312E315C53444B5C4669725B
:10BD50006D776172655C4457335F514D33335F5388
:10BD6000444B5F312E312E315C5372635C417070F5
:10BD7000735C5372635C7563695C7461736B5F754C
:10BD800063695C7461736B5F7563692E63007563CF
:10BD9000695F7461736B5F6F6E5F656E747279005B
:10BDA000A4BD0300F13700000F3800008D3B0000F8
:10BDB000913B0000C93B000071706C6174666F724A
:10BDC0006D5F696E6974206661696C6564006C31D1
:10BDD0005F636F6E6669675F696E6974206661692B
:10BDE0006C6564006C6C68775F696E69742066616D
:10BDF000696C656400ED07A80D2BEB00F785AF2695
:10BE000027C96AE7C118504243CB2C3226B3679D3D
:10BE1000AA0F7E616C0060FF5FFF60FF5DFF5DFF4A
:10BE20005DFF5DFF5DFF5DFF5DFF5DFF5DFF5DFF32
:10BE30005DFF5DFF5DFFFAFF666972610000000053
:10BE400038BE030000000500BD480000B1480000F6
:10BE5000A7480000A3480000954800009148000052
:10BE60008D480000894800006B480000E74700004B
:10BE7000674800002B4800002748000017480000D2
:10BE80000B480000706374740000000084BE03005F
:10BE90003D4E0000614E0000374E000000000000E3
:10BEA00000000000F74D0000D14D0000F34D0000F0
:10BEB0000000000000000000000000000000000082
:10BEC0000000000000000000000000000100000071
:10BED000000000000000000007000000000000005B
:10BEE000000000000300000000000000000000004F
:10BEF000010000000000000000000000070000003A
:10BF0000000000000000000006071B1F00000000EA
:10BF1000000000000000000001030000000000001D
:10BF2000000001000200000000000000000000000E
:10BF300002000000000000000000000001000000FE
:10BF400000000000000000000100000000000000F0
:10BF500000000000030000000000000000000000DE
:10BF600001000000000000000000000001000000CF
:10BF700000000000000000000103000000000000BD
:10BF800000000300010300000000000000000200A8
:10BF90000103000000000000000001000103000098
:10BFA0000000000000000400010300000000000089
:10BFB0000000040001030000000000000000030076
:10BFC0000103000000000000000001000103000068
:10BFD000000000000000000003000000000000005E
:10BFE000000000000103000000000000000002004B
:10BFF000030000000000000000000000030000003B
:10C00000000000000000000003000000000000002D
:10C01000000000000300000000000000000000001D
:10C02000010000000000000000000000010000000E
:10C0300000000000000000000300000000000000FD
:10C0400000000000030000000000000000000000ED
:10C0500001000000000000000000000002000000DD
:10C0600000000000000000000900001000000000B7
:10C070000000000001000000255C0000000000003E
:10C08000E95B0000DD5B0000000000000000000034
:10C09000E35B00003B5C00000000000000000000CB
:10C0A00003000000415C00000000000000000000F0
:10C0B000495C00001F5F0000595C0000755C0000D7
:10C0C000435C0000000000000000000002000000CF
:10C0D000A55D0000935E000000000000B75D000059
:10C0E000BD5D000000000000C35D0000755E000043
:10C0F000055E0000C95D0000102004040810200047
:10C10000FF03FF07FF0F6C6C68775F6D6370730050
:10C11000776966695F636F65785F007265737472D3
:10C1200069637465645F6368616E6E656C730072E9
:10C13000785F646961675F636F6E6669672E6369C4
:10C14000725F00616C7465726E6174655F70756CAE
:10C1500073655F736861706500776966695F73779F
:10C160005F636667000010000000180001002000F7
:10C170000200300003004000040060000500800061
:10C180000600000107000002080000040900000882
:10C190000A0000100B0010001800200030004000C2
:10C1A0006000800000010002000400080010080484
:10C1B0000810200408102000777A00004F7A000051
:10C1C0005D870000FD7E000015810000BD8A000033
:10C1D000E37E0000F57C0000CF790000DD780000F0
:10C1E000E97A0000E57100004578000089860000CA
:10C1F00025720000257C0000E77B0000C17700006D
:10C20000757700004565000019770000BB760000D7
:10C2100061720000000000001181000085760000BE
:10C2200000000000817600007D760000657500004A
:10C230005B7500005375000015750000F17D00006E
:10C2400000000000397400001174000081720000C9
:10C25000000000006B72000065720000DEE66FF304
:10C260008BE86FF338EAB0F5E5EB47F792ED69F844
:10C270003FEF59F9ECF02EFA99F2F1FA45F4A7FBE9
:10C28000F2F553FC9FF7F9FC4CF99AFDF9FA36FEEA
:10C29000A6FCD0FE53FE69FF00000000AD01970030
:10C2A0005A0330010705CA01B40666026108070394
:10C2B0000E0AAD03BB0B5904670D0F05140FD20511
:10C2C000C110A7066E1297071B14B908C815500AAB
:10C2D0007517910C2219910CDEE601F78BE8FFF738
:10C2E00038EAD2F8E5EB8DF992ED38FA3FEFD7FA5C
:10C2F000ECF06DFB99F2FCFB45F486FCF2F50CFDCD
:10C300009FF78FFD4CF90FFEF9FA8DFEA6FC09FF91
:10C3100053FE85FF00000000AD017B005A03F700CB
:10C3200007057301B406F101610871020E0AF402F7
:10C33000BB0B7A03670D0404140F9304C110290585
:10C340006E12C8051B147306C8152E077517010851
:10C350002219FF0864656661756C740000000000B6
:10C3600062726F6B656E000060C303003FA6000041
:10C3700027A600002FA600002FA6000031A600006F
:10C380002FA600002FA600000000000033A600002A
:10C3900076656E646F72000090C3030000000000B9
:10C3A0000000000071A700004FA700002DA70000AB
:10C3B0000BA70000E9A60000CBA60000ADA6000078
:10C3C0006E6F7468696E6700C0C3030000000000F0
:10C3D000000000000000000000000000000000005D
:10C3E0000000000000000000C1A70000C1A700007D
:10C3F00072785F776169745F74785F646F6E6500EF
:10C40000E5C4030000000000000000002DA80000AB
:10C410000000000003A80000000000000000000071
:10C4200000000000A1A80000F0C30300000000000D
:10C4300000000000000000000000000000000000FC
:10C4400017A80000000000000000000001A8000084
:10C4500073746F707065640050C403006FA90000AE
:10C4600029A9000025A9000025A9000027A900008E
:10C4700025A9000025A90000000000003BA900003C
:10C4800074785F7761636B00DDC403000000000017
:10C49000000000000000000000000000000000009C
:10C4A00071AA00000000000000000000C1A9000007
:10C4B00080C403000000000000000000C3A90000C9
:10C4C00041AA00006DAA00003FAA00000000000081
:10C4D000000000003DAA0000737465705F7478006E
:10C4E000737465705F727800E0C4030000000000A0
:10C4F00000000000F5AD0000D3AD000081AD0000EC
:10C500000000000000000000000000004DAE000030
:10C51000D8C403000000000000000000000000007C
:10C5200000000000000000003BAD00000000000023
:10C530000000000045AB00006F6E5F64656D616ECA
:10C540006400000000000000DDB4000099B60000A7
:10C5500069B600000000000045B60000E5B4000028
:10C56000E9B5000083B500000000000000000000F5
:10C57000000000000000000000000000EBB400001C
:10C5800047B5000023B50000FFB4000066627300E9
:10C590008CC50300B1BE000067BE000049BD0000AD
:10C5A00000000000000000008BBE00001BBE000069
:10C5B0003FBE00000000000085BD0000F9BD000086
:10C5C0009BBD000000000000000000000000000013
:10C5D0000300000000000000000000000700000051
:10C5E0000000000000000000080000000000000043
:10C5F000000000000000000000000000000000003B
:10C60000000000000000000000000000000000002A
:10C61000000000000000000000000000000000001A
:10C62000000000000000000000000000000000000A
:10C6300000000000000000000000000007000000F3
:10C6400000000000000000000800000000000000E2
:10C6500000000000010000000000000000000000D9
:10C6600008000000000000000000000000000000C2
:10C6700000000000000000000000000000000000BA
:10C6800000000000000000000000000000000000AA
:10C690000200000000000000000000000000000098
:10C6A000000000000000000000000000000000008A
:10C6B000000000000000000000000000000000007A
:10C6C0000100000000000000000000000000000069
:10C6D0000000000000000000030000000000000057
:10C6E000000000000000000000000000000000004A
:10C6F0000000000000000000000000000400000036
:10C700000000000000000000070000000000000022
:10C7100000000000EDC90000A9C7000000000000F3
:10C720007DCA000085CA00002DCA00000000AF05C8
:10C73000320B8C10C015CF1ABC1F88243529C42D8C
:10C7400037329036CF3AF53E0443FD46E04AAF4ECD
:10C750006A521256A8592C5DA060046457679C6AFF
:10C76000D26DFA7015742277237A187D008020210B
:10C7700021222324242526272829292A2B2C2D2E43
:10C780002F3031323435363738393B3C3D3F2E631C
:10C790006800442107007F00776966695F636F6501
:10C7A000785F6D6F646500776966695F636F657850
:10C7B0005F74696D655F67617000776966695F6363
:10C7C0006F65785F6D61785F6772616E745F6475C5
:10C7D000726174696F6E00776966695F636F65780F
:10C7E0005F6D696E5F696E6163746976655F6475BC
:10C7F000726174696F6E0072785F646961675F630C
:10C800006F6E6669672E6369725F6E5F74617073C5
:10C810000072785F646961675F636F6E6669672E37
:10C820006369725F66705F7461705F6F666673657F
:10C83000740072665F6E6F6973655F6F66667365BD
:10C84000740070646F615F6C757400646562756715
:10C850002E74785F706F7765720064656275672EFD
:10C8600070615F656E61626C6564006465627567C6
:10C870002E706C6C5F626961735F7472696D0064C5
:10C88000656275672E72785F7365676D656E74009B
:10C890006475616C5F72785F6175746F2E6163633C
:10C8A000756D5F706572696F64006475616C5F724D
:10C8B000785F6175746F2E727373695F6469666601
:10C8C0005F7468726573006475616C5F72785F6134
:10C8D00075746F2E6572726F725F726174655F74CA
:10C8E000687265730069705F7374735F73616E69FA
:10C8F00074795F74687265735F713200616E740081
:10C90000616E745F7061697200616E745F736574EB
:10C91000006578706572696D656E74616C2E6D610D
:10C92000632E73657373696F6E5F73636865647597
:10C930006C65722E6964002E72785F616E7473008C
:10C940002E74785F616E745F70617468002E6E6221
:10C950005F72785F616E7473002E72785F616E74BF
:10C96000735F6172655F7061697273002E617869CF
:10C9700073002E616E745F7061746873002E657849
:10C98000745F73775F636667002E6C6E61002E7054
:10C9900061002E64617461002E7068795F63666760
:10C9A000002E7061796C6F61645F73697A65002E27
:10C9B000776966695F636F65785F656E61626C65F4
:10C9C00064002E706C6C5F6C6F636B696E675F6385
:10C9D0006F6465002E70646F612E6F666673657498
:10C9E000002E70646F612E696E74657276616C5F83
:10C9F0007368696674002E70646F612E6C75745F65
:10CA00006964002E7265665F6672616D65002E74E2
:10CA1000785F6279706173735F64656C61795F6F71
:10CA20006666736574002E72785F627970617373E5
:10CA30005F64656C61795F6F6666736574002E7004
:10CA4000615F6761696E5F6F6666736574002E7003
:10CA5000675F64656C6179002E727373695F6F66DE
:10CA6000667365745F7133002E6D61785F67617402
:10CA7000696E675F6761696E000000000700000073
:10CA8000EC030000000000000000000001000100B5
:10CA900000000000FFFFFF00FFFFFFFFFF00FFFFA0
:10CAA000FFFFFF00FFFFFFFFFF00FFFFFFFFFF0093
:10CAB000FFFFFFFFFF00FFFFFFFFFF00FFFFFFFF84
:10CAC000FF00FFFF10000800FFF900000000000059
:10CAD0000000000000000000000000000000000056
:10CAE0000000000000000000000000000000000046
:10CAF0000000000000000000000000000000000036
:10CB00000000000000000000000000000000000025
:10CB10000000000000000000000000000000000015
:10CB20000000000000000000000000000000000005
:10CB300000000000000000000000000000000000F5
:10CB400000000000000000000000000000000000E5
:10CB500000000000000000000000000000000000D5
:10CB600000000000000000000000000000000000C5
:10CB700000000000000000000000000000000000B5
:10CB800000000000000000000000000000000000A5
:10CB90000000000000000000000000000000000095
:10CBA0000000000000000000000000000000000085
:10CBB0000000000000000000000000000000000075
:10CBC00000000000FDFDFDFD0004FF001E0232001C
:10CBD00000000000FFFFFFFF00000000FFFFFFFF5D
:10CBE00000000000FFFFFFFF00000000FFFFFFFF4D
:10CBF00000000000FFFFFFFF00000000FFFFFFFF3D
:10CC000000000000FFFFFFFF00000000FFFFFFFF2C
:10CC1000154000000000800034000000000000000B
:10CC2000FFFFFFFF00000000FFFFFFFF000000000C
:10CC3000FFFFFFFF00000000FFFFFFFF00000000FC
:10CC4000FFFFFFFF00000000FFFFFFFF00000000EC
:10CC5000FFFFFFFF00000000FFFFFFFF1540000087
:10CC60000000800034000000000F00000000000001
:10CC700000000000FFFFFFFF00000000FFFFFFFFBC
:10CC800000000000FFFFFFFF00000000FFFFFFFFAC
:10CC900000000000FFFFFFFF00000000FFFFFFFF9C
:10CCA00000000000FFFFFFFF00000000FFFFFFFF8C
:10CCB000154000000000800034000000000000006B
:10CCC000FFFFFFFF00000000FFFFFFFF000000006C
:10CCD000FFFFFFFF00000000FFFFFFFF000000005C
:10CCE000FFFFFFFF00000000FFFFFFFF000000004C
:10CCF000FFFFFFFF00000000FFFFFFFF15400000E7
:10CD00000000800034000000000F00000000000060
:10CD100000000000FFFFFFFF00000000FFFFFFFF1B
:10CD200000000000FFFFFFFF00000000FFFFFFFF0B
:10CD300000000000FFFFFFFF00000000FFFFFFFFFB
:10CD400000000000FFFFFFFF00000000FFFFFFFFEB
:10CD500015400000000080003400000000000000CA
:10CD6000FFFFFFFF00000000FFFFFFFF00000000CB
:10CD7000FFFFFFFF00000000FFFFFFFF00000000BB
:10CD8000FFFFFFFF00000000FFFFFFFF00000000AB
:10CD9000FFFFFFFF00000000FFFFFFFF1540000046
:10CDA0000000800034000000000F000000000000C0
:10CDB00000000000FFFFFFFF00000000FFFFFFFF7B
:10CDC00000000000FFFFFFFF00000000FFFFFFFF6B
:10CDD00000000000FFFFFFFF00000000FFFFFFFF5B
:10CDE00000000000FFFFFFFF00000000FFFFFFFF4B
:10CDF000154000000000800034000000000000002A
:10CE0000FFFFFFFF00000000FFFFFFFF000000002A
:10CE1000FFFFFFFF00000000FFFFFFFF000000001A
:10CE2000FFFFFFFF00000000FFFFFFFF000000000A
:10CE3000FFFFFFFF00000000FFFFFFFF15400000A5
:10CE40000000800034000000000F0000000000001F
:10CE500000FFFF0000000000FF0000000000FF00D6
:10CE6000FFFFFFFF000000001BC103000C000200D9
:10CE7000000000000000000098C703000E00010041
:10CE80000000000000000000A7C703000F00010021
:10CE900000000000000000008FC703001000020027
:10CEA00002020000AC030020BAC703001400010016
:10CEB0000000000000000000D7C7030015000100BB
:10CEC000000000000000000059C10300160001002E
:10CED000000000000000000043C103001700010033
:10CEE000000000000000000004CA03001800060053
:10CEF00008020000DC030020F7C70300480002001E
:10CF0000000000000000000011C803004A000200F9
:10CF100000000000000000006CB803004C0001009D
:10CF2000000000000000000032C803004D000100B6
:10CF3000000000000000000042C803004E007C001A
:10CF400002010000CC0300204BC80300480104008C
:10CF500000000000000000005AC803004C0101005E
:10CF600000000000000000006BC803004D0101003C
:10CF700000000000000000007FC803004E01010017
:10CF8000000000000000000090C8030050010100F4
:10CF90000000000000000000AAC8030051010100C9
:10CFA0000000000000000000C7C80300520101009B
:10CFB0000000000000000000E5C80300530101006C
:10CFC0000000000000000000FCC803005401A000A5
:10CFD00004060000FC02002000C90300D403100076
:10CFE00001030000CC02002009C90300E40307008C
:10CFF000010500005C03002011C90300EB030100E0
:10D000000000000000000000982F8A429144377110
:10D01000CFFBC0B5A5DBB5E95BC25639F111F159BB
:10D02000A4823F92D55E1CAB98AA07D8015B8312FD
:10D03000BE853124C37D0C55745DBE72FEB1DE80A9
:10D04000A706DC9B74F19BC1C1699BE48647BEEFD8
:10D05000C69DC10FCCA10C246F2CE92DAA84744A63
:10D06000DCA9B05CDA88F97652513E986DC631A8D9
:10D07000C82703B0C77F59BFF30BE0C64791A7D5B8
:10D080005163CA0667292914850AB72738211B2E40
:10D09000FC6D2C4D130D385354730A65BB0A6A7628
:10D0A0002EC9C281852C7292A1E8BFA24B661AA834
:10D0B000708B4BC2A3516CC719E892D1240699D644
:10D0C00085350EF470A06A1016C1A419086C371EBD
:10D0D0004C774827B5BCB034B30C1C394AAAD84E9B
:10D0E0004FCA9C5BF36F2E68EE828F746F63A578D6
:10D0F0001478C8840802C78CFAFFBE90EB6C50A469
:10D10000F7A3F9BEF27871C601020408000000001E
:10D1100000010204080021252225212222537461E6
:10D120007469635453537461746963545300446560
:10D1300072417574684900446572417574684B00AA
:10D140004465725061796C4B004461746150727433
:10D150004B00507269766163794B00537473496E6A
:10D1600064496E00000000000000000000000000A4
:10D1700003000000000000000000000002000000AA
:10D18000000000000000000002000000000000009D
:10D19000000000000000000000000000000000008F
:10D1A000010000000000000000000000020000007C
:10D1B0000000000000000000090000000000000066
:10D1C000000000000000000000000000000000005F
:10D1D0000103000000000000000001000103000046
:10D1E0000000000000000800010300000000000033
:10D1F00000000A000103000000000000000002001F
:10D200000200000000000000000000000900000013
:10D21000000000000000000001010000000000000C
:10D2200000000200040000000000000000000000F8
:10D2300003000000000000000000000003000000E8
:10D2400000000000000000000300000000000000DB
:10D2500000000000090009000000000000000000BC
:10D2600003030000000000000000FF0003000000B6
:10D2700000000000000000000300000000000000AB
:10D280000000000001030000000000000000010099
:10D290000101000000000000010064000103000023
:10D2A000000000000000C7000103000000000000B3
:10D2B00000000200010300000000000000000A005E
:10D2C000010100000000000001000F00020000004A
:10D2D000000000000000000001000000000000004D
:10D2E0000000000001030000000000000000010039
:10D2F0000100000000000000000000000104000028
:10D3000000000000380400200103000000000000BD
:10D310000000030001030000000000000000020004
:10D3200001030000000000000000010001030000F4
:10D3300000000000000004000103000000000000E5
:10D3400000000400010300000000000000000300D2
:10D3500001030000000000000000010001030000C4
:10D3600000000000000000000800000000000000B5
:10D3700000000000010300000000000000000400A5
:10D380000300000000000000000000000901000090
:10D39000000000000200020009010000000000007F
:10D3A0000600060009002000000000000000000048
:10D3B0000900200000000000000000000103000040
:10D3C000000000000000010001000000000000005B
:10D3D00000000000010300000000000000000F003A
:10D3E0000103000000000000000001000103000034
:10D3F0000000000000000100030000000000000029
:10D400000000000001030000000000000000020016
:10D41000010000000000000000000000010000000A
:10D4200000000000000000000103000000000000F8
:10D430000000070003040000000000002804002092
:10D440000304000000000000280400200C04000079
:10D4500000000000080400200C0400000000000090
:10D46000180400200B0100000000000000C0004074
:10D470000B0100000000000000C00040010300009C
:10D48000000000000000010001000000000000009A
:10D490000000000001030000000000000000010087
:10D4A0000103000000000000000001000103000073
:10D4B0000000000000000100010300000000000067
:10D4C0000000010001030000000000000000010056
:10D4D0000103000000000000000001000103000043
:10D4E0000000000000000100010300000000000037
:10D4F0000000010001030000000000000000010026
:10D5000001030000000000000000010009000C0001
:10D510000000000000000000010300000000000007
:10D5200000000100010000000000000000000000F9
:10D5300001030000000000000000000001030000E3
:10D5400000000000000001000103000000000000D6
:10D5500000000100030000000000000000000000C7
:10D5600003000000000000000000000001030000B4
:10D5700000000000000002000103000000000000A5
:10D580000000030004000000000000000000000094
:10D590000100000000000000000000000100000089
:10D5A0000000000000000000010300000000000077
:10D5B000000001000000000000000000000000006A
:10D5C0000100000000000000000000000100000059
:10D5D000000000000000000001000000000000004A
:10D5E0000000000007000000000000000000000034
:10D5F0000100000000000000000000000100000029
:10D60000000000000000000000000000000000001A
:10D610000000000001000000000000000000000009
:10D6200001000000000000000000000002040506E8
:10D63000030000000B130100AB130100D115010022
:10D640000D1401002561010055130100AD12010008
:10D6500069180100A95D01007D2801000B26010069
:10D660006B5F0100B161010019650100C312010087
:10D670003366010000000000000000000000000010
:10D680000200000000000000000000000300000095
:10D690000000000000000000090020000000000061
:10D6A00000000000ED3B010003240100F31B01001A
:10D6B000DF1A0100011F0100ED2C0100852C010083
:10D6C00000000000092C0100A52C0100032C010022
:10D6D00000000000092D0100432C0100E12B010096
:10D6E0005F2E0100000000000000000000000000AC
:10D6F0000000000000000000ED3B01000000000001
:10D70000192D0100552E0100D32D0100AB3201006F
:10D71000E52F0100F52E0100F92E0100112F010067
:10D7200025340100D5330100000000000000000096
:10D7300000000000F13201000000000000000000C5
:10D7400000000000CF3501002F35010051340100E9
:10D7500055340100613401000000000000000000A9
:10D760000000000000000000653601001F5F00009F
:10D77000493601003D36010043360100000000003B
:10D780000000000000000040110D9F37E0147632C9
:10D79000001B412E3020872AA62428278128142404
:10D7A000E12B3821DB2E881E8631F31BD4338B19F5
:10D7B000CF354F178A37301509392F13523A4B118D
:10D7C000693B860F5B3CD10D253D370CC83DC20A35
:10D7D0004F3E6309BE3E1708163FE5065C3FC50590
:10D7E000903FC404B73FD903D33F0503E63F4C0243
:10D7F000F33FA001FA3F1A01FE3FA30000400000E2
:10D80000000000402F02E83F5504A33F7A06313F55
:10D81000A608903EDA0ABE3D140DBB3C500F883B73
:10D820009011253ADA138D382716C5368218C4347C
:10D83000E81A8B32701D0230F51F4D2D8F22532AAE
:10D8400045250A2717287023112B741F3F2E031B11
:10D85000B731FB15A5351710813A9B080040000031
:10D86000000000000200B50006003A010D00CE01E4
:10D87000190080022B0047034500270468001905A2
:10D8800097002506D5004C0724018B088401D9098F
:10D89000FF014D0B8E02C90C38035A0E05040A1005
:10D8A000F704D3110B06AA1348079615B8089F175B
:10D8B000570AB9192D0CEA1B440E371E9F109D20E4
:10D8C0003613102318169A2548193928D31CF32A21
:10D8D000BC20C52D0025A930AA29A333C62EB636F3
:10D8E0004C34DA395C3A1D3D004000400000000035
:10D8F000AB380100A53801002D3801000000000000
:10D9000054C3030035390100D5380100BD3801008A
:10D910000000000000000000000000000000000007
:10D9200009380100F5380100000000000000000087
:10D9300000000000656E646C6573730014148674D7
:10D94000D1D336AAF86050A814EB220F00000206CB
:10D950000306020303000000072B0000917A010078
:10D9600000210000617501000121000085770100A0
:10D9700003210000D9770100042100007B78010019
:10D98000062100001D79010000220000D17601006F
:10D99000012200002B7701000322000071790100B1
:10D9A000000101000000000001000100737C010083
:10D9B000A0000100817C0100A10001000000000026
:10D9C000A200020000000000A3000200000000000E
:10D9D000A400080000000000A5000100737C010005
:10D9E000A6000100737C0100A700010000000000F8
:10D9F000A800040000000000A900040000000000CE
:10DA0000002C0000BD890100002000004B880100AF
:10DA100002200000FF7C01000320000007870100B6
:10DA200004200000B181010005200000A78401004E
:10DA300008200000E1800100232B00001B80010072
:10DA4000242B0000BD890100252B0000E17E010090
:10DA5000262B0000A17E0100272B0000497E01003B
:10DA6000362B0000D97D0100002E0000438D0100FF
:10DA7000012E0000218D0100022E00007B8C010090
:10DA8000062E0000238C0100072E0000DF8B010012
:10DA9000202E0000FD8E0100222E0000FD8E0100D0
:10DAA000242E000015930100272E0000159301007D
:10DAB000292E0000759001002D2E0000938B01008F
:10DAC0003F2E00004B8B01000000000068DA0300CD
:10DAD0000C000000000000002A2E00000595010047
:10DAE0002B2E0000619701002C2E00009F96010054
:10DAF00000000000D8DA030003000000000000006E
:10DB000000001020000100009DDB01000001031156
:10DB10002202040608090B0D1214152916171A1BE8
:10DB20001F25262A2B2C2D313223243035E8E90EEF
:10DB30003A3B3C130C2E0F10181D20272805073DDB
:10DB40002F193F4042444749433E414C4DEAEB3395
:10DB500034383937082B00008DA30100092B000051
:10DB600045A301000521000045AB0100072100008D
:10DB7000FDA8010008210000FFA601000921000006
:10DB8000F3A501000B21000075A501000C21000088
:10DB90007FA401000D210000D5A3010000000000BA
:10DBA0000000000000000000010100000000000073
:10DBB0000200000000000000010100000000000061
:10DBC0000000000000000000010100000000000053
:10DBD0000000000000000000010100000000000043
:10DBE000090000000000000001010000000000002A
:10DBF0000000000000000000010100000000000023
:10DC00000000000000000000010200000000000011
:10DC10000000000000000000010000000000000003
:10DC20006009000000000000010200000000000088
:10DC3000C800000000000000010400000000000017
:10DC400000000000000000000104000000000000CF
:10DC500000000000000000000101000000000000C2
:10DC600003000000000000000101000000000000AF
:10DC7000010000000000000005010000000000009D
:10DC8000010000000000000005010000000000008D
:10DC9000000000000000000005020000000000007D
:10DCA000204E0000000000000502000000000000FF
:10DCB0000000000000000000010100000000000062
:10DCC000030000000000000001010000000000004F
:10DCD0000000000000000000010100000000000042
:10DCE0000A00000000000000010100000000000028
:10DCF0000200000000000000010100000000000020
:10DD00000000000000000000010100000000000011
:10DD10000100000000000000010100000000000000
:10DD200000000000000000000000000000000000F3
:10DD300000000000000000000501000000000000DD
:10DD400001000000000000000101000000000000D0
:10DD50001E000000000000000101000000000000A3
:10DD600000000000000000000000000000000000B3
:10DD70000000000000000000050800000000000096
:10DD80000100000000000000010100000000000090
:10DD90000000000000000000010100000000000081
:10DDA0000000000000000000010200000000000070
:10DDB0000000000000000000000000000000000063
:10DDC0000100000000000000010100000000000050
:10DDD0000000000000000000010100000000000041
:10DDE0000000000000000000010100000000000031
:10DDF00032000000000000000101000000000000EF
:10DE00000000000000000000010100000000000010
:10DE100000000000000000000102000000000000FF
:10DE200000000000000000000106000000000000EB
:10DE300001000000000000000101000000000000DF
:10DE400000000000000000000102000000000000CF
:10DE500000000000000000000108000000000000B9
:10DE600000000000000000000101000000000000B0
:10DE7000000000000000000005010000000000009C
:10DE8000010000000000000001010000000000008F
:10DE9000010000000000000001010000000000007F
:10DEA000000000000000000001040000000000006D
:10DEB0000000000000000000010100000000000060
:10DEC000000000000000000001020000000000004F
:10DED000D007000000000000010400000000000066
:10DEE000000000000000000001040000000000002D
:10DEF000010000000000000001010000000000001F
:10DF00000000000000000000000000000000000011
:10DF100000000000000000000503000000000000F9
:10DF200000000000000000000100000000000000F0
:10DF300000000000000000000101000000000000DF
:10DF400004000000000000000101000000000000CB
:10DF500000000000000000000102000000000000BE
:10DF600001000000000000000101000000000000AE
:10DF7000010000000000000001010000000000009E
:10DF8000020000000000000001010000000000008D
:10DF9000000000000000000001010000000000007F
:10DFA000010000000000000001010000000000006E
:10DFB0000000000000000000010000000000000060
:10DFC000000000000000000001010000000000004F
:10DFD000000000000000000005010000000000003B
:10DFE000000000000000000001010000000000002F
:10DFF0000000000000000000011000000000000010
:10E0000000000000000000000110000000000000FF
:10E0100000000000000000000101000000000000FE
:10E0200000000000000000000009000000000000E7
:10E0300000000000000000000101000000000000DE
:10E0400000000000000000000000000000000000D0
:10E0500000000000000000000000000000000000C0
:10E0600000000000000000000101000000000000AE
:10E07000000000000000000001010000000000009E
:10E08000001008180111091902120A1A0333530B60
:10E090001B151113000011130015110000000000E2
:10E0A000012B000093E90100022B0000FFE80100B2
:10E0B000002D0000D1EC0100012D000045E601001B
:10E0C000022D000061EB0100032D0000A1EA010018
:10E0D000052D0000C5EF0100062D0000E1E901005B
:10E0E000072D000021EC0100082D000085F601003D
:10E0F00045726173696E67206365727469666963EE
:10E100006174657320646F6E650045726173696E3A
:10E110006720636572746966696361746573206EF4
:10E120006F7420616C6C6F7765640000302B0000A9
:10E13000E9FA0100002F0000C5FA01002C206675E5
:10E140006E6374696F6E3A200061737365727469EF
:10E150006F6E2022257322206661696C65643A2007
:10E1600066696C6520222573222C206C696E6520FF
:10E170002564257325730A00EC050020232D302B20
:10E180002000686C4C0065666745464700494E466E
:10E1900000696E66004E414E006E616E00300030C8
:10E1A00031323334353637383941424344454600FD
:10E1B00030313233343536373839616263646566FD
:10E1C0000000202020202020202020282828282867
:10E1D000202020202020202020202020202020203F
:10E1E0002020881010101010101010101010101097
:10E1F0001010040404040404040404041010101097
:10E200001010104141414141410101010101010151
:10E2100001010101010101010101010101101010C1
:10E220001010104242424242420202020202020224
:10E230000202020202020202020202020210101094
:10E24000102000000000000000000000000000009E
:10E2500000000000000000000000000000000000BE
:10E2600000000000000000000000000000000000AE
:10E27000000000000000000000000000000000009E
:10E28000000000000000000000000000000000008E
:10E29000000000000000000000000000000000007E
:10E2A000000000000000000000000000000000006E
:10E2B000000000000000000000000000000000005E
:10E2C0000000496E66696E697479004E614E0052B5
:10E2D00045454E54206D616C6C6F632073756363AC
:10E2E0006565646564002F6D6E742F776F726B7354
:10E2F000706163652F776F726B73706163652F4711
:10E3000043432D31302D706970656C696E652F6ADD
:10E31000656E6B696E732D4743432D31302D7069E7
:10E3200070656C696E652D3333385F323032313150
:10E330003031385F313633343531363230332F7344
:10E3400072632F6E65776C69622F6E65776C696298
:10E350002F6C6962632F7374646C69622F64746FCD
:10E36000612E630042616C6C6F632073756363653B
:10E37000656465640000000000000000000000000B
:10E38000000000000000000000000000000000008D
:10E39000000000000000000000000000000000007D
:10E3A000000000000000000000000000000000006D
:10E3B000000000000000000000000000000000005D
:10E3C000000000000000000000000000000000004D
:10E3D00000000000000000002F6D6E742F776F7238
:10E3E0006B73706163652F776F726B7370616365B8
:10E3F0002F4743432D31302D706970656C696E6510
:10E400002F6A656E6B696E732D4743432D31302D36
:10E41000706970656C696E652D3333385F323032E8
:10E4200031313031385F3136333435313632303393
:10E430002F7372632F6E65776C69622F6E65776CD0
:10E4400069622F6C6962632F7374646C69622F6DEB
:10E45000707265632E6300000080E03779C341432A
:10E46000176E05B5B5B89346F5F93FE9034F384D3A
:10E47000321D30F94877825A3CBF737FDD4F1575E6
:10E48000000000000000F03F0000000000002440F9
:10E4900000000000000059400000000000408F40D4
:10E4A000000000000088C34000000000006AF8403F
:10E4B0000000000080842E4100000000D012634163
:10E4C0000000000084D797410000000065CDCD41D9
:10E4D000000000205FA00242000000E876483742BA
:10E4E000000000A2941A6D42000040E59C30A24258
:10E4F0000000901EC4BCD64200003426F56B0C43CD
:10E500000080E03779C3414300A0D8855734764373
:10E5100000C84E676DC1AB43003D9160E458E143D4
:10E52000408CB5781DAF154450EFE2D6E41A4B4449
:10E5300092D54D06CFF08044F64AE1C7022DB5448E
:10E54000B49DD9794378EA44050000001900000021
:10E550007D000000504F534958002E0021720043A7
:10E560003A5C4457335F514D33335F53444B5F3113
:10E570002E312E315C53444B5C4669726D7761726B
:10E58000655C4457335F514D33335F53444B5F31C8
:10E590002E312E315C4C6962735C7577622D737419
:10E5A00061636B5C6C6962735C71706C6174666FE3
:10E5B000726D5C716D33335F7168616C5F636F6D39
:10E5C0006D6F6E5C7372635C71706C6174666F7298
:10E5D0006D2E630071706C6174666F726D5F75771C
:10E5E000625F726561645F6972715F70696E5F76A8
:10E5F000616C7565000000000080000007020000EB
:10E600000200000001000000000000000300000004
:10E6100000000000190000000000000000000000E1
:10E6200071776F726B71756575650049444C450073
:10E63000546D725100546D722053766300040516B8
:10E640000E000000FFFFFFFFFFFFFFFFFFFFFFFFC8
:10E65000FFFFFFFF00000000000000000000D601E7
:10E660000701000002030405060708090B00080162
:10E670000C011001140118011C01200124012C01BE
:10E680000C0D0E0F1011121314003001340138015B
:10E690003C014001440148014C015001756A0200EF
:10E6A000A96A0200DD6C0200F56B0200EF6B02004C
:10E6B000E96B0200E36B0200DD6B0200D76B020026
:10E6C000D16B0200C16C0200256D02006D75020065
:10E6D000E56F0200DF6F0200D96F0200D36F020006
:10E6E000CD6F0200C76F0200C16F0200816D020092
:10E6F000E16C0200897002003D770200ED6F0200BC
:10E7000001000001010101006D7B02000A00000010
:10E710000900000008000000850000008003030ECF
:10E720000D810000547A012040E70300010002033C
:10E73000008000000F09020000000104C0FA000080
:10E74000F58402000000000000000000000000004E
:10E7500000000000120100020000004015190F52D5
:10E7600000010102030100002583020000000000F7
:10E7700029830200647A0120253034685825303816
:10E780006C5800000000040309044E6F7264696352
:10E790002053656D69636F6E647563746F72006E8C
:10E7A00052463532205553422050726F647563745F
:10E7B0000044656661756C7420636F6E6669677589
:10E7C000726174696F6E00557365722031000000CC
:10E7D00084E703008AE703009FE70300CC7A012067
:10E7E000B1E70300C7E703000000010102020303D1
:10E7F000040405054D910200A98A020000000000F2
:10E80000000000000000000000000100080080007F
:10E8100050000000819D02004D9D0200F59C020009
:10E820000000000000000000339C02006F9E020008
:10E830000800000150000000819D02004D9D020073
:10E84000F59C02000000000000000000339C020064
:10E850006F9E02000400800024010000819D0200E0
:10E860004D9D0200F59C0200000000000000000029
:10E87000339C02003D9E020000008000879F020042
:10E88000FB9E02000D9F02004145532D3235362D6F
:10E8900043434D004145532D3139322D43434D0003
:10E8A0004145532D3132382D43434D004145532DC1
:10E8B0003235362D585453004145532D3132382DC1
:10E8C000585453004145532D3235362D4354520090
:10E8D0004145532D3139322D435452004145532D7A
:10E8E0003132382D435452004145532D3235362DA7
:10E8F0004F4642004145532D3139322D4F4642009B
:10E900004145532D3132382D4F4642004145532D5C
:10E910003235362D434642313238004145532D3190
:10E9200039322D434642313238004145532D313280
:10E93000382D434642313238004145532D32353669
:10E940002D434243004145532D3139322D4342433B
:10E95000004145532D3132382D4342430041455348
:10E960002D3235362D454342004145532D31393244
:10E970002D454342004145532D3132382D45434208
:10E9800000000000050200008000000051E90300C3
:10E99000100000000000000010000000B4EB0300B5
:10E9A0002B08000080000000A0E803000C0000001D
:10E9B0000100000010000000E0EB0300080300006D
:10E9C000800000002AE903001000000000000000A1
:10E9D00010000000B4EB03000B05000080000000F5
:10E9E000DCE8030010000000000000001000000040
:10E9F000B4EB0300020100008000000075E9030091
:10EA0000000000000000000010000000B4EB030054
:10EA1000430400008000000000E903001000000033
:10EA20000000000010000000B4EB030046090000E5
:10EA300000010000B8E80300100000000000000022
:10EA400010000000B4EC030006020000C00000004B
:10EA500045E9030010000000000000001000000065
:10EA6000B4EB03002C080000C000000094E8030091
:10EA70000C0000000100000010000000E0EB0300AB
:10EA800009030000C00000001BE9030010000000A3
:10EA90000000000010000000B4EB03000C050000B3
:10EAA000C0000000D0E803001000000000000000DB
:10EAB00010000000B4EB030003010000C0000000E0
:10EAC00069E90300000000000000000010000000E1
:10EAD000B4EB030044040000C0000000F4E80300AD
:10EAE000100000000000000010000000B4EB030064
:10EAF000070200000001000039E9030010000000D7
:10EB00000000000010000000B4EB03002D0800001E
:10EB10000001000088E803000C0000000100000074
:10EB200010000000E0EB03000A03000000010000F9
:10EB30000CE90300100000000000000010000000BD
:10EB4000B4EB03000D05000000010000C4E8030061
:10EB5000100000000000000010000000B4EB0300F3
:10EB600004010000000100005DE903000000000056
:10EB70000000000010000000B4EB0300450400009A
:10EB800000010000E8E803001000000000000000A1
:10EB900010000000B4EB0300470900000002000071
:10EBA000ACE80300100000000000000010000000AE
:10EBB000B4EC030002000000D3BA0200CFBA020096
:10EBC000CBBA0200C7BA0200C3BA020000000000BC
:10EBD000BFBA0200BBBA0200A3BA020091BA020097
:10EBE0000200000000000000000000000000000023
:10EBF00000000000000000000000000045BA020014
:10EC000045BA02002FBA02001DBA0200020000003D
:10EC1000F4E9030003000000B8EA03000400000068
:10EC200060EB03000500000084E90300060000001B
:10EC300048EA030007000000F0EA030008000000B3
:10EC4000BCE903000900000080EA03000A0000009C
:10EC500028EB03004300000010EA0300440000001A
:10EC6000D4EA0300450000007CEB03000B00000029
:10EC7000D8E903000C0000009CEA03000D0000002E
:10EC800044EB0300460000002CEA030047000000AC
:10EC900098EB03002B000000A0E903002C0000000B
:10ECA00064EA03002D0000000CEB030000000000EC
:10ECB0000000000002000000000000000000000052
:10ECC00000000000000000000000000071BA020017
:10ECD0006BBA020067BA02004FBA0200D7BA02004C
:10ECE000000106006C656E677468203C202830784F
:10ECF0003331303055290000433A5C4457335F517B
:10ED00004D33335F53444B5F312E312E315C5344CE
:10ED10004B5C4669726D776172655C4457335F5135
:10ED20004D33335F53444B5F312E312E315C4C6990
:10ED300062735C6477745F7577625F64726976652D
:10ED4000725C6477333030305C6477333030305FFE
:10ED50006465766963652E63000000006D6F64650D
:10ED6000203D3D204457333030305F5350495F578A
:10ED7000525F4249540000006D6F6465203D3D20A4
:10ED80004457333030305F5350495F57525F4249E8
:10ED900054207C7C206D6F6465203D3D20445733BA
:10EDA0003030305F5350495F52445F424954207CB9
:10EDB0007C206D6F6465203D3D20445733303030FA
:10EDC0005F5350495F414E445F4F525F38207C7C17
:10EDD000206D6F6465203D3D204457333030305FF7
:10EDE0005350495F414E445F4F525F3136207C7C27
:10EDF000206D6F6465203D3D204457333030305FD7
:10EE00005350495F414E445F4F525F333200000020
:10EE100030203D3D20310000445733585858000001
:10EE200044573358585820446576696365204472C6
:10EE3000697665722056657273696F6E2030382E60
:10EE400031392E3032000000756C6C5F7265616480
:10EE500061636364617461006477745F786665728E
:10EE600033787878000000001203CADE0FFFFFFF3E
:10EE700018EE030020EE0300C8EE030084EE03004A
:10EE800002190800554B0300F5C302006D4F030043
:10EE90004950030031500300015003001952030090
:10EEA00000000000451D0300000000000DF40200FA
:10EEB000B5C60200DDD50200B9D1020065E302004B
:10EEC000052A03000D050300AD2503008DEB0200AC
:10EED0009D150300C91403000DDD0200B1CB020033
:10EEE00095EC0200FD0D030065E30200C909030073
:10EEF000A1FA0200FDCB0200052A03000D05030064
:10EF0000E5C302000000000400060000FEDAC2B201
:10EF1000A2968A82E1C5B1A195898179524E4A6152
:10EF20005D42553E4D3A453641323D2E39352A3106
:10EF300031262D50222948251E1E3C2121341D1D1D
:10EF4000302C2C2C2828282424242020201C1C0091
:10EF5000FEE6D6C6BAB2A69EED8EC9BD7E7A9D9556
:10EF60009189817D7975565265614A465955513E60
:10EF70004D493A453641323D392E35352A31312613
:10EF80002D4C29224425251E3C212134341D1D30C1
:10EF90002C2C28282824242424202020201C000075
:10EFA000FEEEE2D6CAC2BAB2F9E99AD1C58AB5ADC7
:10EFB000A59D95918985817D5E75716D5265615DB7
:10EFC000594655514D3E493A4536413D3239392E23
:10EFD00035583131502D2D484440403C3C3C383868
:10EFE00034343030302C0000FEF2EADED6CEC6BE1D
:10EFF000F9B2E5A69EC9C18E8AADA57E7A76726EFB
:10F0000085817D625E5A6D565265615D4A46554204
:10F01000514D3E493A4536413D32392E3535543110
:10F02000312D2D48484440403C3C3C383834343045
:10F0300030302C0000201D1C14120C0D0A0A070889
:10F04000060705060505040404040303030302037D
:10F050000203020303020202010201020102010192
:10F060000101010101010101010101010101010190
:10F0700001010101000B0E120F0F0A0C090907080C
:10F08000060705060505040504040304030303033A
:10F09000030302030302020202020102020202024D
:10F0A000010201020101010201010101010101014D
:10F0B00000010101200D0500D4020004A80500088C
:10F0C000500B0010A116002000070E091C1B121582
:10F0D000383F363124232A2D70777E796C6B626538
:10F0E000484F464154535A5DE0E7EEE9FCFBF2F528
:10F0F000D8DFD6D1C4C3CACD90979E998C8B828518
:10F10000A8AFA6A1B4B3BABDC7C0C9CEDBDCD5D207
:10F11000FFF8F1F6E3E4EDEAB7B0B9BEABACA5A2F7
:10F120008F88818693949D9A2720292E3B3C3532E7
:10F130001F18111603040D0A5750595E4B4C4542D7
:10F140006F68616673747D7A898E878095929B9CC7
:10F15000B1B6BFB8ADAAA3A4F9FEF7F0E5E2EBECB7
:10F16000C1C6CFC8DDDAD3D4696E676075727B7CA7
:10F1700051565F584D4A4344191E171005020B0C97
:10F1800021262F283D3A33344E49404752555C5B87
:10F190007671787F6A6D64633E39303722252C2B77
:10F1A0000601080F1A1D1413AEA9A0A7B2B5BCBB67
:10F1B0009691989F8A8D8483DED9D0D7C2C5CCCB57
:10F1C000E6E1E8EFFAFDF4F30002030201000000BB
:10F1D00055620300656203007562030000000000D1
:10F1E000A9990200A5990200719B02006B9B020085
:10F1F000749D0120319D01204000000001000000AD
:04F20000000000000A
:08F204003C2EFC7F010000001C
:10F20C000D21000010000000004002402401040009
:10F21C000040024024010400010000000300000033
:10F22C0000000000000000000600000001000000CB
:10F23C0000000000080000000000000000000000BA
:10F24C001D000000000000000000000000093D004F
:10F25C000300000002010000FFFFFFFF0020000080
:10F26C000010000044BC0300753B000000000000CF
:10F27C000000000000000000000000006D637073CF
:10F28C00383032313534000000000000000000003E
:10F29C00000000000000000000006D637073383047
:10F2AC00323135345F726567696F6E5F6662730009
:10F2BC0000000000000000006D63707338303231C4
:10F2CC0035345F726567696F6E5F666972610000E5
:10F2DC000000000000006D6370733830323135343B
:10F2EC005F726567696F6E5F6C6C645F636F6D6D89
:10F2FC006F6E00006D6370733830323135345F726D
:10F30C006567696F6E5F6C6C6464000000000000E0
:10F31C0000006D6370733830323135345F7265675D
:10F32C00696F6E5F6C6C646300000000000000008D
:10F33C006D6370733830323135345F726567696F65
:10F34C006E5F7063747400000000000000006D6359
:10F35C0070733830323135345F726567696F6E5F48
:10F36C007261646172000000000000006D637073D4
:10F37C003830323135345F726567696F6E5F636345
:10F38C00630000000000000000000000000000000E
:10F39C000000000040BE0300000000000000000060
:10F3AC008CBE0300000000000100000038C5030003
:10F3BC0000000000000000005FB200005BB2000023
:10F3CC00000000000000000000000000A5B30000D9
:10F3DC0015B30000D4010020D4010020DC01002072
:10F3EC00DC010020E4010020E4010020000000000A
:10F3FC000000000090C503000100000003CA0300D8
:10F40C0000000800080200007C020020D7B80300AE
:10F41C004000040000000000000000000ECA0300C1
:10F42C0044000100000000000000000026CA030098
:10F43C004500010000000000000000003ECA03006F
:10F44C004600010000000000000000007EB8030030
:10F45C004700010000000000000000004ECA03003D
:10F46C0048000100000000000000000058CA030022
:10F47C00490001000000000000000000F5B8030086
:10F48C0000000400000000000000000068CA030037
:10F49C00040004000000000000000000D4C90300B8
:10F4AC00000002000000000000000000E1C90300A1
:10F4BC00020002000000000000000000F6C903007A
:10F4CC000400010000000000000000006CC90300F3
:10F4DC0000000100000000000000000072C90300E1
:10F4EC000100020000000000000000008EC70300B5
:10F4FC0004000600020300009C0200208EC70300DB
:10F50C0000004C0002080000FC010020B8B8030009
:10F51C00980001000000000000000000C9B80300C2
:10F52C009900010000000000000000007DC90300EC
:10F53C009A000100000000000000000089C90300CF
:10F54C009B00010000000000000000008EC90300B9
:10F55C009C000100000000000000000037C90300FF
:10F56C0000000300000000000000000040C9030080
:10F57C000300010000000000000000004DC9030062
:10F58C0004000100000000000000000059C9030045
:10F59C00050001000000000000000000A2B80300FC
:10F5AC00060001000000000000000000AFC90300CD
:10F5BC00000001000000000000000000C2C90300B0
:10F5CC0001000100000000000000000092C90300CF
:10F5DC0000007C00000000000000000098C903003F
:10F5EC00000003000000000000000000A1C903009F
:10F5FC0004000200000000000000000000F0070002
:10F60C0000E00700000000000080FFFFFFFFFFFF8D
:10F61C0000800000000000000080FFFFFFFFFFFFE4
:10F62C00008000000000000000000000000000004E
:10F63C00FFFF0000000000000900000000000000B7
:10F64C00200000000000000000000000000000008E
:10F65C0000D9030054C303000000000000000000A8
:10F66C00BD390100B93901000000000000000000A4
:10F67C0000000000753901000000000034D90300BF
:10F68C000000000000000000BD390100B939010084
:10F69C0000000000000000000000000075390100AF
:10F6AC00000000000000000058D903000100000019
:10F6BC00000000000000000088D9030003000000D7
:10F6CC00000000000000000060D9030005000000ED
:10F6DC00000000000000000000DA03000100000040
:10F6EC00000000000000000008DA03000600000023
:10F6FC00000000000000000038DA030006000000E3
:10F70C0000000000FD8A0100BD8A01007D8A010015
:10F71C00398A01000001FFFFFFFFFF0401FFFFFF1B
:10F72C00FFFF0201FFFFFFFFFF0301FFFFFFFFFFD2
:10F73C000001FFFFFFFFFF0401FFFFFFFFFF0201BE
:10F74C00FFFFFFFFFF0301FFFFFFFFFF02000000B1
:10F75C0000000000CF9C0100FD980100000000009B
:10F76C00000000000000000004DB030001000000AA
:10F77C00000000000000000054DB03000200000049
:10F78C00000000000000000064DB03000700000024
:10F79C000000000000000000A0E0030002000000D8
:10F7AC000000000000000000B0E0030008000000B2
:10F7BC0000000000000000002CE10300010000002C
:10F7CC00000000000000000034E103000100000014
:10F7DC000000000019FC0100E1FB0100C5FB010069
:10F7EC00E5FB0100D4050020EC0500200000000022
:10F7FC0098E30300B8E3030078E303000000000083
:10F80C0000000000000000000000000000000000EC
:10F81C0000000000000000000000000000000000DC
:10F82C0000000000000000000000000000000000CC
:10F83C0000000000000000000000000000000000BC
:10F84C000000000000000000000000004300000069
:10F85C00000000000000000000000000000000009C
:10F86C000000000000000000000000004300000049
:10F87C00000000000000000000000000000000007C
:10F88C000000000000000000000000004300000029
:10F89C00000000000000000000000000000000005C
:10F8AC000000000000000000000000004300000009
:10F8BC00000000000000000000000000000000003C
:10F8CC0000000000000000000000000043000000E9
:10F8DC00000000000000000000000000000000001C
:10F8EC0000000000000000000000000043000000C9
:10F8FC0000000000000000000000000000000000FC
:10F90C0000000000000000000000000043000000A8
:10F91C0000000000000000000000000000000000DB
:10F92C00000000000000000000000000652A02003A
:10F93C00F529020000000000C1E103005AE50300B4
:10F94C0077E1030077E1030077E1030077E103003F
:10F95C0077E1030077E1030077E1030077E103002F
:10F96C0077E10300FFFFFFFFFFFFFFFFFFFFFFFF3C
:10F97C00FFFF000001004153434949000000000013
:10F98C00000000000000000000000000000000006B
:10F99C0000000000000041534349490000000000F2
:10F9AC00000000000000000000000000000000004B
:10F9BC00000000000000000068EE030003000000DF
:10F9CC000000000000000000060000000100000024
:10F9DC000000000008000000000000000000000013
:10F9EC001D000000000000000000000000093D00A8
:10F9FC000300000002010000A1350200A335020043
:10FA0C00000000000020004000000000002000402A
:10FA1C00000000000100000000000000997B0200C3
:10FA2C000090D0036DFE010025B50300811E02007D
:08FA3C0025200000012000005C
:10FA440000000000000000000000000000000000B2
:10FA540000000000000000000000000000000000A2
:10FA64000000000000000000000000000000000092
:10FA74000000000000000000000000000002000080
:04000003200094C184
:00000001FF
